date,source_type,secucode,name,entry_price,fixed5_status,fixed5_date,fixed5_return,ma5_status,ma5_date,ma5_return,ma5_reason,source_dir,note,one_lot_cost,lots_3w,capital_3w,can_buy_3w,lots_4w,capital_4w,can_buy_4w,budget,rule,rule_label,action,capital_used,lots,exit_date,status,held_sessions,return,pnl,pnl_type,exit_reason
2026-06-01,proxy_fill,688396.SH,华润微,65.549,closed,2026-06-08,-0.04737240385055456,closed,2026-06-08,-0.04737240385055456,day5_net_return_not_positive,/Users/weifeng/works/finance_lab/reports/automation_5_14_50/full_proxy_rank1_ma5_recent_month_20260701_175222,缺真实14:50保存报告；用历史日线代理回测补齐,6554.9,4,26219.6,yes,6,39329.4,yes,30000,fixed5,固定5日卖,buy,26219.6,4,2026-06-08,closed,5,-0.04737240385055456,-1242.0854800000002,realized,fixed_day5
2026-06-01,proxy_fill,688396.SH,华润微,65.549,closed,2026-06-08,-0.04737240385055456,closed,2026-06-08,-0.04737240385055456,day5_net_return_not_positive,/Users/weifeng/works/finance_lab/reports/automation_5_14_50/full_proxy_rank1_ma5_recent_month_20260701_175222,缺真实14:50保存报告；用历史日线代理回测补齐,6554.9,4,26219.6,yes,6,39329.4,yes,40000,fixed5,固定5日卖,buy,39329.4,6,2026-06-08,closed,5,-0.04737240385055456,-1863.1282200000005,realized,fixed_day5
2026-06-01,proxy_fill,688396.SH,华润微,65.549,closed,2026-06-08,-0.04737240385055456,closed,2026-06-08,-0.04737240385055456,day5_net_return_not_positive,/Users/weifeng/works/finance_lab/reports/automation_5_14_50/full_proxy_rank1_ma5_recent_month_20260701_175222,缺真实14:50保存报告；用历史日线代理回测补齐,6554.9,4,26219.6,yes,6,39329.4,yes,30000,ma5_current,当前MA5,buy,26219.6,4,2026-06-08,closed,5,-0.04737240385055456,-1242.0854800000002,realized,day5_net_return_not_positive
2026-06-01,proxy_fill,688396.SH,华润微,65.549,closed,2026-06-08,-0.04737240385055456,closed,2026-06-08,-0.04737240385055456,day5_net_return_not_positive,/Users/weifeng/works/finance_lab/reports/automation_5_14_50/full_proxy_rank1_ma5_recent_month_20260701_175222,缺真实14:50保存报告；用历史日线代理回测补齐,6554.9,4,26219.6,yes,6,39329.4,yes,40000,ma5_current,当前MA5,buy,39329.4,6,2026-06-08,closed,5,-0.04737240385055456,-1863.1282200000005,realized,day5_net_return_not_positive
2026-06-01,proxy_fill,688396.SH,华润微,65.549,closed,2026-06-08,-0.04737240385055456,closed,2026-06-08,-0.04737240385055456,day5_net_return_not_positive,/Users/weifeng/works/finance_lab/reports/automation_5_14_50/full_proxy_rank1_ma5_recent_month_20260701_175222,缺真实14:50保存报告；用历史日线代理回测补齐,6554.9,4,26219.6,yes,6,39329.4,yes,30000,take8_extend3,第5日>=8%止盈；小盈利延长最多3天,buy,26219.6,4,2026-06-08,closed,5,-0.04737240385055456,-1242.0854800000002,realized,day5_net_return_not_positive
2026-06-01,proxy_fill,688396.SH,华润微,65.549,closed,2026-06-08,-0.04737240385055456,closed,2026-06-08,-0.04737240385055456,day5_net_return_not_positive,/Users/weifeng/works/finance_lab/reports/automation_5_14_50/full_proxy_rank1_ma5_recent_month_20260701_175222,缺真实14:50保存报告；用历史日线代理回测补齐,6554.9,4,26219.6,yes,6,39329.4,yes,40000,take8_extend3,第5日>=8%止盈；小盈利延长最多3天,buy,39329.4,6,2026-06-08,closed,5,-0.04737240385055456,-1863.1282200000005,realized,day5_net_return_not_positive
2026-06-01,proxy_fill,688396.SH,华润微,65.549,closed,2026-06-08,-0.04737240385055456,closed,2026-06-08,-0.04737240385055456,day5_net_return_not_positive,/Users/weifeng/works/finance_lab/reports/automation_5_14_50/full_proxy_rank1_ma5_recent_month_20260701_175222,缺真实14:50保存报告；用历史日线代理回测补齐,6554.9,4,26219.6,yes,6,39329.4,yes,30000,take10_extend3,第5日>=10%止盈；小盈利延长最多3天,buy,26219.6,4,2026-06-08,closed,5,-0.04737240385055456,-1242.0854800000002,realized,day5_net_return_not_positive
2026-06-01,proxy_fill,688396.SH,华润微,65.549,closed,2026-06-08,-0.04737240385055456,closed,2026-06-08,-0.04737240385055456,day5_net_return_not_positive,/Users/weifeng/works/finance_lab/reports/automation_5_14_50/full_proxy_rank1_ma5_recent_month_20260701_175222,缺真实14:50保存报告；用历史日线代理回测补齐,6554.9,4,26219.6,yes,6,39329.4,yes,40000,take10_extend3,第5日>=10%止盈；小盈利延长最多3天,buy,39329.4,6,2026-06-08,closed,5,-0.04737240385055456,-1863.1282200000005,realized,day5_net_return_not_positive
2026-06-01,proxy_fill,688396.SH,华润微,65.549,closed,2026-06-08,-0.04737240385055456,closed,2026-06-08,-0.04737240385055456,day5_net_return_not_positive,/Users/weifeng/works/finance_lab/reports/automation_5_14_50/full_proxy_rank1_ma5_recent_month_20260701_175222,缺真实14:50保存报告；用历史日线代理回测补齐,6554.9,4,26219.6,yes,6,39329.4,yes,30000,take8_extend2,第5日>=8%止盈；小盈利延长最多2天,buy,26219.6,4,2026-06-08,closed,5,-0.04737240385055456,-1242.0854800000002,realized,day5_net_return_not_positive
2026-06-01,proxy_fill,688396.SH,华润微,65.549,closed,2026-06-08,-0.04737240385055456,closed,2026-06-08,-0.04737240385055456,day5_net_return_not_positive,/Users/weifeng/works/finance_lab/reports/automation_5_14_50/full_proxy_rank1_ma5_recent_month_20260701_175222,缺真实14:50保存报告；用历史日线代理回测补齐,6554.9,4,26219.6,yes,6,39329.4,yes,40000,take8_extend2,第5日>=8%止盈；小盈利延长最多2天,buy,39329.4,6,2026-06-08,closed,5,-0.04737240385055456,-1863.1282200000005,realized,day5_net_return_not_positive
2026-06-01,proxy_fill,688396.SH,华润微,65.549,closed,2026-06-08,-0.04737240385055456,closed,2026-06-08,-0.04737240385055456,day5_net_return_not_positive,/Users/weifeng/works/finance_lab/reports/automation_5_14_50/full_proxy_rank1_ma5_recent_month_20260701_175222,缺真实14:50保存报告；用历史日线代理回测补齐,6554.9,4,26219.6,yes,6,39329.4,yes,30000,early3_take8_extend3,提前风控(-3%且破MA5)+8%止盈+延3天,buy,26219.6,4,2026-06-08,closed,5,-0.04737240385055456,-1242.0854800000002,realized,day5_net_return_not_positive
2026-06-01,proxy_fill,688396.SH,华润微,65.549,closed,2026-06-08,-0.04737240385055456,closed,2026-06-08,-0.04737240385055456,day5_net_return_not_positive,/Users/weifeng/works/finance_lab/reports/automation_5_14_50/full_proxy_rank1_ma5_recent_month_20260701_175222,缺真实14:50保存报告；用历史日线代理回测补齐,6554.9,4,26219.6,yes,6,39329.4,yes,40000,early3_take8_extend3,提前风控(-3%且破MA5)+8%止盈+延3天,buy,39329.4,6,2026-06-08,closed,5,-0.04737240385055456,-1863.1282200000005,realized,day5_net_return_not_positive
2026-06-01,proxy_fill,688396.SH,华润微,65.549,closed,2026-06-08,-0.04737240385055456,closed,2026-06-08,-0.04737240385055456,day5_net_return_not_positive,/Users/weifeng/works/finance_lab/reports/automation_5_14_50/full_proxy_rank1_ma5_recent_month_20260701_175222,缺真实14:50保存报告；用历史日线代理回测补齐,6554.9,4,26219.6,yes,6,39329.4,yes,30000,early5_take8_extend3,提前风控(-5%)+8%止盈+延3天,buy,26219.6,4,2026-06-08,closed,5,-0.04737240385055456,-1242.0854800000002,realized,day5_net_return_not_positive
2026-06-01,proxy_fill,688396.SH,华润微,65.549,closed,2026-06-08,-0.04737240385055456,closed,2026-06-08,-0.04737240385055456,day5_net_return_not_positive,/Users/weifeng/works/finance_lab/reports/automation_5_14_50/full_proxy_rank1_ma5_recent_month_20260701_175222,缺真实14:50保存报告；用历史日线代理回测补齐,6554.9,4,26219.6,yes,6,39329.4,yes,40000,early5_take8_extend3,提前风控(-5%)+8%止盈+延3天,buy,39329.4,6,2026-06-08,closed,5,-0.04737240385055456,-1863.1282200000005,realized,day5_net_return_not_positive
2026-06-02,proxy_fill,688525.SH,佰维存储,303.186,closed,2026-06-09,0.004472034328761944,closed,2026-06-09,0.004472034328761944,close_below_ma5,/Users/weifeng/works/finance_lab/reports/automation_5_14_50/full_proxy_rank1_ma5_recent_month_20260701_175222,缺真实14:50保存报告；用历史日线代理回测补齐,30318.6,0,0.0,no,1,30318.6,yes,30000,fixed5,固定5日卖,skip,0.0,0,,skipped,,0.0,0.0,skip,one_lot_cost_gt_budget
2026-06-02,proxy_fill,688525.SH,佰维存储,303.186,closed,2026-06-09,0.004472034328761944,closed,2026-06-09,0.004472034328761944,close_below_ma5,/Users/weifeng/works/finance_lab/reports/automation_5_14_50/full_proxy_rank1_ma5_recent_month_20260701_175222,缺真实14:50保存报告；用历史日线代理回测补齐,30318.6,0,0.0,no,1,30318.6,yes,40000,fixed5,固定5日卖,buy,30318.6,1,2026-06-09,closed,5,0.004472034328761944,135.58582000000186,realized,fixed_day5
2026-06-02,proxy_fill,688525.SH,佰维存储,303.186,closed,2026-06-09,0.004472034328761944,closed,2026-06-09,0.004472034328761944,close_below_ma5,/Users/weifeng/works/finance_lab/reports/automation_5_14_50/full_proxy_rank1_ma5_recent_month_20260701_175222,缺真实14:50保存报告；用历史日线代理回测补齐,30318.6,0,0.0,no,1,30318.6,yes,30000,ma5_current,当前MA5,skip,0.0,0,,skipped,,0.0,0.0,skip,one_lot_cost_gt_budget
2026-06-02,proxy_fill,688525.SH,佰维存储,303.186,closed,2026-06-09,0.004472034328761944,closed,2026-06-09,0.004472034328761944,close_below_ma5,/Users/weifeng/works/finance_lab/reports/automation_5_14_50/full_proxy_rank1_ma5_recent_month_20260701_175222,缺真实14:50保存报告；用历史日线代理回测补齐,30318.6,0,0.0,no,1,30318.6,yes,40000,ma5_current,当前MA5,buy,30318.6,1,2026-06-09,closed,5,0.004472034328761944,135.58582000000186,realized,close_below_ma5
2026-06-02,proxy_fill,688525.SH,佰维存储,303.186,closed,2026-06-09,0.004472034328761944,closed,2026-06-09,0.004472034328761944,close_below_ma5,/Users/weifeng/works/finance_lab/reports/automation_5_14_50/full_proxy_rank1_ma5_recent_month_20260701_175222,缺真实14:50保存报告；用历史日线代理回测补齐,30318.6,0,0.0,no,1,30318.6,yes,30000,take8_extend3,第5日>=8%止盈；小盈利延长最多3天,skip,0.0,0,,skipped,,0.0,0.0,skip,one_lot_cost_gt_budget
2026-06-02,proxy_fill,688525.SH,佰维存储,303.186,closed,2026-06-09,0.004472034328761944,closed,2026-06-09,0.004472034328761944,close_below_ma5,/Users/weifeng/works/finance_lab/reports/automation_5_14_50/full_proxy_rank1_ma5_recent_month_20260701_175222,缺真实14:50保存报告；用历史日线代理回测补齐,30318.6,0,0.0,no,1,30318.6,yes,40000,take8_extend3,第5日>=8%止盈；小盈利延长最多3天,buy,30318.6,1,2026-06-09,closed,5,0.004472034328761944,135.58582000000186,realized,close_below_ma5
2026-06-02,proxy_fill,688525.SH,佰维存储,303.186,closed,2026-06-09,0.004472034328761944,closed,2026-06-09,0.004472034328761944,close_below_ma5,/Users/weifeng/works/finance_lab/reports/automation_5_14_50/full_proxy_rank1_ma5_recent_month_20260701_175222,缺真实14:50保存报告；用历史日线代理回测补齐,30318.6,0,0.0,no,1,30318.6,yes,30000,take10_extend3,第5日>=10%止盈；小盈利延长最多3天,skip,0.0,0,,skipped,,0.0,0.0,skip,one_lot_cost_gt_budget
2026-06-02,proxy_fill,688525.SH,佰维存储,303.186,closed,2026-06-09,0.004472034328761944,closed,2026-06-09,0.004472034328761944,close_below_ma5,/Users/weifeng/works/finance_lab/reports/automation_5_14_50/full_proxy_rank1_ma5_recent_month_20260701_175222,缺真实14:50保存报告；用历史日线代理回测补齐,30318.6,0,0.0,no,1,30318.6,yes,40000,take10_extend3,第5日>=10%止盈；小盈利延长最多3天,buy,30318.6,1,2026-06-09,closed,5,0.004472034328761944,135.58582000000186,realized,close_below_ma5
2026-06-02,proxy_fill,688525.SH,佰维存储,303.186,closed,2026-06-09,0.004472034328761944,closed,2026-06-09,0.004472034328761944,close_below_ma5,/Users/weifeng/works/finance_lab/reports/automation_5_14_50/full_proxy_rank1_ma5_recent_month_20260701_175222,缺真实14:50保存报告；用历史日线代理回测补齐,30318.6,0,0.0,no,1,30318.6,yes,30000,take8_extend2,第5日>=8%止盈；小盈利延长最多2天,skip,0.0,0,,skipped,,0.0,0.0,skip,one_lot_cost_gt_budget
2026-06-02,proxy_fill,688525.SH,佰维存储,303.186,closed,2026-06-09,0.004472034328761944,closed,2026-06-09,0.004472034328761944,close_below_ma5,/Users/weifeng/works/finance_lab/reports/automation_5_14_50/full_proxy_rank1_ma5_recent_month_20260701_175222,缺真实14:50保存报告；用历史日线代理回测补齐,30318.6,0,0.0,no,1,30318.6,yes,40000,take8_extend2,第5日>=8%止盈；小盈利延长最多2天,buy,30318.6,1,2026-06-09,closed,5,0.004472034328761944,135.58582000000186,realized,close_below_ma5
2026-06-02,proxy_fill,688525.SH,佰维存储,303.186,closed,2026-06-09,0.004472034328761944,closed,2026-06-09,0.004472034328761944,close_below_ma5,/Users/weifeng/works/finance_lab/reports/automation_5_14_50/full_proxy_rank1_ma5_recent_month_20260701_175222,缺真实14:50保存报告；用历史日线代理回测补齐,30318.6,0,0.0,no,1,30318.6,yes,30000,early3_take8_extend3,提前风控(-3%且破MA5)+8%止盈+延3天,skip,0.0,0,,skipped,,0.0,0.0,skip,one_lot_cost_gt_budget
2026-06-02,proxy_fill,688525.SH,佰维存储,303.186,closed,2026-06-09,0.004472034328761944,closed,2026-06-09,0.004472034328761944,close_below_ma5,/Users/weifeng/works/finance_lab/reports/automation_5_14_50/full_proxy_rank1_ma5_recent_month_20260701_175222,缺真实14:50保存报告；用历史日线代理回测补齐,30318.6,0,0.0,no,1,30318.6,yes,40000,early3_take8_extend3,提前风控(-3%且破MA5)+8%止盈+延3天,buy,30318.6,1,2026-06-08,closed,4,-0.05044474942774394,-1529.4141799999975,realized,early_loss3_below_ma5
2026-06-02,proxy_fill,688525.SH,佰维存储,303.186,closed,2026-06-09,0.004472034328761944,closed,2026-06-09,0.004472034328761944,close_below_ma5,/Users/weifeng/works/finance_lab/reports/automation_5_14_50/full_proxy_rank1_ma5_recent_month_20260701_175222,缺真实14:50保存报告；用历史日线代理回测补齐,30318.6,0,0.0,no,1,30318.6,yes,30000,early5_take8_extend3,提前风控(-5%)+8%止盈+延3天,skip,0.0,0,,skipped,,0.0,0.0,skip,one_lot_cost_gt_budget
2026-06-02,proxy_fill,688525.SH,佰维存储,303.186,closed,2026-06-09,0.004472034328761944,closed,2026-06-09,0.004472034328761944,close_below_ma5,/Users/weifeng/works/finance_lab/reports/automation_5_14_50/full_proxy_rank1_ma5_recent_month_20260701_175222,缺真实14:50保存报告；用历史日线代理回测补齐,30318.6,0,0.0,no,1,30318.6,yes,40000,early5_take8_extend3,提前风控(-5%)+8%止盈+延3天,buy,30318.6,1,2026-06-08,closed,4,-0.05044474942774394,-1529.4141799999975,realized,early_loss5
2026-06-03,proxy_fill,688525.SH,佰维存储,313.786,closed,2026-06-10,0.00826065598847622,closed,2026-06-25,0.5293610237550433,max_hold_sessions,/Users/weifeng/works/finance_lab/reports/automation_5_14_50/full_proxy_rank1_ma5_recent_month_20260701_175222,缺真实14:50保存报告；用历史日线代理回测补齐,31378.6,0,0.0,no,1,31378.6,yes,30000,fixed5,固定5日卖,skip,0.0,0,,skipped,,0.0,0.0,skip,one_lot_cost_gt_budget
2026-06-03,proxy_fill,688525.SH,佰维存储,313.786,closed,2026-06-10,0.00826065598847622,closed,2026-06-25,0.5293610237550433,max_hold_sessions,/Users/weifeng/works/finance_lab/reports/automation_5_14_50/full_proxy_rank1_ma5_recent_month_20260701_175222,缺真实14:50保存报告；用历史日线代理回测补齐,31378.6,0,0.0,no,1,31378.6,yes,40000,fixed5,固定5日卖,buy,31378.6,1,2026-06-10,closed,5,0.00826065598847622,259.2078199999999,realized,fixed_day5
2026-06-03,proxy_fill,688525.SH,佰维存储,313.786,closed,2026-06-10,0.00826065598847622,closed,2026-06-25,0.5293610237550433,max_hold_sessions,/Users/weifeng/works/finance_lab/reports/automation_5_14_50/full_proxy_rank1_ma5_recent_month_20260701_175222,缺真实14:50保存报告；用历史日线代理回测补齐,31378.6,0,0.0,no,1,31378.6,yes,30000,ma5_current,当前MA5,skip,0.0,0,,skipped,,0.0,0.0,skip,one_lot_cost_gt_budget
2026-06-03,proxy_fill,688525.SH,佰维存储,313.786,closed,2026-06-10,0.00826065598847622,closed,2026-06-25,0.5293610237550433,max_hold_sessions,/Users/weifeng/works/finance_lab/reports/automation_5_14_50/full_proxy_rank1_ma5_recent_month_20260701_175222,缺真实14:50保存报告；用历史日线代理回测补齐,31378.6,0,0.0,no,1,31378.6,yes,40000,ma5_current,当前MA5,buy,31378.6,1,2026-06-25,closed,15,0.5293610237550433,16610.60782,realized,max_hold_15
2026-06-03,proxy_fill,688525.SH,佰维存储,313.786,closed,2026-06-10,0.00826065598847622,closed,2026-06-25,0.5293610237550433,max_hold_sessions,/Users/weifeng/works/finance_lab/reports/automation_5_14_50/full_proxy_rank1_ma5_recent_month_20260701_175222,缺真实14:50保存报告；用历史日线代理回测补齐,31378.6,0,0.0,no,1,31378.6,yes,30000,take8_extend3,第5日>=8%止盈；小盈利延长最多3天,skip,0.0,0,,skipped,,0.0,0.0,skip,one_lot_cost_gt_budget
2026-06-03,proxy_fill,688525.SH,佰维存储,313.786,closed,2026-06-10,0.00826065598847622,closed,2026-06-25,0.5293610237550433,max_hold_sessions,/Users/weifeng/works/finance_lab/reports/automation_5_14_50/full_proxy_rank1_ma5_recent_month_20260701_175222,缺真实14:50保存报告；用历史日线代理回测补齐,31378.6,0,0.0,no,1,31378.6,yes,40000,take8_extend3,第5日>=8%止盈；小盈利延长最多3天,buy,31378.6,1,2026-06-15,closed,8,0.0814315431536142,2555.2078199999983,realized,max_hold_8
2026-06-03,proxy_fill,688525.SH,佰维存储,313.786,closed,2026-06-10,0.00826065598847622,closed,2026-06-25,0.5293610237550433,max_hold_sessions,/Users/weifeng/works/finance_lab/reports/automation_5_14_50/full_proxy_rank1_ma5_recent_month_20260701_175222,缺真实14:50保存报告；用历史日线代理回测补齐,31378.6,0,0.0,no,1,31378.6,yes,30000,take10_extend3,第5日>=10%止盈；小盈利延长最多3天,skip,0.0,0,,skipped,,0.0,0.0,skip,one_lot_cost_gt_budget
2026-06-03,proxy_fill,688525.SH,佰维存储,313.786,closed,2026-06-10,0.00826065598847622,closed,2026-06-25,0.5293610237550433,max_hold_sessions,/Users/weifeng/works/finance_lab/reports/automation_5_14_50/full_proxy_rank1_ma5_recent_month_20260701_175222,缺真实14:50保存报告；用历史日线代理回测补齐,31378.6,0,0.0,no,1,31378.6,yes,40000,take10_extend3,第5日>=10%止盈；小盈利延长最多3天,buy,31378.6,1,2026-06-15,closed,8,0.0814315431536142,2555.2078199999983,realized,max_hold_8
2026-06-03,proxy_fill,688525.SH,佰维存储,313.786,closed,2026-06-10,0.00826065598847622,closed,2026-06-25,0.5293610237550433,max_hold_sessions,/Users/weifeng/works/finance_lab/reports/automation_5_14_50/full_proxy_rank1_ma5_recent_month_20260701_175222,缺真实14:50保存报告；用历史日线代理回测补齐,31378.6,0,0.0,no,1,31378.6,yes,30000,take8_extend2,第5日>=8%止盈；小盈利延长最多2天,skip,0.0,0,,skipped,,0.0,0.0,skip,one_lot_cost_gt_budget
2026-06-03,proxy_fill,688525.SH,佰维存储,313.786,closed,2026-06-10,0.00826065598847622,closed,2026-06-25,0.5293610237550433,max_hold_sessions,/Users/weifeng/works/finance_lab/reports/automation_5_14_50/full_proxy_rank1_ma5_recent_month_20260701_175222,缺真实14:50保存报告；用历史日线代理回测补齐,31378.6,0,0.0,no,1,31378.6,yes,40000,take8_extend2,第5日>=8%止盈；小盈利延长最多2天,buy,31378.6,1,2026-06-12,closed,7,0.042997706079939656,1349.2078199999944,realized,max_hold_7
2026-06-03,proxy_fill,688525.SH,佰维存储,313.786,closed,2026-06-10,0.00826065598847622,closed,2026-06-25,0.5293610237550433,max_hold_sessions,/Users/weifeng/works/finance_lab/reports/automation_5_14_50/full_proxy_rank1_ma5_recent_month_20260701_175222,缺真实14:50保存报告；用历史日线代理回测补齐,31378.6,0,0.0,no,1,31378.6,yes,30000,early3_take8_extend3,提前风控(-3%且破MA5)+8%止盈+延3天,skip,0.0,0,,skipped,,0.0,0.0,skip,one_lot_cost_gt_budget
2026-06-03,proxy_fill,688525.SH,佰维存储,313.786,closed,2026-06-10,0.00826065598847622,closed,2026-06-25,0.5293610237550433,max_hold_sessions,/Users/weifeng/works/finance_lab/reports/automation_5_14_50/full_proxy_rank1_ma5_recent_month_20260701_175222,缺真实14:50保存报告；用历史日线代理回测补齐,31378.6,0,0.0,no,1,31378.6,yes,40000,early3_take8_extend3,提前风控(-3%且破MA5)+8%止盈+延3天,buy,31378.6,1,2026-06-08,closed,3,-0.08256557590204786,-2590.7921799999986,realized,early_loss3_below_ma5
2026-06-03,proxy_fill,688525.SH,佰维存储,313.786,closed,2026-06-10,0.00826065598847622,closed,2026-06-25,0.5293610237550433,max_hold_sessions,/Users/weifeng/works/finance_lab/reports/automation_5_14_50/full_proxy_rank1_ma5_recent_month_20260701_175222,缺真实14:50保存报告；用历史日线代理回测补齐,31378.6,0,0.0,no,1,31378.6,yes,30000,early5_take8_extend3,提前风控(-5%)+8%止盈+延3天,skip,0.0,0,,skipped,,0.0,0.0,skip,one_lot_cost_gt_budget
2026-06-03,proxy_fill,688525.SH,佰维存储,313.786,closed,2026-06-10,0.00826065598847622,closed,2026-06-25,0.5293610237550433,max_hold_sessions,/Users/weifeng/works/finance_lab/reports/automation_5_14_50/full_proxy_rank1_ma5_recent_month_20260701_175222,缺真实14:50保存报告；用历史日线代理回测补齐,31378.6,0,0.0,no,1,31378.6,yes,40000,early5_take8_extend3,提前风控(-5%)+8%止盈+延3天,buy,31378.6,1,2026-06-08,closed,3,-0.08256557590204786,-2590.7921799999986,realized,early_loss5
2026-06-04,proxy_fill,688347.SH,华虹宏力,244.0,closed,2026-06-11,-0.09412786885245908,closed,2026-06-11,-0.09412786885245908,day5_net_return_not_positive,/Users/weifeng/works/finance_lab/reports/automation_5_14_50/full_proxy_rank1_ma5_recent_month_20260701_175222,缺真实14:50保存报告；用历史日线代理回测补齐,24400.0,1,24400.0,yes,1,24400.0,yes,30000,fixed5,固定5日卖,buy,24400.0,1,2026-06-11,closed,5,-0.09412786885245908,-2296.7200000000016,realized,fixed_day5
2026-06-04,proxy_fill,688347.SH,华虹宏力,244.0,closed,2026-06-11,-0.09412786885245908,closed,2026-06-11,-0.09412786885245908,day5_net_return_not_positive,/Users/weifeng/works/finance_lab/reports/automation_5_14_50/full_proxy_rank1_ma5_recent_month_20260701_175222,缺真实14:50保存报告；用历史日线代理回测补齐,24400.0,1,24400.0,yes,1,24400.0,yes,40000,fixed5,固定5日卖,buy,24400.0,1,2026-06-11,closed,5,-0.09412786885245908,-2296.7200000000016,realized,fixed_day5
2026-06-04,proxy_fill,688347.SH,华虹宏力,244.0,closed,2026-06-11,-0.09412786885245908,closed,2026-06-11,-0.09412786885245908,day5_net_return_not_positive,/Users/weifeng/works/finance_lab/reports/automation_5_14_50/full_proxy_rank1_ma5_recent_month_20260701_175222,缺真实14:50保存报告；用历史日线代理回测补齐,24400.0,1,24400.0,yes,1,24400.0,yes,30000,ma5_current,当前MA5,buy,24400.0,1,2026-06-11,closed,5,-0.09412786885245908,-2296.7200000000016,realized,day5_net_return_not_positive
2026-06-04,proxy_fill,688347.SH,华虹宏力,244.0,closed,2026-06-11,-0.09412786885245908,closed,2026-06-11,-0.09412786885245908,day5_net_return_not_positive,/Users/weifeng/works/finance_lab/reports/automation_5_14_50/full_proxy_rank1_ma5_recent_month_20260701_175222,缺真实14:50保存报告；用历史日线代理回测补齐,24400.0,1,24400.0,yes,1,24400.0,yes,40000,ma5_current,当前MA5,buy,24400.0,1,2026-06-11,closed,5,-0.09412786885245908,-2296.7200000000016,realized,day5_net_return_not_positive
2026-06-04,proxy_fill,688347.SH,华虹宏力,244.0,closed,2026-06-11,-0.09412786885245908,closed,2026-06-11,-0.09412786885245908,day5_net_return_not_positive,/Users/weifeng/works/finance_lab/reports/automation_5_14_50/full_proxy_rank1_ma5_recent_month_20260701_175222,缺真实14:50保存报告；用历史日线代理回测补齐,24400.0,1,24400.0,yes,1,24400.0,yes,30000,take8_extend3,第5日>=8%止盈；小盈利延长最多3天,buy,24400.0,1,2026-06-11,closed,5,-0.09412786885245908,-2296.7200000000016,realized,day5_net_return_not_positive
2026-06-04,proxy_fill,688347.SH,华虹宏力,244.0,closed,2026-06-11,-0.09412786885245908,closed,2026-06-11,-0.09412786885245908,day5_net_return_not_positive,/Users/weifeng/works/finance_lab/reports/automation_5_14_50/full_proxy_rank1_ma5_recent_month_20260701_175222,缺真实14:50保存报告；用历史日线代理回测补齐,24400.0,1,24400.0,yes,1,24400.0,yes,40000,take8_extend3,第5日>=8%止盈；小盈利延长最多3天,buy,24400.0,1,2026-06-11,closed,5,-0.09412786885245908,-2296.7200000000016,realized,day5_net_return_not_positive
2026-06-04,proxy_fill,688347.SH,华虹宏力,244.0,closed,2026-06-11,-0.09412786885245908,closed,2026-06-11,-0.09412786885245908,day5_net_return_not_positive,/Users/weifeng/works/finance_lab/reports/automation_5_14_50/full_proxy_rank1_ma5_recent_month_20260701_175222,缺真实14:50保存报告；用历史日线代理回测补齐,24400.0,1,24400.0,yes,1,24400.0,yes,30000,take10_extend3,第5日>=10%止盈；小盈利延长最多3天,buy,24400.0,1,2026-06-11,closed,5,-0.09412786885245908,-2296.7200000000016,realized,day5_net_return_not_positive
2026-06-04,proxy_fill,688347.SH,华虹宏力,244.0,closed,2026-06-11,-0.09412786885245908,closed,2026-06-11,-0.09412786885245908,day5_net_return_not_positive,/Users/weifeng/works/finance_lab/reports/automation_5_14_50/full_proxy_rank1_ma5_recent_month_20260701_175222,缺真实14:50保存报告；用历史日线代理回测补齐,24400.0,1,24400.0,yes,1,24400.0,yes,40000,take10_extend3,第5日>=10%止盈；小盈利延长最多3天,buy,24400.0,1,2026-06-11,closed,5,-0.09412786885245908,-2296.7200000000016,realized,day5_net_return_not_positive
2026-06-04,proxy_fill,688347.SH,华虹宏力,244.0,closed,2026-06-11,-0.09412786885245908,closed,2026-06-11,-0.09412786885245908,day5_net_return_not_positive,/Users/weifeng/works/finance_lab/reports/automation_5_14_50/full_proxy_rank1_ma5_recent_month_20260701_175222,缺真实14:50保存报告；用历史日线代理回测补齐,24400.0,1,24400.0,yes,1,24400.0,yes,30000,take8_extend2,第5日>=8%止盈；小盈利延长最多2天,buy,24400.0,1,2026-06-11,closed,5,-0.09412786885245908,-2296.7200000000016,realized,day5_net_return_not_positive
2026-06-04,proxy_fill,688347.SH,华虹宏力,244.0,closed,2026-06-11,-0.09412786885245908,closed,2026-06-11,-0.09412786885245908,day5_net_return_not_positive,/Users/weifeng/works/finance_lab/reports/automation_5_14_50/full_proxy_rank1_ma5_recent_month_20260701_175222,缺真实14:50保存报告；用历史日线代理回测补齐,24400.0,1,24400.0,yes,1,24400.0,yes,40000,take8_extend2,第5日>=8%止盈；小盈利延长最多2天,buy,24400.0,1,2026-06-11,closed,5,-0.09412786885245908,-2296.7200000000016,realized,day5_net_return_not_positive
2026-06-04,proxy_fill,688347.SH,华虹宏力,244.0,closed,2026-06-11,-0.09412786885245908,closed,2026-06-11,-0.09412786885245908,day5_net_return_not_positive,/Users/weifeng/works/finance_lab/reports/automation_5_14_50/full_proxy_rank1_ma5_recent_month_20260701_175222,缺真实14:50保存报告；用历史日线代理回测补齐,24400.0,1,24400.0,yes,1,24400.0,yes,30000,early3_take8_extend3,提前风控(-3%且破MA5)+8%止盈+延3天,buy,24400.0,1,2026-06-08,closed,2,-0.1250704918032786,-3051.7199999999975,realized,early_loss3_below_ma5
2026-06-04,proxy_fill,688347.SH,华虹宏力,244.0,closed,2026-06-11,-0.09412786885245908,closed,2026-06-11,-0.09412786885245908,day5_net_return_not_positive,/Users/weifeng/works/finance_lab/reports/automation_5_14_50/full_proxy_rank1_ma5_recent_month_20260701_175222,缺真实14:50保存报告；用历史日线代理回测补齐,24400.0,1,24400.0,yes,1,24400.0,yes,40000,early3_take8_extend3,提前风控(-3%且破MA5)+8%止盈+延3天,buy,24400.0,1,2026-06-08,closed,2,-0.1250704918032786,-3051.7199999999975,realized,early_loss3_below_ma5
2026-06-04,proxy_fill,688347.SH,华虹宏力,244.0,closed,2026-06-11,-0.09412786885245908,closed,2026-06-11,-0.09412786885245908,day5_net_return_not_positive,/Users/weifeng/works/finance_lab/reports/automation_5_14_50/full_proxy_rank1_ma5_recent_month_20260701_175222,缺真实14:50保存报告；用历史日线代理回测补齐,24400.0,1,24400.0,yes,1,24400.0,yes,30000,early5_take8_extend3,提前风控(-5%)+8%止盈+延3天,buy,24400.0,1,2026-06-08,closed,2,-0.1250704918032786,-3051.7199999999975,realized,early_loss5
2026-06-04,proxy_fill,688347.SH,华虹宏力,244.0,closed,2026-06-11,-0.09412786885245908,closed,2026-06-11,-0.09412786885245908,day5_net_return_not_positive,/Users/weifeng/works/finance_lab/reports/automation_5_14_50/full_proxy_rank1_ma5_recent_month_20260701_175222,缺真实14:50保存报告；用历史日线代理回测补齐,24400.0,1,24400.0,yes,1,24400.0,yes,40000,early5_take8_extend3,提前风控(-5%)+8%止盈+延3天,buy,24400.0,1,2026-06-08,closed,2,-0.1250704918032786,-3051.7199999999975,realized,early_loss5
2026-06-05,proxy_fill,688102.SH,斯瑞新材,37.59,closed,2026-06-12,0.10511127959563712,closed,2026-06-16,0.056162090981643896,close_below_ma5,/Users/weifeng/works/finance_lab/reports/automation_5_14_50/full_proxy_rank1_ma5_recent_month_20260701_175222,缺真实14:50保存报告；用历史日线代理回测补齐,3759.0,7,26313.0,yes,10,37590.0,yes,30000,fixed5,固定5日卖,buy,26313.0,7,2026-06-12,closed,5,0.10511127959563712,2765.7931,realized,fixed_day5
2026-06-05,proxy_fill,688102.SH,斯瑞新材,37.59,closed,2026-06-12,0.10511127959563712,closed,2026-06-16,0.056162090981643896,close_below_ma5,/Users/weifeng/works/finance_lab/reports/automation_5_14_50/full_proxy_rank1_ma5_recent_month_20260701_175222,缺真实14:50保存报告；用历史日线代理回测补齐,3759.0,7,26313.0,yes,10,37590.0,yes,40000,fixed5,固定5日卖,buy,37590.0,10,2026-06-12,closed,5,0.10511127959563712,3951.1329999999994,realized,fixed_day5
2026-06-05,proxy_fill,688102.SH,斯瑞新材,37.59,closed,2026-06-12,0.10511127959563712,closed,2026-06-16,0.056162090981643896,close_below_ma5,/Users/weifeng/works/finance_lab/reports/automation_5_14_50/full_proxy_rank1_ma5_recent_month_20260701_175222,缺真实14:50保存报告；用历史日线代理回测补齐,3759.0,7,26313.0,yes,10,37590.0,yes,30000,ma5_current,当前MA5,buy,26313.0,7,2026-06-16,closed,7,0.056162090981643896,1477.7930999999958,realized,close_below_ma5
2026-06-05,proxy_fill,688102.SH,斯瑞新材,37.59,closed,2026-06-12,0.10511127959563712,closed,2026-06-16,0.056162090981643896,close_below_ma5,/Users/weifeng/works/finance_lab/reports/automation_5_14_50/full_proxy_rank1_ma5_recent_month_20260701_175222,缺真实14:50保存报告；用历史日线代理回测补齐,3759.0,7,26313.0,yes,10,37590.0,yes,40000,ma5_current,当前MA5,buy,37590.0,10,2026-06-16,closed,7,0.056162090981643896,2111.132999999994,realized,close_below_ma5
2026-06-05,proxy_fill,688102.SH,斯瑞新材,37.59,closed,2026-06-12,0.10511127959563712,closed,2026-06-16,0.056162090981643896,close_below_ma5,/Users/weifeng/works/finance_lab/reports/automation_5_14_50/full_proxy_rank1_ma5_recent_month_20260701_175222,缺真实14:50保存报告；用历史日线代理回测补齐,3759.0,7,26313.0,yes,10,37590.0,yes,30000,take8_extend3,第5日>=8%止盈；小盈利延长最多3天,buy,26313.0,7,2026-06-12,closed,5,0.10511127959563712,2765.7931,realized,day5_take_profit_8
2026-06-05,proxy_fill,688102.SH,斯瑞新材,37.59,closed,2026-06-12,0.10511127959563712,closed,2026-06-16,0.056162090981643896,close_below_ma5,/Users/weifeng/works/finance_lab/reports/automation_5_14_50/full_proxy_rank1_ma5_recent_month_20260701_175222,缺真实14:50保存报告；用历史日线代理回测补齐,3759.0,7,26313.0,yes,10,37590.0,yes,40000,take8_extend3,第5日>=8%止盈；小盈利延长最多3天,buy,37590.0,10,2026-06-12,closed,5,0.10511127959563712,3951.1329999999994,realized,day5_take_profit_8
2026-06-05,proxy_fill,688102.SH,斯瑞新材,37.59,closed,2026-06-12,0.10511127959563712,closed,2026-06-16,0.056162090981643896,close_below_ma5,/Users/weifeng/works/finance_lab/reports/automation_5_14_50/full_proxy_rank1_ma5_recent_month_20260701_175222,缺真实14:50保存报告；用历史日线代理回测补齐,3759.0,7,26313.0,yes,10,37590.0,yes,30000,take10_extend3,第5日>=10%止盈；小盈利延长最多3天,buy,26313.0,7,2026-06-12,closed,5,0.10511127959563712,2765.7931,realized,day5_take_profit_10
2026-06-05,proxy_fill,688102.SH,斯瑞新材,37.59,closed,2026-06-12,0.10511127959563712,closed,2026-06-16,0.056162090981643896,close_below_ma5,/Users/weifeng/works/finance_lab/reports/automation_5_14_50/full_proxy_rank1_ma5_recent_month_20260701_175222,缺真实14:50保存报告；用历史日线代理回测补齐,3759.0,7,26313.0,yes,10,37590.0,yes,40000,take10_extend3,第5日>=10%止盈；小盈利延长最多3天,buy,37590.0,10,2026-06-12,closed,5,0.10511127959563712,3951.1329999999994,realized,day5_take_profit_10
2026-06-05,proxy_fill,688102.SH,斯瑞新材,37.59,closed,2026-06-12,0.10511127959563712,closed,2026-06-16,0.056162090981643896,close_below_ma5,/Users/weifeng/works/finance_lab/reports/automation_5_14_50/full_proxy_rank1_ma5_recent_month_20260701_175222,缺真实14:50保存报告；用历史日线代理回测补齐,3759.0,7,26313.0,yes,10,37590.0,yes,30000,take8_extend2,第5日>=8%止盈；小盈利延长最多2天,buy,26313.0,7,2026-06-12,closed,5,0.10511127959563712,2765.7931,realized,day5_take_profit_8
2026-06-05,proxy_fill,688102.SH,斯瑞新材,37.59,closed,2026-06-12,0.10511127959563712,closed,2026-06-16,0.056162090981643896,close_below_ma5,/Users/weifeng/works/finance_lab/reports/automation_5_14_50/full_proxy_rank1_ma5_recent_month_20260701_175222,缺真实14:50保存报告；用历史日线代理回测补齐,3759.0,7,26313.0,yes,10,37590.0,yes,40000,take8_extend2,第5日>=8%止盈；小盈利延长最多2天,buy,37590.0,10,2026-06-12,closed,5,0.10511127959563712,3951.1329999999994,realized,day5_take_profit_8
2026-06-05,proxy_fill,688102.SH,斯瑞新材,37.59,closed,2026-06-12,0.10511127959563712,closed,2026-06-16,0.056162090981643896,close_below_ma5,/Users/weifeng/works/finance_lab/reports/automation_5_14_50/full_proxy_rank1_ma5_recent_month_20260701_175222,缺真实14:50保存报告；用历史日线代理回测补齐,3759.0,7,26313.0,yes,10,37590.0,yes,30000,early3_take8_extend3,提前风控(-3%且破MA5)+8%止盈+延3天,buy,26313.0,7,2026-06-12,closed,5,0.10511127959563712,2765.7931,realized,day5_take_profit_8
2026-06-05,proxy_fill,688102.SH,斯瑞新材,37.59,closed,2026-06-12,0.10511127959563712,closed,2026-06-16,0.056162090981643896,close_below_ma5,/Users/weifeng/works/finance_lab/reports/automation_5_14_50/full_proxy_rank1_ma5_recent_month_20260701_175222,缺真实14:50保存报告；用历史日线代理回测补齐,3759.0,7,26313.0,yes,10,37590.0,yes,40000,early3_take8_extend3,提前风控(-3%且破MA5)+8%止盈+延3天,buy,37590.0,10,2026-06-12,closed,5,0.10511127959563712,3951.1329999999994,realized,day5_take_profit_8
2026-06-05,proxy_fill,688102.SH,斯瑞新材,37.59,closed,2026-06-12,0.10511127959563712,closed,2026-06-16,0.056162090981643896,close_below_ma5,/Users/weifeng/works/finance_lab/reports/automation_5_14_50/full_proxy_rank1_ma5_recent_month_20260701_175222,缺真实14:50保存报告；用历史日线代理回测补齐,3759.0,7,26313.0,yes,10,37590.0,yes,30000,early5_take8_extend3,提前风控(-5%)+8%止盈+延3天,buy,26313.0,7,2026-06-12,closed,5,0.10511127959563712,2765.7931,realized,day5_take_profit_8
2026-06-05,proxy_fill,688102.SH,斯瑞新材,37.59,closed,2026-06-12,0.10511127959563712,closed,2026-06-16,0.056162090981643896,close_below_ma5,/Users/weifeng/works/finance_lab/reports/automation_5_14_50/full_proxy_rank1_ma5_recent_month_20260701_175222,缺真实14:50保存报告；用历史日线代理回测补齐,3759.0,7,26313.0,yes,10,37590.0,yes,40000,early5_take8_extend3,提前风控(-5%)+8%止盈+延3天,buy,37590.0,10,2026-06-12,closed,5,0.10511127959563712,3951.1329999999994,realized,day5_take_profit_8
2026-06-08,proxy_fill,688017.SH,绿的谐波,428.25,closed,2026-06-15,-0.13120075890251018,closed,2026-06-15,-0.13120075890251018,day5_net_return_not_positive,/Users/weifeng/works/finance_lab/reports/automation_5_14_50/full_proxy_rank1_ma5_recent_month_20260701_175222,缺真实14:50保存报告；用历史日线代理回测补齐,42825.0,0,0.0,no,0,0.0,no,30000,fixed5,固定5日卖,skip,0.0,0,,skipped,,0.0,0.0,skip,one_lot_cost_gt_budget
2026-06-08,proxy_fill,688017.SH,绿的谐波,428.25,closed,2026-06-15,-0.13120075890251018,closed,2026-06-15,-0.13120075890251018,day5_net_return_not_positive,/Users/weifeng/works/finance_lab/reports/automation_5_14_50/full_proxy_rank1_ma5_recent_month_20260701_175222,缺真实14:50保存报告；用历史日线代理回测补齐,42825.0,0,0.0,no,0,0.0,no,40000,fixed5,固定5日卖,skip,0.0,0,,skipped,,0.0,0.0,skip,one_lot_cost_gt_budget
2026-06-08,proxy_fill,688017.SH,绿的谐波,428.25,closed,2026-06-15,-0.13120075890251018,closed,2026-06-15,-0.13120075890251018,day5_net_return_not_positive,/Users/weifeng/works/finance_lab/reports/automation_5_14_50/full_proxy_rank1_ma5_recent_month_20260701_175222,缺真实14:50保存报告；用历史日线代理回测补齐,42825.0,0,0.0,no,0,0.0,no,30000,ma5_current,当前MA5,skip,0.0,0,,skipped,,0.0,0.0,skip,one_lot_cost_gt_budget
2026-06-08,proxy_fill,688017.SH,绿的谐波,428.25,closed,2026-06-15,-0.13120075890251018,closed,2026-06-15,-0.13120075890251018,day5_net_return_not_positive,/Users/weifeng/works/finance_lab/reports/automation_5_14_50/full_proxy_rank1_ma5_recent_month_20260701_175222,缺真实14:50保存报告；用历史日线代理回测补齐,42825.0,0,0.0,no,0,0.0,no,40000,ma5_current,当前MA5,skip,0.0,0,,skipped,,0.0,0.0,skip,one_lot_cost_gt_budget
2026-06-08,proxy_fill,688017.SH,绿的谐波,428.25,closed,2026-06-15,-0.13120075890251018,closed,2026-06-15,-0.13120075890251018,day5_net_return_not_positive,/Users/weifeng/works/finance_lab/reports/automation_5_14_50/full_proxy_rank1_ma5_recent_month_20260701_175222,缺真实14:50保存报告；用历史日线代理回测补齐,42825.0,0,0.0,no,0,0.0,no,30000,take8_extend3,第5日>=8%止盈；小盈利延长最多3天,skip,0.0,0,,skipped,,0.0,0.0,skip,one_lot_cost_gt_budget
2026-06-08,proxy_fill,688017.SH,绿的谐波,428.25,closed,2026-06-15,-0.13120075890251018,closed,2026-06-15,-0.13120075890251018,day5_net_return_not_positive,/Users/weifeng/works/finance_lab/reports/automation_5_14_50/full_proxy_rank1_ma5_recent_month_20260701_175222,缺真实14:50保存报告；用历史日线代理回测补齐,42825.0,0,0.0,no,0,0.0,no,40000,take8_extend3,第5日>=8%止盈；小盈利延长最多3天,skip,0.0,0,,skipped,,0.0,0.0,skip,one_lot_cost_gt_budget
2026-06-08,proxy_fill,688017.SH,绿的谐波,428.25,closed,2026-06-15,-0.13120075890251018,closed,2026-06-15,-0.13120075890251018,day5_net_return_not_positive,/Users/weifeng/works/finance_lab/reports/automation_5_14_50/full_proxy_rank1_ma5_recent_month_20260701_175222,缺真实14:50保存报告；用历史日线代理回测补齐,42825.0,0,0.0,no,0,0.0,no,30000,take10_extend3,第5日>=10%止盈；小盈利延长最多3天,skip,0.0,0,,skipped,,0.0,0.0,skip,one_lot_cost_gt_budget
2026-06-08,proxy_fill,688017.SH,绿的谐波,428.25,closed,2026-06-15,-0.13120075890251018,closed,2026-06-15,-0.13120075890251018,day5_net_return_not_positive,/Users/weifeng/works/finance_lab/reports/automation_5_14_50/full_proxy_rank1_ma5_recent_month_20260701_175222,缺真实14:50保存报告；用历史日线代理回测补齐,42825.0,0,0.0,no,0,0.0,no,40000,take10_extend3,第5日>=10%止盈；小盈利延长最多3天,skip,0.0,0,,skipped,,0.0,0.0,skip,one_lot_cost_gt_budget
2026-06-08,proxy_fill,688017.SH,绿的谐波,428.25,closed,2026-06-15,-0.13120075890251018,closed,2026-06-15,-0.13120075890251018,day5_net_return_not_positive,/Users/weifeng/works/finance_lab/reports/automation_5_14_50/full_proxy_rank1_ma5_recent_month_20260701_175222,缺真实14:50保存报告；用历史日线代理回测补齐,42825.0,0,0.0,no,0,0.0,no,30000,take8_extend2,第5日>=8%止盈；小盈利延长最多2天,skip,0.0,0,,skipped,,0.0,0.0,skip,one_lot_cost_gt_budget
2026-06-08,proxy_fill,688017.SH,绿的谐波,428.25,closed,2026-06-15,-0.13120075890251018,closed,2026-06-15,-0.13120075890251018,day5_net_return_not_positive,/Users/weifeng/works/finance_lab/reports/automation_5_14_50/full_proxy_rank1_ma5_recent_month_20260701_175222,缺真实14:50保存报告；用历史日线代理回测补齐,42825.0,0,0.0,no,0,0.0,no,40000,take8_extend2,第5日>=8%止盈；小盈利延长最多2天,skip,0.0,0,,skipped,,0.0,0.0,skip,one_lot_cost_gt_budget
2026-06-08,proxy_fill,688017.SH,绿的谐波,428.25,closed,2026-06-15,-0.13120075890251018,closed,2026-06-15,-0.13120075890251018,day5_net_return_not_positive,/Users/weifeng/works/finance_lab/reports/automation_5_14_50/full_proxy_rank1_ma5_recent_month_20260701_175222,缺真实14:50保存报告；用历史日线代理回测补齐,42825.0,0,0.0,no,0,0.0,no,30000,early3_take8_extend3,提前风控(-3%且破MA5)+8%止盈+延3天,skip,0.0,0,,skipped,,0.0,0.0,skip,one_lot_cost_gt_budget
2026-06-08,proxy_fill,688017.SH,绿的谐波,428.25,closed,2026-06-15,-0.13120075890251018,closed,2026-06-15,-0.13120075890251018,day5_net_return_not_positive,/Users/weifeng/works/finance_lab/reports/automation_5_14_50/full_proxy_rank1_ma5_recent_month_20260701_175222,缺真实14:50保存报告；用历史日线代理回测补齐,42825.0,0,0.0,no,0,0.0,no,40000,early3_take8_extend3,提前风控(-3%且破MA5)+8%止盈+延3天,skip,0.0,0,,skipped,,0.0,0.0,skip,one_lot_cost_gt_budget
2026-06-08,proxy_fill,688017.SH,绿的谐波,428.25,closed,2026-06-15,-0.13120075890251018,closed,2026-06-15,-0.13120075890251018,day5_net_return_not_positive,/Users/weifeng/works/finance_lab/reports/automation_5_14_50/full_proxy_rank1_ma5_recent_month_20260701_175222,缺真实14:50保存报告；用历史日线代理回测补齐,42825.0,0,0.0,no,0,0.0,no,30000,early5_take8_extend3,提前风控(-5%)+8%止盈+延3天,skip,0.0,0,,skipped,,0.0,0.0,skip,one_lot_cost_gt_budget
2026-06-08,proxy_fill,688017.SH,绿的谐波,428.25,closed,2026-06-15,-0.13120075890251018,closed,2026-06-15,-0.13120075890251018,day5_net_return_not_positive,/Users/weifeng/works/finance_lab/reports/automation_5_14_50/full_proxy_rank1_ma5_recent_month_20260701_175222,缺真实14:50保存报告；用历史日线代理回测补齐,42825.0,0,0.0,no,0,0.0,no,40000,early5_take8_extend3,提前风控(-5%)+8%止盈+延3天,skip,0.0,0,,skipped,,0.0,0.0,skip,one_lot_cost_gt_budget
2026-06-09,proxy_fill,688525.SH,佰维存储,304.936,closed,2026-06-16,0.11526216386389296,closed,2026-07-01,0.517280948133379,max_hold_sessions,/Users/weifeng/works/finance_lab/reports/automation_5_14_50/full_proxy_rank1_ma5_recent_month_20260701_175222,缺真实14:50保存报告；用历史日线代理回测补齐,30493.6,0,0.0,no,1,30493.6,yes,30000,fixed5,固定5日卖,skip,0.0,0,,skipped,,0.0,0.0,skip,one_lot_cost_gt_budget
2026-06-09,proxy_fill,688525.SH,佰维存储,304.936,closed,2026-06-16,0.11526216386389296,closed,2026-07-01,0.517280948133379,max_hold_sessions,/Users/weifeng/works/finance_lab/reports/automation_5_14_50/full_proxy_rank1_ma5_recent_month_20260701_175222,缺真实14:50保存报告；用历史日线代理回测补齐,30493.6,0,0.0,no,1,30493.6,yes,40000,fixed5,固定5日卖,buy,30493.6,1,2026-06-16,closed,5,0.11526216386389296,3514.7583200000063,realized,fixed_day5
2026-06-09,proxy_fill,688525.SH,佰维存储,304.936,closed,2026-06-16,0.11526216386389296,closed,2026-07-01,0.517280948133379,max_hold_sessions,/Users/weifeng/works/finance_lab/reports/automation_5_14_50/full_proxy_rank1_ma5_recent_month_20260701_175222,缺真实14:50保存报告；用历史日线代理回测补齐,30493.6,0,0.0,no,1,30493.6,yes,30000,ma5_current,当前MA5,skip,0.0,0,,skipped,,0.0,0.0,skip,one_lot_cost_gt_budget
2026-06-09,proxy_fill,688525.SH,佰维存储,304.936,closed,2026-06-16,0.11526216386389296,closed,2026-07-01,0.517280948133379,max_hold_sessions,/Users/weifeng/works/finance_lab/reports/automation_5_14_50/full_proxy_rank1_ma5_recent_month_20260701_175222,缺真实14:50保存报告；用历史日线代理回测补齐,30493.6,0,0.0,no,1,30493.6,yes,40000,ma5_current,当前MA5,buy,30493.6,1,2026-07-01,closed,15,0.517280948133379,15773.758320000004,realized,max_hold_15
2026-06-09,proxy_fill,688525.SH,佰维存储,304.936,closed,2026-06-16,0.11526216386389296,closed,2026-07-01,0.517280948133379,max_hold_sessions,/Users/weifeng/works/finance_lab/reports/automation_5_14_50/full_proxy_rank1_ma5_recent_month_20260701_175222,缺真实14:50保存报告；用历史日线代理回测补齐,30493.6,0,0.0,no,1,30493.6,yes,30000,take8_extend3,第5日>=8%止盈；小盈利延长最多3天,skip,0.0,0,,skipped,,0.0,0.0,skip,one_lot_cost_gt_budget
2026-06-09,proxy_fill,688525.SH,佰维存储,304.936,closed,2026-06-16,0.11526216386389296,closed,2026-07-01,0.517280948133379,max_hold_sessions,/Users/weifeng/works/finance_lab/reports/automation_5_14_50/full_proxy_rank1_ma5_recent_month_20260701_175222,缺真实14:50保存报告；用历史日线代理回测补齐,30493.6,0,0.0,no,1,30493.6,yes,40000,take8_extend3,第5日>=8%止盈；小盈利延长最多3天,buy,30493.6,1,2026-06-16,closed,5,0.11526216386389296,3514.7583200000063,realized,day5_take_profit_8
2026-06-09,proxy_fill,688525.SH,佰维存储,304.936,closed,2026-06-16,0.11526216386389296,closed,2026-07-01,0.517280948133379,max_hold_sessions,/Users/weifeng/works/finance_lab/reports/automation_5_14_50/full_proxy_rank1_ma5_recent_month_20260701_175222,缺真实14:50保存报告；用历史日线代理回测补齐,30493.6,0,0.0,no,1,30493.6,yes,30000,take10_extend3,第5日>=10%止盈；小盈利延长最多3天,skip,0.0,0,,skipped,,0.0,0.0,skip,one_lot_cost_gt_budget
2026-06-09,proxy_fill,688525.SH,佰维存储,304.936,closed,2026-06-16,0.11526216386389296,closed,2026-07-01,0.517280948133379,max_hold_sessions,/Users/weifeng/works/finance_lab/reports/automation_5_14_50/full_proxy_rank1_ma5_recent_month_20260701_175222,缺真实14:50保存报告；用历史日线代理回测补齐,30493.6,0,0.0,no,1,30493.6,yes,40000,take10_extend3,第5日>=10%止盈；小盈利延长最多3天,buy,30493.6,1,2026-06-16,closed,5,0.11526216386389296,3514.7583200000063,realized,day5_take_profit_10
2026-06-09,proxy_fill,688525.SH,佰维存储,304.936,closed,2026-06-16,0.11526216386389296,closed,2026-07-01,0.517280948133379,max_hold_sessions,/Users/weifeng/works/finance_lab/reports/automation_5_14_50/full_proxy_rank1_ma5_recent_month_20260701_175222,缺真实14:50保存报告；用历史日线代理回测补齐,30493.6,0,0.0,no,1,30493.6,yes,30000,take8_extend2,第5日>=8%止盈；小盈利延长最多2天,skip,0.0,0,,skipped,,0.0,0.0,skip,one_lot_cost_gt_budget
2026-06-09,proxy_fill,688525.SH,佰维存储,304.936,closed,2026-06-16,0.11526216386389296,closed,2026-07-01,0.517280948133379,max_hold_sessions,/Users/weifeng/works/finance_lab/reports/automation_5_14_50/full_proxy_rank1_ma5_recent_month_20260701_175222,缺真实14:50保存报告；用历史日线代理回测补齐,30493.6,0,0.0,no,1,30493.6,yes,40000,take8_extend2,第5日>=8%止盈；小盈利延长最多2天,buy,30493.6,1,2026-06-16,closed,5,0.11526216386389296,3514.7583200000063,realized,day5_take_profit_8
2026-06-09,proxy_fill,688525.SH,佰维存储,304.936,closed,2026-06-16,0.11526216386389296,closed,2026-07-01,0.517280948133379,max_hold_sessions,/Users/weifeng/works/finance_lab/reports/automation_5_14_50/full_proxy_rank1_ma5_recent_month_20260701_175222,缺真实14:50保存报告；用历史日线代理回测补齐,30493.6,0,0.0,no,1,30493.6,yes,30000,early3_take8_extend3,提前风控(-3%且破MA5)+8%止盈+延3天,skip,0.0,0,,skipped,,0.0,0.0,skip,one_lot_cost_gt_budget
2026-06-09,proxy_fill,688525.SH,佰维存储,304.936,closed,2026-06-16,0.11526216386389296,closed,2026-07-01,0.517280948133379,max_hold_sessions,/Users/weifeng/works/finance_lab/reports/automation_5_14_50/full_proxy_rank1_ma5_recent_month_20260701_175222,缺真实14:50保存报告；用历史日线代理回测补齐,30493.6,0,0.0,no,1,30493.6,yes,40000,early3_take8_extend3,提前风控(-3%且破MA5)+8%止盈+延3天,buy,30493.6,1,2026-06-16,closed,5,0.11526216386389296,3514.7583200000063,realized,day5_take_profit_8
2026-06-09,proxy_fill,688525.SH,佰维存储,304.936,closed,2026-06-16,0.11526216386389296,closed,2026-07-01,0.517280948133379,max_hold_sessions,/Users/weifeng/works/finance_lab/reports/automation_5_14_50/full_proxy_rank1_ma5_recent_month_20260701_175222,缺真实14:50保存报告；用历史日线代理回测补齐,30493.6,0,0.0,no,1,30493.6,yes,30000,early5_take8_extend3,提前风控(-5%)+8%止盈+延3天,skip,0.0,0,,skipped,,0.0,0.0,skip,one_lot_cost_gt_budget
2026-06-09,proxy_fill,688525.SH,佰维存储,304.936,closed,2026-06-16,0.11526216386389296,closed,2026-07-01,0.517280948133379,max_hold_sessions,/Users/weifeng/works/finance_lab/reports/automation_5_14_50/full_proxy_rank1_ma5_recent_month_20260701_175222,缺真实14:50保存报告；用历史日线代理回测补齐,30493.6,0,0.0,no,1,30493.6,yes,40000,early5_take8_extend3,提前风控(-5%)+8%止盈+延3天,buy,30493.6,1,2026-06-16,closed,5,0.11526216386389296,3514.7583200000063,realized,day5_take_profit_8
2026-06-10,proxy_fill,688072.SH,拓荆科技,618.0,closed,2026-06-17,0.19611100323624595,open_ma5_hold,2026-06-26,0.34497831715210353,profit_above_ma5,/Users/weifeng/works/finance_lab/reports/automation_5_14_50/full_proxy_rank1_ma5_recent_month_20260701_175222,缺真实14:50保存报告；用历史日线代理回测补齐,61800.0,0,0.0,no,0,0.0,no,30000,fixed5,固定5日卖,skip,0.0,0,,skipped,,0.0,0.0,skip,one_lot_cost_gt_budget
2026-06-10,proxy_fill,688072.SH,拓荆科技,618.0,closed,2026-06-17,0.19611100323624595,open_ma5_hold,2026-06-26,0.34497831715210353,profit_above_ma5,/Users/weifeng/works/finance_lab/reports/automation_5_14_50/full_proxy_rank1_ma5_recent_month_20260701_175222,缺真实14:50保存报告；用历史日线代理回测补齐,61800.0,0,0.0,no,0,0.0,no,40000,fixed5,固定5日卖,skip,0.0,0,,skipped,,0.0,0.0,skip,one_lot_cost_gt_budget
2026-06-10,proxy_fill,688072.SH,拓荆科技,618.0,closed,2026-06-17,0.19611100323624595,open_ma5_hold,2026-06-26,0.34497831715210353,profit_above_ma5,/Users/weifeng/works/finance_lab/reports/automation_5_14_50/full_proxy_rank1_ma5_recent_month_20260701_175222,缺真实14:50保存报告；用历史日线代理回测补齐,61800.0,0,0.0,no,0,0.0,no,30000,ma5_current,当前MA5,skip,0.0,0,,skipped,,0.0,0.0,skip,one_lot_cost_gt_budget
2026-06-10,proxy_fill,688072.SH,拓荆科技,618.0,closed,2026-06-17,0.19611100323624595,open_ma5_hold,2026-06-26,0.34497831715210353,profit_above_ma5,/Users/weifeng/works/finance_lab/reports/automation_5_14_50/full_proxy_rank1_ma5_recent_month_20260701_175222,缺真实14:50保存报告；用历史日线代理回测补齐,61800.0,0,0.0,no,0,0.0,no,40000,ma5_current,当前MA5,skip,0.0,0,,skipped,,0.0,0.0,skip,one_lot_cost_gt_budget
2026-06-10,proxy_fill,688072.SH,拓荆科技,618.0,closed,2026-06-17,0.19611100323624595,open_ma5_hold,2026-06-26,0.34497831715210353,profit_above_ma5,/Users/weifeng/works/finance_lab/reports/automation_5_14_50/full_proxy_rank1_ma5_recent_month_20260701_175222,缺真实14:50保存报告；用历史日线代理回测补齐,61800.0,0,0.0,no,0,0.0,no,30000,take8_extend3,第5日>=8%止盈；小盈利延长最多3天,skip,0.0,0,,skipped,,0.0,0.0,skip,one_lot_cost_gt_budget
2026-06-10,proxy_fill,688072.SH,拓荆科技,618.0,closed,2026-06-17,0.19611100323624595,open_ma5_hold,2026-06-26,0.34497831715210353,profit_above_ma5,/Users/weifeng/works/finance_lab/reports/automation_5_14_50/full_proxy_rank1_ma5_recent_month_20260701_175222,缺真实14:50保存报告；用历史日线代理回测补齐,61800.0,0,0.0,no,0,0.0,no,40000,take8_extend3,第5日>=8%止盈；小盈利延长最多3天,skip,0.0,0,,skipped,,0.0,0.0,skip,one_lot_cost_gt_budget
2026-06-10,proxy_fill,688072.SH,拓荆科技,618.0,closed,2026-06-17,0.19611100323624595,open_ma5_hold,2026-06-26,0.34497831715210353,profit_above_ma5,/Users/weifeng/works/finance_lab/reports/automation_5_14_50/full_proxy_rank1_ma5_recent_month_20260701_175222,缺真实14:50保存报告；用历史日线代理回测补齐,61800.0,0,0.0,no,0,0.0,no,30000,take10_extend3,第5日>=10%止盈；小盈利延长最多3天,skip,0.0,0,,skipped,,0.0,0.0,skip,one_lot_cost_gt_budget
2026-06-10,proxy_fill,688072.SH,拓荆科技,618.0,closed,2026-06-17,0.19611100323624595,open_ma5_hold,2026-06-26,0.34497831715210353,profit_above_ma5,/Users/weifeng/works/finance_lab/reports/automation_5_14_50/full_proxy_rank1_ma5_recent_month_20260701_175222,缺真实14:50保存报告；用历史日线代理回测补齐,61800.0,0,0.0,no,0,0.0,no,40000,take10_extend3,第5日>=10%止盈；小盈利延长最多3天,skip,0.0,0,,skipped,,0.0,0.0,skip,one_lot_cost_gt_budget
2026-06-10,proxy_fill,688072.SH,拓荆科技,618.0,closed,2026-06-17,0.19611100323624595,open_ma5_hold,2026-06-26,0.34497831715210353,profit_above_ma5,/Users/weifeng/works/finance_lab/reports/automation_5_14_50/full_proxy_rank1_ma5_recent_month_20260701_175222,缺真实14:50保存报告；用历史日线代理回测补齐,61800.0,0,0.0,no,0,0.0,no,30000,take8_extend2,第5日>=8%止盈；小盈利延长最多2天,skip,0.0,0,,skipped,,0.0,0.0,skip,one_lot_cost_gt_budget
2026-06-10,proxy_fill,688072.SH,拓荆科技,618.0,closed,2026-06-17,0.19611100323624595,open_ma5_hold,2026-06-26,0.34497831715210353,profit_above_ma5,/Users/weifeng/works/finance_lab/reports/automation_5_14_50/full_proxy_rank1_ma5_recent_month_20260701_175222,缺真实14:50保存报告；用历史日线代理回测补齐,61800.0,0,0.0,no,0,0.0,no,40000,take8_extend2,第5日>=8%止盈；小盈利延长最多2天,skip,0.0,0,,skipped,,0.0,0.0,skip,one_lot_cost_gt_budget
2026-06-10,proxy_fill,688072.SH,拓荆科技,618.0,closed,2026-06-17,0.19611100323624595,open_ma5_hold,2026-06-26,0.34497831715210353,profit_above_ma5,/Users/weifeng/works/finance_lab/reports/automation_5_14_50/full_proxy_rank1_ma5_recent_month_20260701_175222,缺真实14:50保存报告；用历史日线代理回测补齐,61800.0,0,0.0,no,0,0.0,no,30000,early3_take8_extend3,提前风控(-3%且破MA5)+8%止盈+延3天,skip,0.0,0,,skipped,,0.0,0.0,skip,one_lot_cost_gt_budget
2026-06-10,proxy_fill,688072.SH,拓荆科技,618.0,closed,2026-06-17,0.19611100323624595,open_ma5_hold,2026-06-26,0.34497831715210353,profit_above_ma5,/Users/weifeng/works/finance_lab/reports/automation_5_14_50/full_proxy_rank1_ma5_recent_month_20260701_175222,缺真实14:50保存报告；用历史日线代理回测补齐,61800.0,0,0.0,no,0,0.0,no,40000,early3_take8_extend3,提前风控(-3%且破MA5)+8%止盈+延3天,skip,0.0,0,,skipped,,0.0,0.0,skip,one_lot_cost_gt_budget
2026-06-10,proxy_fill,688072.SH,拓荆科技,618.0,closed,2026-06-17,0.19611100323624595,open_ma5_hold,2026-06-26,0.34497831715210353,profit_above_ma5,/Users/weifeng/works/finance_lab/reports/automation_5_14_50/full_proxy_rank1_ma5_recent_month_20260701_175222,缺真实14:50保存报告；用历史日线代理回测补齐,61800.0,0,0.0,no,0,0.0,no,30000,early5_take8_extend3,提前风控(-5%)+8%止盈+延3天,skip,0.0,0,,skipped,,0.0,0.0,skip,one_lot_cost_gt_budget
2026-06-10,proxy_fill,688072.SH,拓荆科技,618.0,closed,2026-06-17,0.19611100323624595,open_ma5_hold,2026-06-26,0.34497831715210353,profit_above_ma5,/Users/weifeng/works/finance_lab/reports/automation_5_14_50/full_proxy_rank1_ma5_recent_month_20260701_175222,缺真实14:50保存报告；用历史日线代理回测补齐,61800.0,0,0.0,no,0,0.0,no,40000,early5_take8_extend3,提前风控(-5%)+8%止盈+延3天,skip,0.0,0,,skipped,,0.0,0.0,skip,one_lot_cost_gt_budget
2026-06-11,actual_saved_1450,688308.SH,欧科亿,142.0,closed,2026-06-18,0.3265873239436619,closed,2026-06-23,0.2682774647887323,close_below_ma5,/Users/weifeng/works/finance_lab/reports/automation_5_14_50/20260611_150059,真实保存14:50窗口建议,14200.0,2,28400.0,yes,2,28400.0,yes,30000,fixed5,固定5日卖,buy,28400.0,2,2026-06-18,closed,5,0.3265873239436619,9275.079999999998,realized,fixed_day5
2026-06-11,actual_saved_1450,688308.SH,欧科亿,142.0,closed,2026-06-18,0.3265873239436619,closed,2026-06-23,0.2682774647887323,close_below_ma5,/Users/weifeng/works/finance_lab/reports/automation_5_14_50/20260611_150059,真实保存14:50窗口建议,14200.0,2,28400.0,yes,2,28400.0,yes,40000,fixed5,固定5日卖,buy,28400.0,2,2026-06-18,closed,5,0.3265873239436619,9275.079999999998,realized,fixed_day5
2026-06-11,actual_saved_1450,688308.SH,欧科亿,142.0,closed,2026-06-18,0.3265873239436619,closed,2026-06-23,0.2682774647887323,close_below_ma5,/Users/weifeng/works/finance_lab/reports/automation_5_14_50/20260611_150059,真实保存14:50窗口建议,14200.0,2,28400.0,yes,2,28400.0,yes,30000,ma5_current,当前MA5,buy,28400.0,2,2026-06-23,closed,7,0.2682774647887323,7619.079999999998,realized,close_below_ma5
2026-06-11,actual_saved_1450,688308.SH,欧科亿,142.0,closed,2026-06-18,0.3265873239436619,closed,2026-06-23,0.2682774647887323,close_below_ma5,/Users/weifeng/works/finance_lab/reports/automation_5_14_50/20260611_150059,真实保存14:50窗口建议,14200.0,2,28400.0,yes,2,28400.0,yes,40000,ma5_current,当前MA5,buy,28400.0,2,2026-06-23,closed,7,0.2682774647887323,7619.079999999998,realized,close_below_ma5
2026-06-11,actual_saved_1450,688308.SH,欧科亿,142.0,closed,2026-06-18,0.3265873239436619,closed,2026-06-23,0.2682774647887323,close_below_ma5,/Users/weifeng/works/finance_lab/reports/automation_5_14_50/20260611_150059,真实保存14:50窗口建议,14200.0,2,28400.0,yes,2,28400.0,yes,30000,take8_extend3,第5日>=8%止盈；小盈利延长最多3天,buy,28400.0,2,2026-06-18,closed,5,0.3265873239436619,9275.079999999998,realized,day5_take_profit_8
2026-06-11,actual_saved_1450,688308.SH,欧科亿,142.0,closed,2026-06-18,0.3265873239436619,closed,2026-06-23,0.2682774647887323,close_below_ma5,/Users/weifeng/works/finance_lab/reports/automation_5_14_50/20260611_150059,真实保存14:50窗口建议,14200.0,2,28400.0,yes,2,28400.0,yes,40000,take8_extend3,第5日>=8%止盈；小盈利延长最多3天,buy,28400.0,2,2026-06-18,closed,5,0.3265873239436619,9275.079999999998,realized,day5_take_profit_8
2026-06-11,actual_saved_1450,688308.SH,欧科亿,142.0,closed,2026-06-18,0.3265873239436619,closed,2026-06-23,0.2682774647887323,close_below_ma5,/Users/weifeng/works/finance_lab/reports/automation_5_14_50/20260611_150059,真实保存14:50窗口建议,14200.0,2,28400.0,yes,2,28400.0,yes,30000,take10_extend3,第5日>=10%止盈；小盈利延长最多3天,buy,28400.0,2,2026-06-18,closed,5,0.3265873239436619,9275.079999999998,realized,day5_take_profit_10
2026-06-11,actual_saved_1450,688308.SH,欧科亿,142.0,closed,2026-06-18,0.3265873239436619,closed,2026-06-23,0.2682774647887323,close_below_ma5,/Users/weifeng/works/finance_lab/reports/automation_5_14_50/20260611_150059,真实保存14:50窗口建议,14200.0,2,28400.0,yes,2,28400.0,yes,40000,take10_extend3,第5日>=10%止盈；小盈利延长最多3天,buy,28400.0,2,2026-06-18,closed,5,0.3265873239436619,9275.079999999998,realized,day5_take_profit_10
2026-06-11,actual_saved_1450,688308.SH,欧科亿,142.0,closed,2026-06-18,0.3265873239436619,closed,2026-06-23,0.2682774647887323,close_below_ma5,/Users/weifeng/works/finance_lab/reports/automation_5_14_50/20260611_150059,真实保存14:50窗口建议,14200.0,2,28400.0,yes,2,28400.0,yes,30000,take8_extend2,第5日>=8%止盈；小盈利延长最多2天,buy,28400.0,2,2026-06-18,closed,5,0.3265873239436619,9275.079999999998,realized,day5_take_profit_8
2026-06-11,actual_saved_1450,688308.SH,欧科亿,142.0,closed,2026-06-18,0.3265873239436619,closed,2026-06-23,0.2682774647887323,close_below_ma5,/Users/weifeng/works/finance_lab/reports/automation_5_14_50/20260611_150059,真实保存14:50窗口建议,14200.0,2,28400.0,yes,2,28400.0,yes,40000,take8_extend2,第5日>=8%止盈；小盈利延长最多2天,buy,28400.0,2,2026-06-18,closed,5,0.3265873239436619,9275.079999999998,realized,day5_take_profit_8
2026-06-11,actual_saved_1450,688308.SH,欧科亿,142.0,closed,2026-06-18,0.3265873239436619,closed,2026-06-23,0.2682774647887323,close_below_ma5,/Users/weifeng/works/finance_lab/reports/automation_5_14_50/20260611_150059,真实保存14:50窗口建议,14200.0,2,28400.0,yes,2,28400.0,yes,30000,early3_take8_extend3,提前风控(-3%且破MA5)+8%止盈+延3天,buy,28400.0,2,2026-06-18,closed,5,0.3265873239436619,9275.079999999998,realized,day5_take_profit_8
2026-06-11,actual_saved_1450,688308.SH,欧科亿,142.0,closed,2026-06-18,0.3265873239436619,closed,2026-06-23,0.2682774647887323,close_below_ma5,/Users/weifeng/works/finance_lab/reports/automation_5_14_50/20260611_150059,真实保存14:50窗口建议,14200.0,2,28400.0,yes,2,28400.0,yes,40000,early3_take8_extend3,提前风控(-3%且破MA5)+8%止盈+延3天,buy,28400.0,2,2026-06-18,closed,5,0.3265873239436619,9275.079999999998,realized,day5_take_profit_8
2026-06-11,actual_saved_1450,688308.SH,欧科亿,142.0,closed,2026-06-18,0.3265873239436619,closed,2026-06-23,0.2682774647887323,close_below_ma5,/Users/weifeng/works/finance_lab/reports/automation_5_14_50/20260611_150059,真实保存14:50窗口建议,14200.0,2,28400.0,yes,2,28400.0,yes,30000,early5_take8_extend3,提前风控(-5%)+8%止盈+延3天,buy,28400.0,2,2026-06-18,closed,5,0.3265873239436619,9275.079999999998,realized,day5_take_profit_8
2026-06-11,actual_saved_1450,688308.SH,欧科亿,142.0,closed,2026-06-18,0.3265873239436619,closed,2026-06-23,0.2682774647887323,close_below_ma5,/Users/weifeng/works/finance_lab/reports/automation_5_14_50/20260611_150059,真实保存14:50窗口建议,14200.0,2,28400.0,yes,2,28400.0,yes,40000,early5_take8_extend3,提前风控(-5%)+8%止盈+延3天,buy,28400.0,2,2026-06-18,closed,5,0.3265873239436619,9275.079999999998,realized,day5_take_profit_8
2026-06-12,actual_saved_1450,000657.SZ,中钨高新,80.23,closed,2026-06-22,0.3489430512277201,closed,2026-06-26,0.23900911130499822,close_below_ma5,/Users/weifeng/works/finance_lab/reports/automation_5_14_50/20260612_145350,真实保存14:50窗口建议,8023.0,3,24069.0,yes,4,32092.0,yes,30000,fixed5,固定5日卖,buy,24069.0,3,2026-06-22,closed,5,0.3489430512277201,8398.710299999995,realized,fixed_day5
2026-06-12,actual_saved_1450,000657.SZ,中钨高新,80.23,closed,2026-06-22,0.3489430512277201,closed,2026-06-26,0.23900911130499822,close_below_ma5,/Users/weifeng/works/finance_lab/reports/automation_5_14_50/20260612_145350,真实保存14:50窗口建议,8023.0,3,24069.0,yes,4,32092.0,yes,40000,fixed5,固定5日卖,buy,32092.0,4,2026-06-22,closed,5,0.3489430512277201,11198.280399999994,realized,fixed_day5
2026-06-12,actual_saved_1450,000657.SZ,中钨高新,80.23,closed,2026-06-22,0.3489430512277201,closed,2026-06-26,0.23900911130499822,close_below_ma5,/Users/weifeng/works/finance_lab/reports/automation_5_14_50/20260612_145350,真实保存14:50窗口建议,8023.0,3,24069.0,yes,4,32092.0,yes,30000,ma5_current,当前MA5,buy,24069.0,3,2026-06-26,closed,9,0.23900911130499822,5752.7103000000025,realized,close_below_ma5
2026-06-12,actual_saved_1450,000657.SZ,中钨高新,80.23,closed,2026-06-22,0.3489430512277201,closed,2026-06-26,0.23900911130499822,close_below_ma5,/Users/weifeng/works/finance_lab/reports/automation_5_14_50/20260612_145350,真实保存14:50窗口建议,8023.0,3,24069.0,yes,4,32092.0,yes,40000,ma5_current,当前MA5,buy,32092.0,4,2026-06-26,closed,9,0.23900911130499822,7670.280400000002,realized,close_below_ma5
2026-06-12,actual_saved_1450,000657.SZ,中钨高新,80.23,closed,2026-06-22,0.3489430512277201,closed,2026-06-26,0.23900911130499822,close_below_ma5,/Users/weifeng/works/finance_lab/reports/automation_5_14_50/20260612_145350,真实保存14:50窗口建议,8023.0,3,24069.0,yes,4,32092.0,yes,30000,take8_extend3,第5日>=8%止盈；小盈利延长最多3天,buy,24069.0,3,2026-06-22,closed,5,0.3489430512277201,8398.710299999995,realized,day5_take_profit_8
2026-06-12,actual_saved_1450,000657.SZ,中钨高新,80.23,closed,2026-06-22,0.3489430512277201,closed,2026-06-26,0.23900911130499822,close_below_ma5,/Users/weifeng/works/finance_lab/reports/automation_5_14_50/20260612_145350,真实保存14:50窗口建议,8023.0,3,24069.0,yes,4,32092.0,yes,40000,take8_extend3,第5日>=8%止盈；小盈利延长最多3天,buy,32092.0,4,2026-06-22,closed,5,0.3489430512277201,11198.280399999994,realized,day5_take_profit_8
2026-06-12,actual_saved_1450,000657.SZ,中钨高新,80.23,closed,2026-06-22,0.3489430512277201,closed,2026-06-26,0.23900911130499822,close_below_ma5,/Users/weifeng/works/finance_lab/reports/automation_5_14_50/20260612_145350,真实保存14:50窗口建议,8023.0,3,24069.0,yes,4,32092.0,yes,30000,take10_extend3,第5日>=10%止盈；小盈利延长最多3天,buy,24069.0,3,2026-06-22,closed,5,0.3489430512277201,8398.710299999995,realized,day5_take_profit_10
2026-06-12,actual_saved_1450,000657.SZ,中钨高新,80.23,closed,2026-06-22,0.3489430512277201,closed,2026-06-26,0.23900911130499822,close_below_ma5,/Users/weifeng/works/finance_lab/reports/automation_5_14_50/20260612_145350,真实保存14:50窗口建议,8023.0,3,24069.0,yes,4,32092.0,yes,40000,take10_extend3,第5日>=10%止盈；小盈利延长最多3天,buy,32092.0,4,2026-06-22,closed,5,0.3489430512277201,11198.280399999994,realized,day5_take_profit_10
2026-06-12,actual_saved_1450,000657.SZ,中钨高新,80.23,closed,2026-06-22,0.3489430512277201,closed,2026-06-26,0.23900911130499822,close_below_ma5,/Users/weifeng/works/finance_lab/reports/automation_5_14_50/20260612_145350,真实保存14:50窗口建议,8023.0,3,24069.0,yes,4,32092.0,yes,30000,take8_extend2,第5日>=8%止盈；小盈利延长最多2天,buy,24069.0,3,2026-06-22,closed,5,0.3489430512277201,8398.710299999995,realized,day5_take_profit_8
2026-06-12,actual_saved_1450,000657.SZ,中钨高新,80.23,closed,2026-06-22,0.3489430512277201,closed,2026-06-26,0.23900911130499822,close_below_ma5,/Users/weifeng/works/finance_lab/reports/automation_5_14_50/20260612_145350,真实保存14:50窗口建议,8023.0,3,24069.0,yes,4,32092.0,yes,40000,take8_extend2,第5日>=8%止盈；小盈利延长最多2天,buy,32092.0,4,2026-06-22,closed,5,0.3489430512277201,11198.280399999994,realized,day5_take_profit_8
2026-06-12,actual_saved_1450,000657.SZ,中钨高新,80.23,closed,2026-06-22,0.3489430512277201,closed,2026-06-26,0.23900911130499822,close_below_ma5,/Users/weifeng/works/finance_lab/reports/automation_5_14_50/20260612_145350,真实保存14:50窗口建议,8023.0,3,24069.0,yes,4,32092.0,yes,30000,early3_take8_extend3,提前风控(-3%且破MA5)+8%止盈+延3天,buy,24069.0,3,2026-06-22,closed,5,0.3489430512277201,8398.710299999995,realized,day5_take_profit_8
2026-06-12,actual_saved_1450,000657.SZ,中钨高新,80.23,closed,2026-06-22,0.3489430512277201,closed,2026-06-26,0.23900911130499822,close_below_ma5,/Users/weifeng/works/finance_lab/reports/automation_5_14_50/20260612_145350,真实保存14:50窗口建议,8023.0,3,24069.0,yes,4,32092.0,yes,40000,early3_take8_extend3,提前风控(-3%且破MA5)+8%止盈+延3天,buy,32092.0,4,2026-06-22,closed,5,0.3489430512277201,11198.280399999994,realized,day5_take_profit_8
2026-06-12,actual_saved_1450,000657.SZ,中钨高新,80.23,closed,2026-06-22,0.3489430512277201,closed,2026-06-26,0.23900911130499822,close_below_ma5,/Users/weifeng/works/finance_lab/reports/automation_5_14_50/20260612_145350,真实保存14:50窗口建议,8023.0,3,24069.0,yes,4,32092.0,yes,30000,early5_take8_extend3,提前风控(-5%)+8%止盈+延3天,buy,24069.0,3,2026-06-22,closed,5,0.3489430512277201,8398.710299999995,realized,day5_take_profit_8
2026-06-12,actual_saved_1450,000657.SZ,中钨高新,80.23,closed,2026-06-22,0.3489430512277201,closed,2026-06-26,0.23900911130499822,close_below_ma5,/Users/weifeng/works/finance_lab/reports/automation_5_14_50/20260612_145350,真实保存14:50窗口建议,8023.0,3,24069.0,yes,4,32092.0,yes,40000,early5_take8_extend3,提前风控(-5%)+8%止盈+延3天,buy,32092.0,4,2026-06-22,closed,5,0.3489430512277201,11198.280399999994,realized,day5_take_profit_8
2026-06-15,actual_saved_1450,688146.SH,中船特气,317.1,closed,2026-06-22,0.22856439608956167,closed,2026-06-30,0.10242122358877323,close_below_ma5,/Users/weifeng/works/finance_lab/reports/automation_5_14_50/20260615_145326,真实保存14:50窗口建议,31710.0,0,0.0,no,1,31710.0,yes,30000,fixed5,固定5日卖,skip,0.0,0,,skipped,,0.0,0.0,skip,one_lot_cost_gt_budget
2026-06-15,actual_saved_1450,688146.SH,中船特气,317.1,closed,2026-06-22,0.22856439608956167,closed,2026-06-30,0.10242122358877323,close_below_ma5,/Users/weifeng/works/finance_lab/reports/automation_5_14_50/20260615_145326,真实保存14:50窗口建议,31710.0,0,0.0,no,1,31710.0,yes,40000,fixed5,固定5日卖,buy,31710.0,1,2026-06-26,closed,5,0.21472018290760006,6808.776999999998,realized,fixed_day5
2026-06-15,actual_saved_1450,688146.SH,中船特气,317.1,closed,2026-06-22,0.22856439608956167,closed,2026-06-30,0.10242122358877323,close_below_ma5,/Users/weifeng/works/finance_lab/reports/automation_5_14_50/20260615_145326,真实保存14:50窗口建议,31710.0,0,0.0,no,1,31710.0,yes,30000,ma5_current,当前MA5,skip,0.0,0,,skipped,,0.0,0.0,skip,one_lot_cost_gt_budget
2026-06-15,actual_saved_1450,688146.SH,中船特气,317.1,closed,2026-06-22,0.22856439608956167,closed,2026-06-30,0.10242122358877323,close_below_ma5,/Users/weifeng/works/finance_lab/reports/automation_5_14_50/20260615_145326,真实保存14:50窗口建议,31710.0,0,0.0,no,1,31710.0,yes,40000,ma5_current,当前MA5,buy,31710.0,1,2026-06-30,closed,7,0.10242122358877323,3247.776999999999,realized,close_below_ma5
2026-06-15,actual_saved_1450,688146.SH,中船特气,317.1,closed,2026-06-22,0.22856439608956167,closed,2026-06-30,0.10242122358877323,close_below_ma5,/Users/weifeng/works/finance_lab/reports/automation_5_14_50/20260615_145326,真实保存14:50窗口建议,31710.0,0,0.0,no,1,31710.0,yes,30000,take8_extend3,第5日>=8%止盈；小盈利延长最多3天,skip,0.0,0,,skipped,,0.0,0.0,skip,one_lot_cost_gt_budget
2026-06-15,actual_saved_1450,688146.SH,中船特气,317.1,closed,2026-06-22,0.22856439608956167,closed,2026-06-30,0.10242122358877323,close_below_ma5,/Users/weifeng/works/finance_lab/reports/automation_5_14_50/20260615_145326,真实保存14:50窗口建议,31710.0,0,0.0,no,1,31710.0,yes,40000,take8_extend3,第5日>=8%止盈；小盈利延长最多3天,buy,31710.0,1,2026-06-26,closed,5,0.21472018290760006,6808.776999999998,realized,day5_take_profit_8
2026-06-15,actual_saved_1450,688146.SH,中船特气,317.1,closed,2026-06-22,0.22856439608956167,closed,2026-06-30,0.10242122358877323,close_below_ma5,/Users/weifeng/works/finance_lab/reports/automation_5_14_50/20260615_145326,真实保存14:50窗口建议,31710.0,0,0.0,no,1,31710.0,yes,30000,take10_extend3,第5日>=10%止盈；小盈利延长最多3天,skip,0.0,0,,skipped,,0.0,0.0,skip,one_lot_cost_gt_budget
2026-06-15,actual_saved_1450,688146.SH,中船特气,317.1,closed,2026-06-22,0.22856439608956167,closed,2026-06-30,0.10242122358877323,close_below_ma5,/Users/weifeng/works/finance_lab/reports/automation_5_14_50/20260615_145326,真实保存14:50窗口建议,31710.0,0,0.0,no,1,31710.0,yes,40000,take10_extend3,第5日>=10%止盈；小盈利延长最多3天,buy,31710.0,1,2026-06-26,closed,5,0.21472018290760006,6808.776999999998,realized,day5_take_profit_10
2026-06-15,actual_saved_1450,688146.SH,中船特气,317.1,closed,2026-06-22,0.22856439608956167,closed,2026-06-30,0.10242122358877323,close_below_ma5,/Users/weifeng/works/finance_lab/reports/automation_5_14_50/20260615_145326,真实保存14:50窗口建议,31710.0,0,0.0,no,1,31710.0,yes,30000,take8_extend2,第5日>=8%止盈；小盈利延长最多2天,skip,0.0,0,,skipped,,0.0,0.0,skip,one_lot_cost_gt_budget
2026-06-15,actual_saved_1450,688146.SH,中船特气,317.1,closed,2026-06-22,0.22856439608956167,closed,2026-06-30,0.10242122358877323,close_below_ma5,/Users/weifeng/works/finance_lab/reports/automation_5_14_50/20260615_145326,真实保存14:50窗口建议,31710.0,0,0.0,no,1,31710.0,yes,40000,take8_extend2,第5日>=8%止盈；小盈利延长最多2天,buy,31710.0,1,2026-06-26,closed,5,0.21472018290760006,6808.776999999998,realized,day5_take_profit_8
2026-06-15,actual_saved_1450,688146.SH,中船特气,317.1,closed,2026-06-22,0.22856439608956167,closed,2026-06-30,0.10242122358877323,close_below_ma5,/Users/weifeng/works/finance_lab/reports/automation_5_14_50/20260615_145326,真实保存14:50窗口建议,31710.0,0,0.0,no,1,31710.0,yes,30000,early3_take8_extend3,提前风控(-3%且破MA5)+8%止盈+延3天,skip,0.0,0,,skipped,,0.0,0.0,skip,one_lot_cost_gt_budget
2026-06-15,actual_saved_1450,688146.SH,中船特气,317.1,closed,2026-06-22,0.22856439608956167,closed,2026-06-30,0.10242122358877323,close_below_ma5,/Users/weifeng/works/finance_lab/reports/automation_5_14_50/20260615_145326,真实保存14:50窗口建议,31710.0,0,0.0,no,1,31710.0,yes,40000,early3_take8_extend3,提前风控(-3%且破MA5)+8%止盈+延3天,buy,31710.0,1,2026-06-26,closed,5,0.21472018290760006,6808.776999999998,realized,day5_take_profit_8
2026-06-15,actual_saved_1450,688146.SH,中船特气,317.1,closed,2026-06-22,0.22856439608956167,closed,2026-06-30,0.10242122358877323,close_below_ma5,/Users/weifeng/works/finance_lab/reports/automation_5_14_50/20260615_145326,真实保存14:50窗口建议,31710.0,0,0.0,no,1,31710.0,yes,30000,early5_take8_extend3,提前风控(-5%)+8%止盈+延3天,skip,0.0,0,,skipped,,0.0,0.0,skip,one_lot_cost_gt_budget
2026-06-15,actual_saved_1450,688146.SH,中船特气,317.1,closed,2026-06-22,0.22856439608956167,closed,2026-06-30,0.10242122358877323,close_below_ma5,/Users/weifeng/works/finance_lab/reports/automation_5_14_50/20260615_145326,真实保存14:50窗口建议,31710.0,0,0.0,no,1,31710.0,yes,40000,early5_take8_extend3,提前风控(-5%)+8%止盈+延3天,buy,31710.0,1,2026-06-26,closed,5,0.21472018290760006,6808.776999999998,realized,day5_take_profit_8
2026-06-16,actual_saved_1450,600487.SH,亨通光电,107.36,closed,2026-06-23,0.0888453055141579,closed,2026-06-26,0.028301341281669137,close_below_ma5,/Users/weifeng/works/finance_lab/reports/automation_5_14_50/20260616_145245,真实保存14:50窗口建议,10736.0,2,21472.0,yes,3,32208.0,yes,30000,fixed5,固定5日卖,buy,21472.0,2,2026-06-24,closed,5,0.10477302533532037,2249.686399999999,realized,fixed_day5
2026-06-16,actual_saved_1450,600487.SH,亨通光电,107.36,closed,2026-06-23,0.0888453055141579,closed,2026-06-26,0.028301341281669137,close_below_ma5,/Users/weifeng/works/finance_lab/reports/automation_5_14_50/20260616_145245,真实保存14:50窗口建议,10736.0,2,21472.0,yes,3,32208.0,yes,40000,fixed5,固定5日卖,buy,32208.0,3,2026-06-24,closed,5,0.10477302533532037,3374.5295999999985,realized,fixed_day5
2026-06-16,actual_saved_1450,600487.SH,亨通光电,107.36,closed,2026-06-23,0.0888453055141579,closed,2026-06-26,0.028301341281669137,close_below_ma5,/Users/weifeng/works/finance_lab/reports/automation_5_14_50/20260616_145245,真实保存14:50窗口建议,10736.0,2,21472.0,yes,3,32208.0,yes,30000,ma5_current,当前MA5,buy,21472.0,2,2026-06-26,closed,7,0.028301341281669137,607.6863999999997,realized,close_below_ma5
2026-06-16,actual_saved_1450,600487.SH,亨通光电,107.36,closed,2026-06-23,0.0888453055141579,closed,2026-06-26,0.028301341281669137,close_below_ma5,/Users/weifeng/works/finance_lab/reports/automation_5_14_50/20260616_145245,真实保存14:50窗口建议,10736.0,2,21472.0,yes,3,32208.0,yes,40000,ma5_current,当前MA5,buy,32208.0,3,2026-06-26,closed,7,0.028301341281669137,911.5295999999995,realized,close_below_ma5
2026-06-16,actual_saved_1450,600487.SH,亨通光电,107.36,closed,2026-06-23,0.0888453055141579,closed,2026-06-26,0.028301341281669137,close_below_ma5,/Users/weifeng/works/finance_lab/reports/automation_5_14_50/20260616_145245,真实保存14:50窗口建议,10736.0,2,21472.0,yes,3,32208.0,yes,30000,take8_extend3,第5日>=8%止盈；小盈利延长最多3天,buy,21472.0,2,2026-06-24,closed,5,0.10477302533532037,2249.686399999999,realized,day5_take_profit_8
2026-06-16,actual_saved_1450,600487.SH,亨通光电,107.36,closed,2026-06-23,0.0888453055141579,closed,2026-06-26,0.028301341281669137,close_below_ma5,/Users/weifeng/works/finance_lab/reports/automation_5_14_50/20260616_145245,真实保存14:50窗口建议,10736.0,2,21472.0,yes,3,32208.0,yes,40000,take8_extend3,第5日>=8%止盈；小盈利延长最多3天,buy,32208.0,3,2026-06-24,closed,5,0.10477302533532037,3374.5295999999985,realized,day5_take_profit_8
2026-06-16,actual_saved_1450,600487.SH,亨通光电,107.36,closed,2026-06-23,0.0888453055141579,closed,2026-06-26,0.028301341281669137,close_below_ma5,/Users/weifeng/works/finance_lab/reports/automation_5_14_50/20260616_145245,真实保存14:50窗口建议,10736.0,2,21472.0,yes,3,32208.0,yes,30000,take10_extend3,第5日>=10%止盈；小盈利延长最多3天,buy,21472.0,2,2026-06-24,closed,5,0.10477302533532037,2249.686399999999,realized,day5_take_profit_10
2026-06-16,actual_saved_1450,600487.SH,亨通光电,107.36,closed,2026-06-23,0.0888453055141579,closed,2026-06-26,0.028301341281669137,close_below_ma5,/Users/weifeng/works/finance_lab/reports/automation_5_14_50/20260616_145245,真实保存14:50窗口建议,10736.0,2,21472.0,yes,3,32208.0,yes,40000,take10_extend3,第5日>=10%止盈；小盈利延长最多3天,buy,32208.0,3,2026-06-24,closed,5,0.10477302533532037,3374.5295999999985,realized,day5_take_profit_10
2026-06-16,actual_saved_1450,600487.SH,亨通光电,107.36,closed,2026-06-23,0.0888453055141579,closed,2026-06-26,0.028301341281669137,close_below_ma5,/Users/weifeng/works/finance_lab/reports/automation_5_14_50/20260616_145245,真实保存14:50窗口建议,10736.0,2,21472.0,yes,3,32208.0,yes,30000,take8_extend2,第5日>=8%止盈；小盈利延长最多2天,buy,21472.0,2,2026-06-24,closed,5,0.10477302533532037,2249.686399999999,realized,day5_take_profit_8
2026-06-16,actual_saved_1450,600487.SH,亨通光电,107.36,closed,2026-06-23,0.0888453055141579,closed,2026-06-26,0.028301341281669137,close_below_ma5,/Users/weifeng/works/finance_lab/reports/automation_5_14_50/20260616_145245,真实保存14:50窗口建议,10736.0,2,21472.0,yes,3,32208.0,yes,40000,take8_extend2,第5日>=8%止盈；小盈利延长最多2天,buy,32208.0,3,2026-06-24,closed,5,0.10477302533532037,3374.5295999999985,realized,day5_take_profit_8
2026-06-16,actual_saved_1450,600487.SH,亨通光电,107.36,closed,2026-06-23,0.0888453055141579,closed,2026-06-26,0.028301341281669137,close_below_ma5,/Users/weifeng/works/finance_lab/reports/automation_5_14_50/20260616_145245,真实保存14:50窗口建议,10736.0,2,21472.0,yes,3,32208.0,yes,30000,early3_take8_extend3,提前风控(-3%且破MA5)+8%止盈+延3天,buy,21472.0,2,2026-06-24,closed,5,0.10477302533532037,2249.686399999999,realized,day5_take_profit_8
2026-06-16,actual_saved_1450,600487.SH,亨通光电,107.36,closed,2026-06-23,0.0888453055141579,closed,2026-06-26,0.028301341281669137,close_below_ma5,/Users/weifeng/works/finance_lab/reports/automation_5_14_50/20260616_145245,真实保存14:50窗口建议,10736.0,2,21472.0,yes,3,32208.0,yes,40000,early3_take8_extend3,提前风控(-3%且破MA5)+8%止盈+延3天,buy,32208.0,3,2026-06-24,closed,5,0.10477302533532037,3374.5295999999985,realized,day5_take_profit_8
2026-06-16,actual_saved_1450,600487.SH,亨通光电,107.36,closed,2026-06-23,0.0888453055141579,closed,2026-06-26,0.028301341281669137,close_below_ma5,/Users/weifeng/works/finance_lab/reports/automation_5_14_50/20260616_145245,真实保存14:50窗口建议,10736.0,2,21472.0,yes,3,32208.0,yes,30000,early5_take8_extend3,提前风控(-5%)+8%止盈+延3天,buy,21472.0,2,2026-06-24,closed,5,0.10477302533532037,2249.686399999999,realized,day5_take_profit_8
2026-06-16,actual_saved_1450,600487.SH,亨通光电,107.36,closed,2026-06-23,0.0888453055141579,closed,2026-06-26,0.028301341281669137,close_below_ma5,/Users/weifeng/works/finance_lab/reports/automation_5_14_50/20260616_145245,真实保存14:50窗口建议,10736.0,2,21472.0,yes,3,32208.0,yes,40000,early5_take8_extend3,提前风控(-5%)+8%止盈+延3天,buy,32208.0,3,2026-06-24,closed,5,0.10477302533532037,3374.5295999999985,realized,day5_take_profit_8
2026-06-17,actual_saved_1450,688146.SH,XD中船特,335.28,closed,2026-06-26,0.1487835122882369,closed,2026-06-30,0.04257377714149387,close_below_ma5,/Users/weifeng/works/finance_lab/reports/automation_5_14_50/20260617_145052,真实保存14:50窗口建议,33528.0,0,0.0,no,1,33528.0,yes,30000,fixed5,固定5日卖,skip,0.0,0,,skipped,,0.0,0.0,skip,one_lot_cost_gt_budget
2026-06-17,actual_saved_1450,688146.SH,XD中船特,335.28,closed,2026-06-26,0.1487835122882369,closed,2026-06-30,0.04257377714149387,close_below_ma5,/Users/weifeng/works/finance_lab/reports/automation_5_14_50/20260617_145052,真实保存14:50窗口建议,33528.0,0,0.0,no,1,33528.0,yes,40000,fixed5,固定5日卖,buy,33528.0,1,2026-06-30,closed,5,0.04257377714149387,1427.4136000000065,realized,fixed_day5
2026-06-17,actual_saved_1450,688146.SH,XD中船特,335.28,closed,2026-06-26,0.1487835122882369,closed,2026-06-30,0.04257377714149387,close_below_ma5,/Users/weifeng/works/finance_lab/reports/automation_5_14_50/20260617_145052,真实保存14:50窗口建议,33528.0,0,0.0,no,1,33528.0,yes,30000,ma5_current,当前MA5,skip,0.0,0,,skipped,,0.0,0.0,skip,one_lot_cost_gt_budget
2026-06-17,actual_saved_1450,688146.SH,XD中船特,335.28,closed,2026-06-26,0.1487835122882369,closed,2026-06-30,0.04257377714149387,close_below_ma5,/Users/weifeng/works/finance_lab/reports/automation_5_14_50/20260617_145052,真实保存14:50窗口建议,33528.0,0,0.0,no,1,33528.0,yes,40000,ma5_current,当前MA5,buy,33528.0,1,2026-06-30,closed,5,0.04257377714149387,1427.4136000000065,realized,close_below_ma5
2026-06-17,actual_saved_1450,688146.SH,XD中船特,335.28,closed,2026-06-26,0.1487835122882369,closed,2026-06-30,0.04257377714149387,close_below_ma5,/Users/weifeng/works/finance_lab/reports/automation_5_14_50/20260617_145052,真实保存14:50窗口建议,33528.0,0,0.0,no,1,33528.0,yes,30000,take8_extend3,第5日>=8%止盈；小盈利延长最多3天,skip,0.0,0,,skipped,,0.0,0.0,skip,one_lot_cost_gt_budget
2026-06-17,actual_saved_1450,688146.SH,XD中船特,335.28,closed,2026-06-26,0.1487835122882369,closed,2026-06-30,0.04257377714149387,close_below_ma5,/Users/weifeng/works/finance_lab/reports/automation_5_14_50/20260617_145052,真实保存14:50窗口建议,33528.0,0,0.0,no,1,33528.0,yes,40000,take8_extend3,第5日>=8%止盈；小盈利延长最多3天,buy,33528.0,1,2026-06-30,closed,5,0.04257377714149387,1427.4136000000065,realized,close_below_ma5
2026-06-17,actual_saved_1450,688146.SH,XD中船特,335.28,closed,2026-06-26,0.1487835122882369,closed,2026-06-30,0.04257377714149387,close_below_ma5,/Users/weifeng/works/finance_lab/reports/automation_5_14_50/20260617_145052,真实保存14:50窗口建议,33528.0,0,0.0,no,1,33528.0,yes,30000,take10_extend3,第5日>=10%止盈；小盈利延长最多3天,skip,0.0,0,,skipped,,0.0,0.0,skip,one_lot_cost_gt_budget
2026-06-17,actual_saved_1450,688146.SH,XD中船特,335.28,closed,2026-06-26,0.1487835122882369,closed,2026-06-30,0.04257377714149387,close_below_ma5,/Users/weifeng/works/finance_lab/reports/automation_5_14_50/20260617_145052,真实保存14:50窗口建议,33528.0,0,0.0,no,1,33528.0,yes,40000,take10_extend3,第5日>=10%止盈；小盈利延长最多3天,buy,33528.0,1,2026-06-30,closed,5,0.04257377714149387,1427.4136000000065,realized,close_below_ma5
2026-06-17,actual_saved_1450,688146.SH,XD中船特,335.28,closed,2026-06-26,0.1487835122882369,closed,2026-06-30,0.04257377714149387,close_below_ma5,/Users/weifeng/works/finance_lab/reports/automation_5_14_50/20260617_145052,真实保存14:50窗口建议,33528.0,0,0.0,no,1,33528.0,yes,30000,take8_extend2,第5日>=8%止盈；小盈利延长最多2天,skip,0.0,0,,skipped,,0.0,0.0,skip,one_lot_cost_gt_budget
2026-06-17,actual_saved_1450,688146.SH,XD中船特,335.28,closed,2026-06-26,0.1487835122882369,closed,2026-06-30,0.04257377714149387,close_below_ma5,/Users/weifeng/works/finance_lab/reports/automation_5_14_50/20260617_145052,真实保存14:50窗口建议,33528.0,0,0.0,no,1,33528.0,yes,40000,take8_extend2,第5日>=8%止盈；小盈利延长最多2天,buy,33528.0,1,2026-06-30,closed,5,0.04257377714149387,1427.4136000000065,realized,close_below_ma5
2026-06-17,actual_saved_1450,688146.SH,XD中船特,335.28,closed,2026-06-26,0.1487835122882369,closed,2026-06-30,0.04257377714149387,close_below_ma5,/Users/weifeng/works/finance_lab/reports/automation_5_14_50/20260617_145052,真实保存14:50窗口建议,33528.0,0,0.0,no,1,33528.0,yes,30000,early3_take8_extend3,提前风控(-3%且破MA5)+8%止盈+延3天,skip,0.0,0,,skipped,,0.0,0.0,skip,one_lot_cost_gt_budget
2026-06-17,actual_saved_1450,688146.SH,XD中船特,335.28,closed,2026-06-26,0.1487835122882369,closed,2026-06-30,0.04257377714149387,close_below_ma5,/Users/weifeng/works/finance_lab/reports/automation_5_14_50/20260617_145052,真实保存14:50窗口建议,33528.0,0,0.0,no,1,33528.0,yes,40000,early3_take8_extend3,提前风控(-3%且破MA5)+8%止盈+延3天,buy,33528.0,1,2026-06-30,closed,5,0.04257377714149387,1427.4136000000065,realized,close_below_ma5
2026-06-17,actual_saved_1450,688146.SH,XD中船特,335.28,closed,2026-06-26,0.1487835122882369,closed,2026-06-30,0.04257377714149387,close_below_ma5,/Users/weifeng/works/finance_lab/reports/automation_5_14_50/20260617_145052,真实保存14:50窗口建议,33528.0,0,0.0,no,1,33528.0,yes,30000,early5_take8_extend3,提前风控(-5%)+8%止盈+延3天,skip,0.0,0,,skipped,,0.0,0.0,skip,one_lot_cost_gt_budget
2026-06-17,actual_saved_1450,688146.SH,XD中船特,335.28,closed,2026-06-26,0.1487835122882369,closed,2026-06-30,0.04257377714149387,close_below_ma5,/Users/weifeng/works/finance_lab/reports/automation_5_14_50/20260617_145052,真实保存14:50窗口建议,33528.0,0,0.0,no,1,33528.0,yes,40000,early5_take8_extend3,提前风控(-5%)+8%止盈+延3天,buy,33528.0,1,2026-06-30,closed,5,0.04257377714149387,1427.4136000000065,realized,close_below_ma5
2026-06-18,actual_saved_1450,688146.SH,中船特气,357.06,closed,2026-06-26,0.07863054388618171,open_ma5_hold,2026-07-01,0.05905400212849384,profit_above_ma5,/Users/weifeng/works/finance_lab/reports/automation_5_14_50/20260618_145027,真实保存14:50窗口建议,35706.0,0,0.0,no,1,35706.0,yes,30000,fixed5,固定5日卖,skip,0.0,0,,skipped,,0.0,0.0,skip,one_lot_cost_gt_budget
2026-06-18,actual_saved_1450,688146.SH,中船特气,357.06,closed,2026-06-26,0.07863054388618171,open_ma5_hold,2026-07-01,0.05905400212849384,profit_above_ma5,/Users/weifeng/works/finance_lab/reports/automation_5_14_50/20260618_145027,真实保存14:50窗口建议,35706.0,0,0.0,no,1,35706.0,yes,40000,fixed5,固定5日卖,buy,35706.0,1,2026-07-01,closed,5,0.05905400212849384,2108.582200000001,realized,fixed_day5
2026-06-18,actual_saved_1450,688146.SH,中船特气,357.06,closed,2026-06-26,0.07863054388618171,open_ma5_hold,2026-07-01,0.05905400212849384,profit_above_ma5,/Users/weifeng/works/finance_lab/reports/automation_5_14_50/20260618_145027,真实保存14:50窗口建议,35706.0,0,0.0,no,1,35706.0,yes,30000,ma5_current,当前MA5,skip,0.0,0,,skipped,,0.0,0.0,skip,one_lot_cost_gt_budget
2026-06-18,actual_saved_1450,688146.SH,中船特气,357.06,closed,2026-06-26,0.07863054388618171,open_ma5_hold,2026-07-01,0.05905400212849384,profit_above_ma5,/Users/weifeng/works/finance_lab/reports/automation_5_14_50/20260618_145027,真实保存14:50窗口建议,35706.0,0,0.0,no,1,35706.0,yes,40000,ma5_current,当前MA5,buy,35706.0,1,2026-07-01,open_hold,5,0.05905400212849384,2108.582200000001,floating,profit_above_ma5
2026-06-18,actual_saved_1450,688146.SH,中船特气,357.06,closed,2026-06-26,0.07863054388618171,open_ma5_hold,2026-07-01,0.05905400212849384,profit_above_ma5,/Users/weifeng/works/finance_lab/reports/automation_5_14_50/20260618_145027,真实保存14:50窗口建议,35706.0,0,0.0,no,1,35706.0,yes,30000,take8_extend3,第5日>=8%止盈；小盈利延长最多3天,skip,0.0,0,,skipped,,0.0,0.0,skip,one_lot_cost_gt_budget
2026-06-18,actual_saved_1450,688146.SH,中船特气,357.06,closed,2026-06-26,0.07863054388618171,open_ma5_hold,2026-07-01,0.05905400212849384,profit_above_ma5,/Users/weifeng/works/finance_lab/reports/automation_5_14_50/20260618_145027,真实保存14:50窗口建议,35706.0,0,0.0,no,1,35706.0,yes,40000,take8_extend3,第5日>=8%止盈；小盈利延长最多3天,buy,35706.0,1,2026-07-01,open_hold,5,0.05905400212849384,2108.582200000001,floating,small_profit_above_ma5_hold
2026-06-18,actual_saved_1450,688146.SH,中船特气,357.06,closed,2026-06-26,0.07863054388618171,open_ma5_hold,2026-07-01,0.05905400212849384,profit_above_ma5,/Users/weifeng/works/finance_lab/reports/automation_5_14_50/20260618_145027,真实保存14:50窗口建议,35706.0,0,0.0,no,1,35706.0,yes,30000,take10_extend3,第5日>=10%止盈；小盈利延长最多3天,skip,0.0,0,,skipped,,0.0,0.0,skip,one_lot_cost_gt_budget
2026-06-18,actual_saved_1450,688146.SH,中船特气,357.06,closed,2026-06-26,0.07863054388618171,open_ma5_hold,2026-07-01,0.05905400212849384,profit_above_ma5,/Users/weifeng/works/finance_lab/reports/automation_5_14_50/20260618_145027,真实保存14:50窗口建议,35706.0,0,0.0,no,1,35706.0,yes,40000,take10_extend3,第5日>=10%止盈；小盈利延长最多3天,buy,35706.0,1,2026-07-01,open_hold,5,0.05905400212849384,2108.582200000001,floating,small_profit_above_ma5_hold
2026-06-18,actual_saved_1450,688146.SH,中船特气,357.06,closed,2026-06-26,0.07863054388618171,open_ma5_hold,2026-07-01,0.05905400212849384,profit_above_ma5,/Users/weifeng/works/finance_lab/reports/automation_5_14_50/20260618_145027,真实保存14:50窗口建议,35706.0,0,0.0,no,1,35706.0,yes,30000,take8_extend2,第5日>=8%止盈；小盈利延长最多2天,skip,0.0,0,,skipped,,0.0,0.0,skip,one_lot_cost_gt_budget
2026-06-18,actual_saved_1450,688146.SH,中船特气,357.06,closed,2026-06-26,0.07863054388618171,open_ma5_hold,2026-07-01,0.05905400212849384,profit_above_ma5,/Users/weifeng/works/finance_lab/reports/automation_5_14_50/20260618_145027,真实保存14:50窗口建议,35706.0,0,0.0,no,1,35706.0,yes,40000,take8_extend2,第5日>=8%止盈；小盈利延长最多2天,buy,35706.0,1,2026-07-01,open_hold,5,0.05905400212849384,2108.582200000001,floating,small_profit_above_ma5_hold
2026-06-18,actual_saved_1450,688146.SH,中船特气,357.06,closed,2026-06-26,0.07863054388618171,open_ma5_hold,2026-07-01,0.05905400212849384,profit_above_ma5,/Users/weifeng/works/finance_lab/reports/automation_5_14_50/20260618_145027,真实保存14:50窗口建议,35706.0,0,0.0,no,1,35706.0,yes,30000,early3_take8_extend3,提前风控(-3%且破MA5)+8%止盈+延3天,skip,0.0,0,,skipped,,0.0,0.0,skip,one_lot_cost_gt_budget
2026-06-18,actual_saved_1450,688146.SH,中船特气,357.06,closed,2026-06-26,0.07863054388618171,open_ma5_hold,2026-07-01,0.05905400212849384,profit_above_ma5,/Users/weifeng/works/finance_lab/reports/automation_5_14_50/20260618_145027,真实保存14:50窗口建议,35706.0,0,0.0,no,1,35706.0,yes,40000,early3_take8_extend3,提前风控(-3%且破MA5)+8%止盈+延3天,buy,35706.0,1,2026-07-01,open_hold,5,0.05905400212849384,2108.582200000001,floating,small_profit_above_ma5_hold
2026-06-18,actual_saved_1450,688146.SH,中船特气,357.06,closed,2026-06-26,0.07863054388618171,open_ma5_hold,2026-07-01,0.05905400212849384,profit_above_ma5,/Users/weifeng/works/finance_lab/reports/automation_5_14_50/20260618_145027,真实保存14:50窗口建议,35706.0,0,0.0,no,1,35706.0,yes,30000,early5_take8_extend3,提前风控(-5%)+8%止盈+延3天,skip,0.0,0,,skipped,,0.0,0.0,skip,one_lot_cost_gt_budget
2026-06-18,actual_saved_1450,688146.SH,中船特气,357.06,closed,2026-06-26,0.07863054388618171,open_ma5_hold,2026-07-01,0.05905400212849384,profit_above_ma5,/Users/weifeng/works/finance_lab/reports/automation_5_14_50/20260618_145027,真实保存14:50窗口建议,35706.0,0,0.0,no,1,35706.0,yes,40000,early5_take8_extend3,提前风控(-5%)+8%止盈+延3天,buy,35706.0,1,2026-07-01,open_hold,5,0.05905400212849384,2108.582200000001,floating,small_profit_above_ma5_hold
2026-06-22,actual_saved_1450,688146.SH,中船特气,390.1,closed,2026-06-29,-0.0528252499359139,open_unmatured,2026-07-01,-0.030753986157395583,before_day5_check,/Users/weifeng/works/finance_lab/reports/automation_5_14_50/20260622_145139,真实保存14:50窗口建议,39010.0,0,0.0,no,1,39010.0,yes,30000,fixed5,固定5日卖,skip,0.0,0,,skipped,,0.0,0.0,skip,one_lot_cost_gt_budget
2026-06-22,actual_saved_1450,688146.SH,中船特气,390.1,closed,2026-06-29,-0.0528252499359139,open_unmatured,2026-07-01,-0.030753986157395583,before_day5_check,/Users/weifeng/works/finance_lab/reports/automation_5_14_50/20260622_145139,真实保存14:50窗口建议,39010.0,0,0.0,no,1,39010.0,yes,40000,fixed5,固定5日卖,buy,39010.0,1,2026-07-01,open_unmatured,4,-0.030753986157395583,-1199.7130000000018,floating,before_day5
2026-06-22,actual_saved_1450,688146.SH,中船特气,390.1,closed,2026-06-29,-0.0528252499359139,open_unmatured,2026-07-01,-0.030753986157395583,before_day5_check,/Users/weifeng/works/finance_lab/reports/automation_5_14_50/20260622_145139,真实保存14:50窗口建议,39010.0,0,0.0,no,1,39010.0,yes,30000,ma5_current,当前MA5,skip,0.0,0,,skipped,,0.0,0.0,skip,one_lot_cost_gt_budget
2026-06-22,actual_saved_1450,688146.SH,中船特气,390.1,closed,2026-06-29,-0.0528252499359139,open_unmatured,2026-07-01,-0.030753986157395583,before_day5_check,/Users/weifeng/works/finance_lab/reports/automation_5_14_50/20260622_145139,真实保存14:50窗口建议,39010.0,0,0.0,no,1,39010.0,yes,40000,ma5_current,当前MA5,buy,39010.0,1,2026-07-01,open_unmatured,4,-0.030753986157395583,-1199.7130000000018,floating,before_day5
2026-06-22,actual_saved_1450,688146.SH,中船特气,390.1,closed,2026-06-29,-0.0528252499359139,open_unmatured,2026-07-01,-0.030753986157395583,before_day5_check,/Users/weifeng/works/finance_lab/reports/automation_5_14_50/20260622_145139,真实保存14:50窗口建议,39010.0,0,0.0,no,1,39010.0,yes,30000,take8_extend3,第5日>=8%止盈；小盈利延长最多3天,skip,0.0,0,,skipped,,0.0,0.0,skip,one_lot_cost_gt_budget
2026-06-22,actual_saved_1450,688146.SH,中船特气,390.1,closed,2026-06-29,-0.0528252499359139,open_unmatured,2026-07-01,-0.030753986157395583,before_day5_check,/Users/weifeng/works/finance_lab/reports/automation_5_14_50/20260622_145139,真实保存14:50窗口建议,39010.0,0,0.0,no,1,39010.0,yes,40000,take8_extend3,第5日>=8%止盈；小盈利延长最多3天,buy,39010.0,1,2026-07-01,open_unmatured,4,-0.030753986157395583,-1199.7130000000018,floating,before_day5
2026-06-22,actual_saved_1450,688146.SH,中船特气,390.1,closed,2026-06-29,-0.0528252499359139,open_unmatured,2026-07-01,-0.030753986157395583,before_day5_check,/Users/weifeng/works/finance_lab/reports/automation_5_14_50/20260622_145139,真实保存14:50窗口建议,39010.0,0,0.0,no,1,39010.0,yes,30000,take10_extend3,第5日>=10%止盈；小盈利延长最多3天,skip,0.0,0,,skipped,,0.0,0.0,skip,one_lot_cost_gt_budget
2026-06-22,actual_saved_1450,688146.SH,中船特气,390.1,closed,2026-06-29,-0.0528252499359139,open_unmatured,2026-07-01,-0.030753986157395583,before_day5_check,/Users/weifeng/works/finance_lab/reports/automation_5_14_50/20260622_145139,真实保存14:50窗口建议,39010.0,0,0.0,no,1,39010.0,yes,40000,take10_extend3,第5日>=10%止盈；小盈利延长最多3天,buy,39010.0,1,2026-07-01,open_unmatured,4,-0.030753986157395583,-1199.7130000000018,floating,before_day5
2026-06-22,actual_saved_1450,688146.SH,中船特气,390.1,closed,2026-06-29,-0.0528252499359139,open_unmatured,2026-07-01,-0.030753986157395583,before_day5_check,/Users/weifeng/works/finance_lab/reports/automation_5_14_50/20260622_145139,真实保存14:50窗口建议,39010.0,0,0.0,no,1,39010.0,yes,30000,take8_extend2,第5日>=8%止盈；小盈利延长最多2天,skip,0.0,0,,skipped,,0.0,0.0,skip,one_lot_cost_gt_budget
2026-06-22,actual_saved_1450,688146.SH,中船特气,390.1,closed,2026-06-29,-0.0528252499359139,open_unmatured,2026-07-01,-0.030753986157395583,before_day5_check,/Users/weifeng/works/finance_lab/reports/automation_5_14_50/20260622_145139,真实保存14:50窗口建议,39010.0,0,0.0,no,1,39010.0,yes,40000,take8_extend2,第5日>=8%止盈；小盈利延长最多2天,buy,39010.0,1,2026-07-01,open_unmatured,4,-0.030753986157395583,-1199.7130000000018,floating,before_day5
2026-06-22,actual_saved_1450,688146.SH,中船特气,390.1,closed,2026-06-29,-0.0528252499359139,open_unmatured,2026-07-01,-0.030753986157395583,before_day5_check,/Users/weifeng/works/finance_lab/reports/automation_5_14_50/20260622_145139,真实保存14:50窗口建议,39010.0,0,0.0,no,1,39010.0,yes,30000,early3_take8_extend3,提前风控(-3%且破MA5)+8%止盈+延3天,skip,0.0,0,,skipped,,0.0,0.0,skip,one_lot_cost_gt_budget
2026-06-22,actual_saved_1450,688146.SH,中船特气,390.1,closed,2026-06-29,-0.0528252499359139,open_unmatured,2026-07-01,-0.030753986157395583,before_day5_check,/Users/weifeng/works/finance_lab/reports/automation_5_14_50/20260622_145139,真实保存14:50窗口建议,39010.0,0,0.0,no,1,39010.0,yes,40000,early3_take8_extend3,提前风控(-3%且破MA5)+8%止盈+延3天,buy,39010.0,1,2026-06-29,closed,2,-0.0528252499359139,-2060.713000000001,realized,early_loss3_below_ma5
2026-06-22,actual_saved_1450,688146.SH,中船特气,390.1,closed,2026-06-29,-0.0528252499359139,open_unmatured,2026-07-01,-0.030753986157395583,before_day5_check,/Users/weifeng/works/finance_lab/reports/automation_5_14_50/20260622_145139,真实保存14:50窗口建议,39010.0,0,0.0,no,1,39010.0,yes,30000,early5_take8_extend3,提前风控(-5%)+8%止盈+延3天,skip,0.0,0,,skipped,,0.0,0.0,skip,one_lot_cost_gt_budget
2026-06-22,actual_saved_1450,688146.SH,中船特气,390.1,closed,2026-06-29,-0.0528252499359139,open_unmatured,2026-07-01,-0.030753986157395583,before_day5_check,/Users/weifeng/works/finance_lab/reports/automation_5_14_50/20260622_145139,真实保存14:50窗口建议,39010.0,0,0.0,no,1,39010.0,yes,40000,early5_take8_extend3,提前风控(-5%)+8%止盈+延3天,buy,39010.0,1,2026-06-29,closed,2,-0.0528252499359139,-2060.713000000001,realized,early_loss5
2026-06-23,actual_saved_1450,603929.SH,亚翔集成,210.57,closed,2026-06-30,0.2905269459087239,closed,2026-07-01,0.2230434487343876,close_below_ma5,/Users/weifeng/works/finance_lab/reports/automation_5_14_50/20260623_145130,真实保存14:50窗口建议,21057.0,1,21057.0,yes,1,21057.0,yes,30000,fixed5,固定5日卖,buy,21057.0,1,2026-06-30,closed,5,0.2905269459087239,6117.625899999999,realized,fixed_day5
2026-06-23,actual_saved_1450,603929.SH,亚翔集成,210.57,closed,2026-06-30,0.2905269459087239,closed,2026-07-01,0.2230434487343876,close_below_ma5,/Users/weifeng/works/finance_lab/reports/automation_5_14_50/20260623_145130,真实保存14:50窗口建议,21057.0,1,21057.0,yes,1,21057.0,yes,40000,fixed5,固定5日卖,buy,21057.0,1,2026-06-30,closed,5,0.2905269459087239,6117.625899999999,realized,fixed_day5
2026-06-23,actual_saved_1450,603929.SH,亚翔集成,210.57,closed,2026-06-30,0.2905269459087239,closed,2026-07-01,0.2230434487343876,close_below_ma5,/Users/weifeng/works/finance_lab/reports/automation_5_14_50/20260623_145130,真实保存14:50窗口建议,21057.0,1,21057.0,yes,1,21057.0,yes,30000,ma5_current,当前MA5,buy,21057.0,1,2026-07-01,closed,6,0.2230434487343876,4696.6259,realized,close_below_ma5
2026-06-23,actual_saved_1450,603929.SH,亚翔集成,210.57,closed,2026-06-30,0.2905269459087239,closed,2026-07-01,0.2230434487343876,close_below_ma5,/Users/weifeng/works/finance_lab/reports/automation_5_14_50/20260623_145130,真实保存14:50窗口建议,21057.0,1,21057.0,yes,1,21057.0,yes,40000,ma5_current,当前MA5,buy,21057.0,1,2026-07-01,closed,6,0.2230434487343876,4696.6259,realized,close_below_ma5
2026-06-23,actual_saved_1450,603929.SH,亚翔集成,210.57,closed,2026-06-30,0.2905269459087239,closed,2026-07-01,0.2230434487343876,close_below_ma5,/Users/weifeng/works/finance_lab/reports/automation_5_14_50/20260623_145130,真实保存14:50窗口建议,21057.0,1,21057.0,yes,1,21057.0,yes,30000,take8_extend3,第5日>=8%止盈；小盈利延长最多3天,buy,21057.0,1,2026-06-30,closed,5,0.2905269459087239,6117.625899999999,realized,day5_take_profit_8
2026-06-23,actual_saved_1450,603929.SH,亚翔集成,210.57,closed,2026-06-30,0.2905269459087239,closed,2026-07-01,0.2230434487343876,close_below_ma5,/Users/weifeng/works/finance_lab/reports/automation_5_14_50/20260623_145130,真实保存14:50窗口建议,21057.0,1,21057.0,yes,1,21057.0,yes,40000,take8_extend3,第5日>=8%止盈；小盈利延长最多3天,buy,21057.0,1,2026-06-30,closed,5,0.2905269459087239,6117.625899999999,realized,day5_take_profit_8
2026-06-23,actual_saved_1450,603929.SH,亚翔集成,210.57,closed,2026-06-30,0.2905269459087239,closed,2026-07-01,0.2230434487343876,close_below_ma5,/Users/weifeng/works/finance_lab/reports/automation_5_14_50/20260623_145130,真实保存14:50窗口建议,21057.0,1,21057.0,yes,1,21057.0,yes,30000,take10_extend3,第5日>=10%止盈；小盈利延长最多3天,buy,21057.0,1,2026-06-30,closed,5,0.2905269459087239,6117.625899999999,realized,day5_take_profit_10
2026-06-23,actual_saved_1450,603929.SH,亚翔集成,210.57,closed,2026-06-30,0.2905269459087239,closed,2026-07-01,0.2230434487343876,close_below_ma5,/Users/weifeng/works/finance_lab/reports/automation_5_14_50/20260623_145130,真实保存14:50窗口建议,21057.0,1,21057.0,yes,1,21057.0,yes,40000,take10_extend3,第5日>=10%止盈；小盈利延长最多3天,buy,21057.0,1,2026-06-30,closed,5,0.2905269459087239,6117.625899999999,realized,day5_take_profit_10
2026-06-23,actual_saved_1450,603929.SH,亚翔集成,210.57,closed,2026-06-30,0.2905269459087239,closed,2026-07-01,0.2230434487343876,close_below_ma5,/Users/weifeng/works/finance_lab/reports/automation_5_14_50/20260623_145130,真实保存14:50窗口建议,21057.0,1,21057.0,yes,1,21057.0,yes,30000,take8_extend2,第5日>=8%止盈；小盈利延长最多2天,buy,21057.0,1,2026-06-30,closed,5,0.2905269459087239,6117.625899999999,realized,day5_take_profit_8
2026-06-23,actual_saved_1450,603929.SH,亚翔集成,210.57,closed,2026-06-30,0.2905269459087239,closed,2026-07-01,0.2230434487343876,close_below_ma5,/Users/weifeng/works/finance_lab/reports/automation_5_14_50/20260623_145130,真实保存14:50窗口建议,21057.0,1,21057.0,yes,1,21057.0,yes,40000,take8_extend2,第5日>=8%止盈；小盈利延长最多2天,buy,21057.0,1,2026-06-30,closed,5,0.2905269459087239,6117.625899999999,realized,day5_take_profit_8
2026-06-23,actual_saved_1450,603929.SH,亚翔集成,210.57,closed,2026-06-30,0.2905269459087239,closed,2026-07-01,0.2230434487343876,close_below_ma5,/Users/weifeng/works/finance_lab/reports/automation_5_14_50/20260623_145130,真实保存14:50窗口建议,21057.0,1,21057.0,yes,1,21057.0,yes,30000,early3_take8_extend3,提前风控(-3%且破MA5)+8%止盈+延3天,buy,21057.0,1,2026-06-30,closed,5,0.2905269459087239,6117.625899999999,realized,day5_take_profit_8
2026-06-23,actual_saved_1450,603929.SH,亚翔集成,210.57,closed,2026-06-30,0.2905269459087239,closed,2026-07-01,0.2230434487343876,close_below_ma5,/Users/weifeng/works/finance_lab/reports/automation_5_14_50/20260623_145130,真实保存14:50窗口建议,21057.0,1,21057.0,yes,1,21057.0,yes,40000,early3_take8_extend3,提前风控(-3%且破MA5)+8%止盈+延3天,buy,21057.0,1,2026-06-30,closed,5,0.2905269459087239,6117.625899999999,realized,day5_take_profit_8
2026-06-23,actual_saved_1450,603929.SH,亚翔集成,210.57,closed,2026-06-30,0.2905269459087239,closed,2026-07-01,0.2230434487343876,close_below_ma5,/Users/weifeng/works/finance_lab/reports/automation_5_14_50/20260623_145130,真实保存14:50窗口建议,21057.0,1,21057.0,yes,1,21057.0,yes,30000,early5_take8_extend3,提前风控(-5%)+8%止盈+延3天,buy,21057.0,1,2026-06-30,closed,5,0.2905269459087239,6117.625899999999,realized,day5_take_profit_8
2026-06-23,actual_saved_1450,603929.SH,亚翔集成,210.57,closed,2026-06-30,0.2905269459087239,closed,2026-07-01,0.2230434487343876,close_below_ma5,/Users/weifeng/works/finance_lab/reports/automation_5_14_50/20260623_145130,真实保存14:50窗口建议,21057.0,1,21057.0,yes,1,21057.0,yes,40000,early5_take8_extend3,提前风控(-5%)+8%止盈+延3天,buy,21057.0,1,2026-06-30,closed,5,0.2905269459087239,6117.625899999999,realized,day5_take_profit_8
2026-06-24,actual_saved_1450,301319.SZ,唯特偶,200.2,closed,2026-07-01,-0.14026103896103895,closed,2026-07-01,-0.14026103896103895,day5_net_return_not_positive,/Users/weifeng/works/finance_lab/reports/automation_5_14_50/20260624_145243,真实保存14:50窗口建议,20020.0,1,20020.0,yes,1,20020.0,yes,30000,fixed5,固定5日卖,buy,20020.0,1,2026-07-01,closed,5,-0.14026103896103895,-2808.026,realized,fixed_day5
2026-06-24,actual_saved_1450,301319.SZ,唯特偶,200.2,closed,2026-07-01,-0.14026103896103895,closed,2026-07-01,-0.14026103896103895,day5_net_return_not_positive,/Users/weifeng/works/finance_lab/reports/automation_5_14_50/20260624_145243,真实保存14:50窗口建议,20020.0,1,20020.0,yes,1,20020.0,yes,40000,fixed5,固定5日卖,buy,20020.0,1,2026-07-01,closed,5,-0.14026103896103895,-2808.026,realized,fixed_day5
2026-06-24,actual_saved_1450,301319.SZ,唯特偶,200.2,closed,2026-07-01,-0.14026103896103895,closed,2026-07-01,-0.14026103896103895,day5_net_return_not_positive,/Users/weifeng/works/finance_lab/reports/automation_5_14_50/20260624_145243,真实保存14:50窗口建议,20020.0,1,20020.0,yes,1,20020.0,yes,30000,ma5_current,当前MA5,buy,20020.0,1,2026-07-01,closed,5,-0.14026103896103895,-2808.026,realized,day5_net_return_not_positive
2026-06-24,actual_saved_1450,301319.SZ,唯特偶,200.2,closed,2026-07-01,-0.14026103896103895,closed,2026-07-01,-0.14026103896103895,day5_net_return_not_positive,/Users/weifeng/works/finance_lab/reports/automation_5_14_50/20260624_145243,真实保存14:50窗口建议,20020.0,1,20020.0,yes,1,20020.0,yes,40000,ma5_current,当前MA5,buy,20020.0,1,2026-07-01,closed,5,-0.14026103896103895,-2808.026,realized,day5_net_return_not_positive
2026-06-24,actual_saved_1450,301319.SZ,唯特偶,200.2,closed,2026-07-01,-0.14026103896103895,closed,2026-07-01,-0.14026103896103895,day5_net_return_not_positive,/Users/weifeng/works/finance_lab/reports/automation_5_14_50/20260624_145243,真实保存14:50窗口建议,20020.0,1,20020.0,yes,1,20020.0,yes,30000,take8_extend3,第5日>=8%止盈；小盈利延长最多3天,buy,20020.0,1,2026-07-01,closed,5,-0.14026103896103895,-2808.026,realized,day5_net_return_not_positive
2026-06-24,actual_saved_1450,301319.SZ,唯特偶,200.2,closed,2026-07-01,-0.14026103896103895,closed,2026-07-01,-0.14026103896103895,day5_net_return_not_positive,/Users/weifeng/works/finance_lab/reports/automation_5_14_50/20260624_145243,真实保存14:50窗口建议,20020.0,1,20020.0,yes,1,20020.0,yes,40000,take8_extend3,第5日>=8%止盈；小盈利延长最多3天,buy,20020.0,1,2026-07-01,closed,5,-0.14026103896103895,-2808.026,realized,day5_net_return_not_positive
2026-06-24,actual_saved_1450,301319.SZ,唯特偶,200.2,closed,2026-07-01,-0.14026103896103895,closed,2026-07-01,-0.14026103896103895,day5_net_return_not_positive,/Users/weifeng/works/finance_lab/reports/automation_5_14_50/20260624_145243,真实保存14:50窗口建议,20020.0,1,20020.0,yes,1,20020.0,yes,30000,take10_extend3,第5日>=10%止盈；小盈利延长最多3天,buy,20020.0,1,2026-07-01,closed,5,-0.14026103896103895,-2808.026,realized,day5_net_return_not_positive
2026-06-24,actual_saved_1450,301319.SZ,唯特偶,200.2,closed,2026-07-01,-0.14026103896103895,closed,2026-07-01,-0.14026103896103895,day5_net_return_not_positive,/Users/weifeng/works/finance_lab/reports/automation_5_14_50/20260624_145243,真实保存14:50窗口建议,20020.0,1,20020.0,yes,1,20020.0,yes,40000,take10_extend3,第5日>=10%止盈；小盈利延长最多3天,buy,20020.0,1,2026-07-01,closed,5,-0.14026103896103895,-2808.026,realized,day5_net_return_not_positive
2026-06-24,actual_saved_1450,301319.SZ,唯特偶,200.2,closed,2026-07-01,-0.14026103896103895,closed,2026-07-01,-0.14026103896103895,day5_net_return_not_positive,/Users/weifeng/works/finance_lab/reports/automation_5_14_50/20260624_145243,真实保存14:50窗口建议,20020.0,1,20020.0,yes,1,20020.0,yes,30000,take8_extend2,第5日>=8%止盈；小盈利延长最多2天,buy,20020.0,1,2026-07-01,closed,5,-0.14026103896103895,-2808.026,realized,day5_net_return_not_positive
2026-06-24,actual_saved_1450,301319.SZ,唯特偶,200.2,closed,2026-07-01,-0.14026103896103895,closed,2026-07-01,-0.14026103896103895,day5_net_return_not_positive,/Users/weifeng/works/finance_lab/reports/automation_5_14_50/20260624_145243,真实保存14:50窗口建议,20020.0,1,20020.0,yes,1,20020.0,yes,40000,take8_extend2,第5日>=8%止盈；小盈利延长最多2天,buy,20020.0,1,2026-07-01,closed,5,-0.14026103896103895,-2808.026,realized,day5_net_return_not_positive
2026-06-24,actual_saved_1450,301319.SZ,唯特偶,200.2,closed,2026-07-01,-0.14026103896103895,closed,2026-07-01,-0.14026103896103895,day5_net_return_not_positive,/Users/weifeng/works/finance_lab/reports/automation_5_14_50/20260624_145243,真实保存14:50窗口建议,20020.0,1,20020.0,yes,1,20020.0,yes,30000,early3_take8_extend3,提前风控(-3%且破MA5)+8%止盈+延3天,buy,20020.0,1,2026-06-29,closed,3,-0.11713416583416583,-2345.026,realized,early_loss3_below_ma5
2026-06-24,actual_saved_1450,301319.SZ,唯特偶,200.2,closed,2026-07-01,-0.14026103896103895,closed,2026-07-01,-0.14026103896103895,day5_net_return_not_positive,/Users/weifeng/works/finance_lab/reports/automation_5_14_50/20260624_145243,真实保存14:50窗口建议,20020.0,1,20020.0,yes,1,20020.0,yes,40000,early3_take8_extend3,提前风控(-3%且破MA5)+8%止盈+延3天,buy,20020.0,1,2026-06-29,closed,3,-0.11713416583416583,-2345.026,realized,early_loss3_below_ma5
2026-06-24,actual_saved_1450,301319.SZ,唯特偶,200.2,closed,2026-07-01,-0.14026103896103895,closed,2026-07-01,-0.14026103896103895,day5_net_return_not_positive,/Users/weifeng/works/finance_lab/reports/automation_5_14_50/20260624_145243,真实保存14:50窗口建议,20020.0,1,20020.0,yes,1,20020.0,yes,30000,early5_take8_extend3,提前风控(-5%)+8%止盈+延3天,buy,20020.0,1,2026-06-29,closed,3,-0.11713416583416583,-2345.026,realized,early_loss5
2026-06-24,actual_saved_1450,301319.SZ,唯特偶,200.2,closed,2026-07-01,-0.14026103896103895,closed,2026-07-01,-0.14026103896103895,day5_net_return_not_positive,/Users/weifeng/works/finance_lab/reports/automation_5_14_50/20260624_145243,真实保存14:50窗口建议,20020.0,1,20020.0,yes,1,20020.0,yes,40000,early5_take8_extend3,提前风控(-5%)+8%止盈+延3天,buy,20020.0,1,2026-06-29,closed,3,-0.11713416583416583,-2345.026,realized,early_loss5
2026-06-25,actual_saved_1450,300308.SZ,中际旭创,1332.75,open_unmatured,2026-07-01,-0.08352097167510777,open_unmatured,2026-07-01,-0.08352097167510777,before_day5_check,/Users/weifeng/works/finance_lab/reports/automation_5_14_50/20260625_145020,真实保存14:50窗口建议,133275.0,0,0.0,no,0,0.0,no,30000,fixed5,固定5日卖,skip,0.0,0,,skipped,,0.0,0.0,skip,one_lot_cost_gt_budget
2026-06-25,actual_saved_1450,300308.SZ,中际旭创,1332.75,open_unmatured,2026-07-01,-0.08352097167510777,open_unmatured,2026-07-01,-0.08352097167510777,before_day5_check,/Users/weifeng/works/finance_lab/reports/automation_5_14_50/20260625_145020,真实保存14:50窗口建议,133275.0,0,0.0,no,0,0.0,no,40000,fixed5,固定5日卖,skip,0.0,0,,skipped,,0.0,0.0,skip,one_lot_cost_gt_budget
2026-06-25,actual_saved_1450,300308.SZ,中际旭创,1332.75,open_unmatured,2026-07-01,-0.08352097167510777,open_unmatured,2026-07-01,-0.08352097167510777,before_day5_check,/Users/weifeng/works/finance_lab/reports/automation_5_14_50/20260625_145020,真实保存14:50窗口建议,133275.0,0,0.0,no,0,0.0,no,30000,ma5_current,当前MA5,skip,0.0,0,,skipped,,0.0,0.0,skip,one_lot_cost_gt_budget
2026-06-25,actual_saved_1450,300308.SZ,中际旭创,1332.75,open_unmatured,2026-07-01,-0.08352097167510777,open_unmatured,2026-07-01,-0.08352097167510777,before_day5_check,/Users/weifeng/works/finance_lab/reports/automation_5_14_50/20260625_145020,真实保存14:50窗口建议,133275.0,0,0.0,no,0,0.0,no,40000,ma5_current,当前MA5,skip,0.0,0,,skipped,,0.0,0.0,skip,one_lot_cost_gt_budget
2026-06-25,actual_saved_1450,300308.SZ,中际旭创,1332.75,open_unmatured,2026-07-01,-0.08352097167510777,open_unmatured,2026-07-01,-0.08352097167510777,before_day5_check,/Users/weifeng/works/finance_lab/reports/automation_5_14_50/20260625_145020,真实保存14:50窗口建议,133275.0,0,0.0,no,0,0.0,no,30000,take8_extend3,第5日>=8%止盈；小盈利延长最多3天,skip,0.0,0,,skipped,,0.0,0.0,skip,one_lot_cost_gt_budget
2026-06-25,actual_saved_1450,300308.SZ,中际旭创,1332.75,open_unmatured,2026-07-01,-0.08352097167510777,open_unmatured,2026-07-01,-0.08352097167510777,before_day5_check,/Users/weifeng/works/finance_lab/reports/automation_5_14_50/20260625_145020,真实保存14:50窗口建议,133275.0,0,0.0,no,0,0.0,no,40000,take8_extend3,第5日>=8%止盈；小盈利延长最多3天,skip,0.0,0,,skipped,,0.0,0.0,skip,one_lot_cost_gt_budget
2026-06-25,actual_saved_1450,300308.SZ,中际旭创,1332.75,open_unmatured,2026-07-01,-0.08352097167510777,open_unmatured,2026-07-01,-0.08352097167510777,before_day5_check,/Users/weifeng/works/finance_lab/reports/automation_5_14_50/20260625_145020,真实保存14:50窗口建议,133275.0,0,0.0,no,0,0.0,no,30000,take10_extend3,第5日>=10%止盈；小盈利延长最多3天,skip,0.0,0,,skipped,,0.0,0.0,skip,one_lot_cost_gt_budget
2026-06-25,actual_saved_1450,300308.SZ,中际旭创,1332.75,open_unmatured,2026-07-01,-0.08352097167510777,open_unmatured,2026-07-01,-0.08352097167510777,before_day5_check,/Users/weifeng/works/finance_lab/reports/automation_5_14_50/20260625_145020,真实保存14:50窗口建议,133275.0,0,0.0,no,0,0.0,no,40000,take10_extend3,第5日>=10%止盈；小盈利延长最多3天,skip,0.0,0,,skipped,,0.0,0.0,skip,one_lot_cost_gt_budget
2026-06-25,actual_saved_1450,300308.SZ,中际旭创,1332.75,open_unmatured,2026-07-01,-0.08352097167510777,open_unmatured,2026-07-01,-0.08352097167510777,before_day5_check,/Users/weifeng/works/finance_lab/reports/automation_5_14_50/20260625_145020,真实保存14:50窗口建议,133275.0,0,0.0,no,0,0.0,no,30000,take8_extend2,第5日>=8%止盈；小盈利延长最多2天,skip,0.0,0,,skipped,,0.0,0.0,skip,one_lot_cost_gt_budget
2026-06-25,actual_saved_1450,300308.SZ,中际旭创,1332.75,open_unmatured,2026-07-01,-0.08352097167510777,open_unmatured,2026-07-01,-0.08352097167510777,before_day5_check,/Users/weifeng/works/finance_lab/reports/automation_5_14_50/20260625_145020,真实保存14:50窗口建议,133275.0,0,0.0,no,0,0.0,no,40000,take8_extend2,第5日>=8%止盈；小盈利延长最多2天,skip,0.0,0,,skipped,,0.0,0.0,skip,one_lot_cost_gt_budget
2026-06-25,actual_saved_1450,300308.SZ,中际旭创,1332.75,open_unmatured,2026-07-01,-0.08352097167510777,open_unmatured,2026-07-01,-0.08352097167510777,before_day5_check,/Users/weifeng/works/finance_lab/reports/automation_5_14_50/20260625_145020,真实保存14:50窗口建议,133275.0,0,0.0,no,0,0.0,no,30000,early3_take8_extend3,提前风控(-3%且破MA5)+8%止盈+延3天,skip,0.0,0,,skipped,,0.0,0.0,skip,one_lot_cost_gt_budget
2026-06-25,actual_saved_1450,300308.SZ,中际旭创,1332.75,open_unmatured,2026-07-01,-0.08352097167510777,open_unmatured,2026-07-01,-0.08352097167510777,before_day5_check,/Users/weifeng/works/finance_lab/reports/automation_5_14_50/20260625_145020,真实保存14:50窗口建议,133275.0,0,0.0,no,0,0.0,no,40000,early3_take8_extend3,提前风控(-3%且破MA5)+8%止盈+延3天,skip,0.0,0,,skipped,,0.0,0.0,skip,one_lot_cost_gt_budget
2026-06-25,actual_saved_1450,300308.SZ,中际旭创,1332.75,open_unmatured,2026-07-01,-0.08352097167510777,open_unmatured,2026-07-01,-0.08352097167510777,before_day5_check,/Users/weifeng/works/finance_lab/reports/automation_5_14_50/20260625_145020,真实保存14:50窗口建议,133275.0,0,0.0,no,0,0.0,no,30000,early5_take8_extend3,提前风控(-5%)+8%止盈+延3天,skip,0.0,0,,skipped,,0.0,0.0,skip,one_lot_cost_gt_budget
2026-06-25,actual_saved_1450,300308.SZ,中际旭创,1332.75,open_unmatured,2026-07-01,-0.08352097167510777,open_unmatured,2026-07-01,-0.08352097167510777,before_day5_check,/Users/weifeng/works/finance_lab/reports/automation_5_14_50/20260625_145020,真实保存14:50窗口建议,133275.0,0,0.0,no,0,0.0,no,40000,early5_take8_extend3,提前风控(-5%)+8%止盈+延3天,skip,0.0,0,,skipped,,0.0,0.0,skip,one_lot_cost_gt_budget
2026-06-26,actual_saved_1450,603986.SH,兆易创新,770.0,open_unmatured,2026-07-01,0.0013103896103895075,open_unmatured,2026-07-01,0.0013103896103895075,before_day5_check,/Users/weifeng/works/finance_lab/reports/automation_5_14_50/20260626_145153,真实保存14:50窗口建议,77000.0,0,0.0,no,0,0.0,no,30000,fixed5,固定5日卖,skip,0.0,0,,skipped,,0.0,0.0,skip,one_lot_cost_gt_budget
2026-06-26,actual_saved_1450,603986.SH,兆易创新,770.0,open_unmatured,2026-07-01,0.0013103896103895075,open_unmatured,2026-07-01,0.0013103896103895075,before_day5_check,/Users/weifeng/works/finance_lab/reports/automation_5_14_50/20260626_145153,真实保存14:50窗口建议,77000.0,0,0.0,no,0,0.0,no,40000,fixed5,固定5日卖,skip,0.0,0,,skipped,,0.0,0.0,skip,one_lot_cost_gt_budget
2026-06-26,actual_saved_1450,603986.SH,兆易创新,770.0,open_unmatured,2026-07-01,0.0013103896103895075,open_unmatured,2026-07-01,0.0013103896103895075,before_day5_check,/Users/weifeng/works/finance_lab/reports/automation_5_14_50/20260626_145153,真实保存14:50窗口建议,77000.0,0,0.0,no,0,0.0,no,30000,ma5_current,当前MA5,skip,0.0,0,,skipped,,0.0,0.0,skip,one_lot_cost_gt_budget
2026-06-26,actual_saved_1450,603986.SH,兆易创新,770.0,open_unmatured,2026-07-01,0.0013103896103895075,open_unmatured,2026-07-01,0.0013103896103895075,before_day5_check,/Users/weifeng/works/finance_lab/reports/automation_5_14_50/20260626_145153,真实保存14:50窗口建议,77000.0,0,0.0,no,0,0.0,no,40000,ma5_current,当前MA5,skip,0.0,0,,skipped,,0.0,0.0,skip,one_lot_cost_gt_budget
2026-06-26,actual_saved_1450,603986.SH,兆易创新,770.0,open_unmatured,2026-07-01,0.0013103896103895075,open_unmatured,2026-07-01,0.0013103896103895075,before_day5_check,/Users/weifeng/works/finance_lab/reports/automation_5_14_50/20260626_145153,真实保存14:50窗口建议,77000.0,0,0.0,no,0,0.0,no,30000,take8_extend3,第5日>=8%止盈；小盈利延长最多3天,skip,0.0,0,,skipped,,0.0,0.0,skip,one_lot_cost_gt_budget
2026-06-26,actual_saved_1450,603986.SH,兆易创新,770.0,open_unmatured,2026-07-01,0.0013103896103895075,open_unmatured,2026-07-01,0.0013103896103895075,before_day5_check,/Users/weifeng/works/finance_lab/reports/automation_5_14_50/20260626_145153,真实保存14:50窗口建议,77000.0,0,0.0,no,0,0.0,no,40000,take8_extend3,第5日>=8%止盈；小盈利延长最多3天,skip,0.0,0,,skipped,,0.0,0.0,skip,one_lot_cost_gt_budget
2026-06-26,actual_saved_1450,603986.SH,兆易创新,770.0,open_unmatured,2026-07-01,0.0013103896103895075,open_unmatured,2026-07-01,0.0013103896103895075,before_day5_check,/Users/weifeng/works/finance_lab/reports/automation_5_14_50/20260626_145153,真实保存14:50窗口建议,77000.0,0,0.0,no,0,0.0,no,30000,take10_extend3,第5日>=10%止盈；小盈利延长最多3天,skip,0.0,0,,skipped,,0.0,0.0,skip,one_lot_cost_gt_budget
2026-06-26,actual_saved_1450,603986.SH,兆易创新,770.0,open_unmatured,2026-07-01,0.0013103896103895075,open_unmatured,2026-07-01,0.0013103896103895075,before_day5_check,/Users/weifeng/works/finance_lab/reports/automation_5_14_50/20260626_145153,真实保存14:50窗口建议,77000.0,0,0.0,no,0,0.0,no,40000,take10_extend3,第5日>=10%止盈；小盈利延长最多3天,skip,0.0,0,,skipped,,0.0,0.0,skip,one_lot_cost_gt_budget
2026-06-26,actual_saved_1450,603986.SH,兆易创新,770.0,open_unmatured,2026-07-01,0.0013103896103895075,open_unmatured,2026-07-01,0.0013103896103895075,before_day5_check,/Users/weifeng/works/finance_lab/reports/automation_5_14_50/20260626_145153,真实保存14:50窗口建议,77000.0,0,0.0,no,0,0.0,no,30000,take8_extend2,第5日>=8%止盈；小盈利延长最多2天,skip,0.0,0,,skipped,,0.0,0.0,skip,one_lot_cost_gt_budget
2026-06-26,actual_saved_1450,603986.SH,兆易创新,770.0,open_unmatured,2026-07-01,0.0013103896103895075,open_unmatured,2026-07-01,0.0013103896103895075,before_day5_check,/Users/weifeng/works/finance_lab/reports/automation_5_14_50/20260626_145153,真实保存14:50窗口建议,77000.0,0,0.0,no,0,0.0,no,40000,take8_extend2,第5日>=8%止盈；小盈利延长最多2天,skip,0.0,0,,skipped,,0.0,0.0,skip,one_lot_cost_gt_budget
2026-06-26,actual_saved_1450,603986.SH,兆易创新,770.0,open_unmatured,2026-07-01,0.0013103896103895075,open_unmatured,2026-07-01,0.0013103896103895075,before_day5_check,/Users/weifeng/works/finance_lab/reports/automation_5_14_50/20260626_145153,真实保存14:50窗口建议,77000.0,0,0.0,no,0,0.0,no,30000,early3_take8_extend3,提前风控(-3%且破MA5)+8%止盈+延3天,skip,0.0,0,,skipped,,0.0,0.0,skip,one_lot_cost_gt_budget
2026-06-26,actual_saved_1450,603986.SH,兆易创新,770.0,open_unmatured,2026-07-01,0.0013103896103895075,open_unmatured,2026-07-01,0.0013103896103895075,before_day5_check,/Users/weifeng/works/finance_lab/reports/automation_5_14_50/20260626_145153,真实保存14:50窗口建议,77000.0,0,0.0,no,0,0.0,no,40000,early3_take8_extend3,提前风控(-3%且破MA5)+8%止盈+延3天,skip,0.0,0,,skipped,,0.0,0.0,skip,one_lot_cost_gt_budget
2026-06-26,actual_saved_1450,603986.SH,兆易创新,770.0,open_unmatured,2026-07-01,0.0013103896103895075,open_unmatured,2026-07-01,0.0013103896103895075,before_day5_check,/Users/weifeng/works/finance_lab/reports/automation_5_14_50/20260626_145153,真实保存14:50窗口建议,77000.0,0,0.0,no,0,0.0,no,30000,early5_take8_extend3,提前风控(-5%)+8%止盈+延3天,skip,0.0,0,,skipped,,0.0,0.0,skip,one_lot_cost_gt_budget
2026-06-26,actual_saved_1450,603986.SH,兆易创新,770.0,open_unmatured,2026-07-01,0.0013103896103895075,open_unmatured,2026-07-01,0.0013103896103895075,before_day5_check,/Users/weifeng/works/finance_lab/reports/automation_5_14_50/20260626_145153,真实保存14:50窗口建议,77000.0,0,0.0,no,0,0.0,no,40000,early5_take8_extend3,提前风控(-5%)+8%止盈+延3天,skip,0.0,0,,skipped,,0.0,0.0,skip,one_lot_cost_gt_budget
2026-06-29,proxy_fill,688525.SH,佰维存储,507.0,open_unmatured,2026-07-06,-0.037039644970414266,open_unmatured,2026-07-01,-0.08794694280078899,before_day5_check,/Users/weifeng/works/finance_lab/reports/automation_5_14_50/full_proxy_rank1_ma5_recent_month_20260701_175222,缺真实14:50保存报告；用历史日线代理回测补齐,50700.0,0,0.0,no,0,0.0,no,30000,fixed5,固定5日卖,skip,0.0,0,,skipped,,0.0,0.0,skip,one_lot_cost_gt_budget
2026-06-29,proxy_fill,688525.SH,佰维存储,507.0,open_unmatured,2026-07-06,-0.037039644970414266,open_unmatured,2026-07-01,-0.08794694280078899,before_day5_check,/Users/weifeng/works/finance_lab/reports/automation_5_14_50/full_proxy_rank1_ma5_recent_month_20260701_175222,缺真实14:50保存报告；用历史日线代理回测补齐,50700.0,0,0.0,no,0,0.0,no,40000,fixed5,固定5日卖,skip,0.0,0,,skipped,,0.0,0.0,skip,one_lot_cost_gt_budget
2026-06-29,proxy_fill,688525.SH,佰维存储,507.0,open_unmatured,2026-07-06,-0.037039644970414266,open_unmatured,2026-07-01,-0.08794694280078899,before_day5_check,/Users/weifeng/works/finance_lab/reports/automation_5_14_50/full_proxy_rank1_ma5_recent_month_20260701_175222,缺真实14:50保存报告；用历史日线代理回测补齐,50700.0,0,0.0,no,0,0.0,no,30000,ma5_current,当前MA5,skip,0.0,0,,skipped,,0.0,0.0,skip,one_lot_cost_gt_budget
2026-06-29,proxy_fill,688525.SH,佰维存储,507.0,open_unmatured,2026-07-06,-0.037039644970414266,open_unmatured,2026-07-01,-0.08794694280078899,before_day5_check,/Users/weifeng/works/finance_lab/reports/automation_5_14_50/full_proxy_rank1_ma5_recent_month_20260701_175222,缺真实14:50保存报告；用历史日线代理回测补齐,50700.0,0,0.0,no,0,0.0,no,40000,ma5_current,当前MA5,skip,0.0,0,,skipped,,0.0,0.0,skip,one_lot_cost_gt_budget
2026-06-29,proxy_fill,688525.SH,佰维存储,507.0,open_unmatured,2026-07-06,-0.037039644970414266,open_unmatured,2026-07-01,-0.08794694280078899,before_day5_check,/Users/weifeng/works/finance_lab/reports/automation_5_14_50/full_proxy_rank1_ma5_recent_month_20260701_175222,缺真实14:50保存报告；用历史日线代理回测补齐,50700.0,0,0.0,no,0,0.0,no,30000,take8_extend3,第5日>=8%止盈；小盈利延长最多3天,skip,0.0,0,,skipped,,0.0,0.0,skip,one_lot_cost_gt_budget
2026-06-29,proxy_fill,688525.SH,佰维存储,507.0,open_unmatured,2026-07-06,-0.037039644970414266,open_unmatured,2026-07-01,-0.08794694280078899,before_day5_check,/Users/weifeng/works/finance_lab/reports/automation_5_14_50/full_proxy_rank1_ma5_recent_month_20260701_175222,缺真实14:50保存报告；用历史日线代理回测补齐,50700.0,0,0.0,no,0,0.0,no,40000,take8_extend3,第5日>=8%止盈；小盈利延长最多3天,skip,0.0,0,,skipped,,0.0,0.0,skip,one_lot_cost_gt_budget
2026-06-29,proxy_fill,688525.SH,佰维存储,507.0,open_unmatured,2026-07-06,-0.037039644970414266,open_unmatured,2026-07-01,-0.08794694280078899,before_day5_check,/Users/weifeng/works/finance_lab/reports/automation_5_14_50/full_proxy_rank1_ma5_recent_month_20260701_175222,缺真实14:50保存报告；用历史日线代理回测补齐,50700.0,0,0.0,no,0,0.0,no,30000,take10_extend3,第5日>=10%止盈；小盈利延长最多3天,skip,0.0,0,,skipped,,0.0,0.0,skip,one_lot_cost_gt_budget
2026-06-29,proxy_fill,688525.SH,佰维存储,507.0,open_unmatured,2026-07-06,-0.037039644970414266,open_unmatured,2026-07-01,-0.08794694280078899,before_day5_check,/Users/weifeng/works/finance_lab/reports/automation_5_14_50/full_proxy_rank1_ma5_recent_month_20260701_175222,缺真实14:50保存报告；用历史日线代理回测补齐,50700.0,0,0.0,no,0,0.0,no,40000,take10_extend3,第5日>=10%止盈；小盈利延长最多3天,skip,0.0,0,,skipped,,0.0,0.0,skip,one_lot_cost_gt_budget
2026-06-29,proxy_fill,688525.SH,佰维存储,507.0,open_unmatured,2026-07-06,-0.037039644970414266,open_unmatured,2026-07-01,-0.08794694280078899,before_day5_check,/Users/weifeng/works/finance_lab/reports/automation_5_14_50/full_proxy_rank1_ma5_recent_month_20260701_175222,缺真实14:50保存报告；用历史日线代理回测补齐,50700.0,0,0.0,no,0,0.0,no,30000,take8_extend2,第5日>=8%止盈；小盈利延长最多2天,skip,0.0,0,,skipped,,0.0,0.0,skip,one_lot_cost_gt_budget
2026-06-29,proxy_fill,688525.SH,佰维存储,507.0,open_unmatured,2026-07-06,-0.037039644970414266,open_unmatured,2026-07-01,-0.08794694280078899,before_day5_check,/Users/weifeng/works/finance_lab/reports/automation_5_14_50/full_proxy_rank1_ma5_recent_month_20260701_175222,缺真实14:50保存报告；用历史日线代理回测补齐,50700.0,0,0.0,no,0,0.0,no,40000,take8_extend2,第5日>=8%止盈；小盈利延长最多2天,skip,0.0,0,,skipped,,0.0,0.0,skip,one_lot_cost_gt_budget
2026-06-29,proxy_fill,688525.SH,佰维存储,507.0,open_unmatured,2026-07-06,-0.037039644970414266,open_unmatured,2026-07-01,-0.08794694280078899,before_day5_check,/Users/weifeng/works/finance_lab/reports/automation_5_14_50/full_proxy_rank1_ma5_recent_month_20260701_175222,缺真实14:50保存报告；用历史日线代理回测补齐,50700.0,0,0.0,no,0,0.0,no,30000,early3_take8_extend3,提前风控(-3%且破MA5)+8%止盈+延3天,skip,0.0,0,,skipped,,0.0,0.0,skip,one_lot_cost_gt_budget
2026-06-29,proxy_fill,688525.SH,佰维存储,507.0,open_unmatured,2026-07-06,-0.037039644970414266,open_unmatured,2026-07-01,-0.08794694280078899,before_day5_check,/Users/weifeng/works/finance_lab/reports/automation_5_14_50/full_proxy_rank1_ma5_recent_month_20260701_175222,缺真实14:50保存报告；用历史日线代理回测补齐,50700.0,0,0.0,no,0,0.0,no,40000,early3_take8_extend3,提前风控(-3%且破MA5)+8%止盈+延3天,skip,0.0,0,,skipped,,0.0,0.0,skip,one_lot_cost_gt_budget
2026-06-29,proxy_fill,688525.SH,佰维存储,507.0,open_unmatured,2026-07-06,-0.037039644970414266,open_unmatured,2026-07-01,-0.08794694280078899,before_day5_check,/Users/weifeng/works/finance_lab/reports/automation_5_14_50/full_proxy_rank1_ma5_recent_month_20260701_175222,缺真实14:50保存报告；用历史日线代理回测补齐,50700.0,0,0.0,no,0,0.0,no,30000,early5_take8_extend3,提前风控(-5%)+8%止盈+延3天,skip,0.0,0,,skipped,,0.0,0.0,skip,one_lot_cost_gt_budget
2026-06-29,proxy_fill,688525.SH,佰维存储,507.0,open_unmatured,2026-07-06,-0.037039644970414266,open_unmatured,2026-07-01,-0.08794694280078899,before_day5_check,/Users/weifeng/works/finance_lab/reports/automation_5_14_50/full_proxy_rank1_ma5_recent_month_20260701_175222,缺真实14:50保存报告；用历史日线代理回测补齐,50700.0,0,0.0,no,0,0.0,no,40000,early5_take8_extend3,提前风控(-5%)+8%止盈+延3天,skip,0.0,0,,skipped,,0.0,0.0,skip,one_lot_cost_gt_budget
2026-06-30,actual_saved_1450,688002.SH,睿创微纳,154.67,open_unmatured,2026-07-01,-0.037958692700588305,open_unmatured,2026-07-01,-0.037958692700588305,before_day5_check,/Users/weifeng/works/finance_lab/reports/automation_5_14_50/20260630_145156,真实保存14:50窗口建议,15467.0,1,15467.0,yes,2,30934.0,yes,30000,fixed5,固定5日卖,buy,15467.0,1,2026-07-01,open_unmatured,1,-0.037958692700588305,-587.1070999999993,floating,before_day5
2026-06-30,actual_saved_1450,688002.SH,睿创微纳,154.67,open_unmatured,2026-07-01,-0.037958692700588305,open_unmatured,2026-07-01,-0.037958692700588305,before_day5_check,/Users/weifeng/works/finance_lab/reports/automation_5_14_50/20260630_145156,真实保存14:50窗口建议,15467.0,1,15467.0,yes,2,30934.0,yes,40000,fixed5,固定5日卖,buy,30934.0,2,2026-07-01,open_unmatured,1,-0.037958692700588305,-1174.2141999999985,floating,before_day5
2026-06-30,actual_saved_1450,688002.SH,睿创微纳,154.67,open_unmatured,2026-07-01,-0.037958692700588305,open_unmatured,2026-07-01,-0.037958692700588305,before_day5_check,/Users/weifeng/works/finance_lab/reports/automation_5_14_50/20260630_145156,真实保存14:50窗口建议,15467.0,1,15467.0,yes,2,30934.0,yes,30000,ma5_current,当前MA5,buy,15467.0,1,2026-07-01,open_unmatured,1,-0.037958692700588305,-587.1070999999993,floating,before_day5
2026-06-30,actual_saved_1450,688002.SH,睿创微纳,154.67,open_unmatured,2026-07-01,-0.037958692700588305,open_unmatured,2026-07-01,-0.037958692700588305,before_day5_check,/Users/weifeng/works/finance_lab/reports/automation_5_14_50/20260630_145156,真实保存14:50窗口建议,15467.0,1,15467.0,yes,2,30934.0,yes,40000,ma5_current,当前MA5,buy,30934.0,2,2026-07-01,open_unmatured,1,-0.037958692700588305,-1174.2141999999985,floating,before_day5
2026-06-30,actual_saved_1450,688002.SH,睿创微纳,154.67,open_unmatured,2026-07-01,-0.037958692700588305,open_unmatured,2026-07-01,-0.037958692700588305,before_day5_check,/Users/weifeng/works/finance_lab/reports/automation_5_14_50/20260630_145156,真实保存14:50窗口建议,15467.0,1,15467.0,yes,2,30934.0,yes,30000,take8_extend3,第5日>=8%止盈；小盈利延长最多3天,buy,15467.0,1,2026-07-01,open_unmatured,1,-0.037958692700588305,-587.1070999999993,floating,before_day5
2026-06-30,actual_saved_1450,688002.SH,睿创微纳,154.67,open_unmatured,2026-07-01,-0.037958692700588305,open_unmatured,2026-07-01,-0.037958692700588305,before_day5_check,/Users/weifeng/works/finance_lab/reports/automation_5_14_50/20260630_145156,真实保存14:50窗口建议,15467.0,1,15467.0,yes,2,30934.0,yes,40000,take8_extend3,第5日>=8%止盈；小盈利延长最多3天,buy,30934.0,2,2026-07-01,open_unmatured,1,-0.037958692700588305,-1174.2141999999985,floating,before_day5
2026-06-30,actual_saved_1450,688002.SH,睿创微纳,154.67,open_unmatured,2026-07-01,-0.037958692700588305,open_unmatured,2026-07-01,-0.037958692700588305,before_day5_check,/Users/weifeng/works/finance_lab/reports/automation_5_14_50/20260630_145156,真实保存14:50窗口建议,15467.0,1,15467.0,yes,2,30934.0,yes,30000,take10_extend3,第5日>=10%止盈；小盈利延长最多3天,buy,15467.0,1,2026-07-01,open_unmatured,1,-0.037958692700588305,-587.1070999999993,floating,before_day5
2026-06-30,actual_saved_1450,688002.SH,睿创微纳,154.67,open_unmatured,2026-07-01,-0.037958692700588305,open_unmatured,2026-07-01,-0.037958692700588305,before_day5_check,/Users/weifeng/works/finance_lab/reports/automation_5_14_50/20260630_145156,真实保存14:50窗口建议,15467.0,1,15467.0,yes,2,30934.0,yes,40000,take10_extend3,第5日>=10%止盈；小盈利延长最多3天,buy,30934.0,2,2026-07-01,open_unmatured,1,-0.037958692700588305,-1174.2141999999985,floating,before_day5
2026-06-30,actual_saved_1450,688002.SH,睿创微纳,154.67,open_unmatured,2026-07-01,-0.037958692700588305,open_unmatured,2026-07-01,-0.037958692700588305,before_day5_check,/Users/weifeng/works/finance_lab/reports/automation_5_14_50/20260630_145156,真实保存14:50窗口建议,15467.0,1,15467.0,yes,2,30934.0,yes,30000,take8_extend2,第5日>=8%止盈；小盈利延长最多2天,buy,15467.0,1,2026-07-01,open_unmatured,1,-0.037958692700588305,-587.1070999999993,floating,before_day5
2026-06-30,actual_saved_1450,688002.SH,睿创微纳,154.67,open_unmatured,2026-07-01,-0.037958692700588305,open_unmatured,2026-07-01,-0.037958692700588305,before_day5_check,/Users/weifeng/works/finance_lab/reports/automation_5_14_50/20260630_145156,真实保存14:50窗口建议,15467.0,1,15467.0,yes,2,30934.0,yes,40000,take8_extend2,第5日>=8%止盈；小盈利延长最多2天,buy,30934.0,2,2026-07-01,open_unmatured,1,-0.037958692700588305,-1174.2141999999985,floating,before_day5
2026-06-30,actual_saved_1450,688002.SH,睿创微纳,154.67,open_unmatured,2026-07-01,-0.037958692700588305,open_unmatured,2026-07-01,-0.037958692700588305,before_day5_check,/Users/weifeng/works/finance_lab/reports/automation_5_14_50/20260630_145156,真实保存14:50窗口建议,15467.0,1,15467.0,yes,2,30934.0,yes,30000,early3_take8_extend3,提前风控(-3%且破MA5)+8%止盈+延3天,buy,15467.0,1,2026-07-01,open_unmatured,1,-0.037958692700588305,-587.1070999999993,floating,before_day5
2026-06-30,actual_saved_1450,688002.SH,睿创微纳,154.67,open_unmatured,2026-07-01,-0.037958692700588305,open_unmatured,2026-07-01,-0.037958692700588305,before_day5_check,/Users/weifeng/works/finance_lab/reports/automation_5_14_50/20260630_145156,真实保存14:50窗口建议,15467.0,1,15467.0,yes,2,30934.0,yes,40000,early3_take8_extend3,提前风控(-3%且破MA5)+8%止盈+延3天,buy,30934.0,2,2026-07-01,open_unmatured,1,-0.037958692700588305,-1174.2141999999985,floating,before_day5
2026-06-30,actual_saved_1450,688002.SH,睿创微纳,154.67,open_unmatured,2026-07-01,-0.037958692700588305,open_unmatured,2026-07-01,-0.037958692700588305,before_day5_check,/Users/weifeng/works/finance_lab/reports/automation_5_14_50/20260630_145156,真实保存14:50窗口建议,15467.0,1,15467.0,yes,2,30934.0,yes,30000,early5_take8_extend3,提前风控(-5%)+8%止盈+延3天,buy,15467.0,1,2026-07-01,open_unmatured,1,-0.037958692700588305,-587.1070999999993,floating,before_day5
2026-06-30,actual_saved_1450,688002.SH,睿创微纳,154.67,open_unmatured,2026-07-01,-0.037958692700588305,open_unmatured,2026-07-01,-0.037958692700588305,before_day5_check,/Users/weifeng/works/finance_lab/reports/automation_5_14_50/20260630_145156,真实保存14:50窗口建议,15467.0,1,15467.0,yes,2,30934.0,yes,40000,early5_take8_extend3,提前风控(-5%)+8%止盈+延3天,buy,30934.0,2,2026-07-01,open_unmatured,1,-0.037958692700588305,-1174.2141999999985,floating,before_day5
