secucode,name,industry,quote_time,latest_date,price,pct,amount,turnover,volume_ratio,main_net,industry_avg_pct,industry_adv_ratio,industry_amount,close_pos,upper_shadow,samples,win_rate,avg_return,median_return,profit_factor,max_drawdown,worst_return,worst_sample_date,worst_hold_drawdown,stop_loss,stop_risk,target_low,target_high,reward_risk,buy_low,buy_high,formal,reject_reason,score,rechecked,recheck_price,recheck_time,recheck_reject_reason,risk_tier,action_tier,attack_mode_score,attack_mode_preferred,attack_mode_reason
688498.SH,源杰科技,半导体,,2026-07-06,1640.0,-0.0116,6950243525.0,3.47,0.91,31740736.0,-0.005337931034482758,0.3850574712643678,516206970979.27,0.6021395170072389,0.3978604829927611,120,0.7583333333333333,0.07278479957164748,0.0633046255856394,6.920173984999672,-0.18666821812543077,-0.1584008218622113,2025-09-30,-0.2124666012784524,1533.4,0.065,1743.8195859604484,1838.8150493053358,1.8650567477048394,1635.08,1644.9199999999998,False,,88.23740592591612,True,1640.0,,,进取,进取研究,29.65574801503213,False,attack_checks_failed
001309.SZ,德明利,半导体,,2026-07-06,935.0,0.0602,19558879509.96,13.14,1.17,511428352.0,-0.005337931034482758,0.3850574712643678,516206970979.27,0.796262872916445,0.203737127083555,120,0.5916666666666667,0.054658309860633886,0.034483675762646625,3.032990814109487,-0.35116541589386463,-0.17736623371691165,2025-11-19,-0.2036762751129847,874.225,0.065,967.2422368380745,1068.0620330396475,2.1894205354117258,932.195,937.805,False,,79.12445831765815,True,935.0,,,进取,进取研究,17.14191587156114,False,attack_checks_failed
688525.SH,佰维存储,半导体,,2026-07-06,454.7,0.0626,19635048356.0,9.32,1.21,814109952.0,-0.005337931034482758,0.3850574712643678,516206970979.27,0.6843187660668376,0.31568123393316244,120,0.625,0.051508151729914735,0.03541230098887523,3.0670459856746786,-0.40478454148745924,-0.21728369934344574,2025-11-17,-0.24684929439287595,425.1445,0.065,470.8019732596415,504.3439715347721,1.6796864047223747,453.3359,456.06409999999994,False,,77.23369273351744,True,454.7,,,进取,进取研究,6.836878211411573,False,attack_checks_failed
300604.SZ,长川科技,半导体,,2026-07-06,304.0,0.0043,7952964501.6,5.37,0.77,109004096.0,-0.005337931034482758,0.3850574712643678,516206970979.27,0.595916631220757,0.40408336877924306,120,0.5666666666666667,0.038446841227342106,0.024020257927032187,2.8669944728808168,-0.30152145788894646,-0.18024312222670438,2026-05-25,-0.18059701492537317,284.24,0.065,311.30215840981776,331.5604596409055,1.3947601032846924,303.088,304.912,False,,53.49258270649143,True,304.0,,,进取,进取研究,8.529316088100558,False,attack_checks_failed
603608.SH,天创时尚,服装家纺,,2026-07-06,26.55,0.0219,1071634338.0,9.46,1.2,65919765.0,-0.009798333333333333,0.35,6515948658.91,0.5236486486486487,0.47635135135135126,120,0.6916666666666667,0.048631376421572475,0.0397606776745519,3.3387442739092776,-0.2212603753370771,-0.19614140815615191,2026-06-16,-0.21087486929243637,24.824250000000003,0.065,27.60564599225935,29.153556200850158,1.5086520068666727,26.47035,26.629649999999998,False,,53.37595566771041,True,26.55,,,进取,进取研究,12.968845183201783,False,attack_checks_failed
300223.SZ,北京君正,半导体,,2026-07-06,253.0,-0.0253,13477401164.24,12.72,0.95,-63934848.0,-0.005337931034482758,0.3850574712643678,516206970979.27,0.5357142857142857,0.4642857142857143,120,0.6166666666666667,0.02769366594911586,0.02982522296471587,2.0434912779104537,-0.42648781889389786,-0.17773923240938164,2025-11-17,-0.1952789699570815,236.555,0.065,260.5457814100731,272.69932613350636,1.197891525296831,252.24099999999999,253.759,False,,52.935763378462624,True,253.0,,,进取,进取研究,1.7221423245736323,False,attack_checks_failed
688172.SH,燕东微,半导体,,2026-07-06,76.4,0.08220000000000001,2183134635.0,2.47,1.1,82056217.0,-0.005337931034482758,0.3850574712643678,516206970979.27,0.7787144362486833,0.2212855637513167,120,0.675,0.04679694613820202,0.04373981493838693,2.878372374237233,-0.40961614589667716,-0.20265253054101232,2026-02-25,-0.22687609075043635,71.43400000000001,0.065,79.74172186129277,82.90606156153507,1.3101211360320313,76.1708,76.6292,False,,50.96077376736621,True,76.4,,,进取,进取研究,6.235320024708412,False,attack_checks_failed
688141.SH,杰华特,半导体,,2026-07-06,168.26,0.0786,3059249418.0,4.15,1.26,401584256.0,-0.005337931034482758,0.3850574712643678,516206970979.27,0.8241486068111453,0.17585139318885465,120,0.5833333333333334,0.04100739739153866,0.0255965742762719,2.6194646565311928,-0.4203806982480758,-0.1447458398744114,2026-03-16,-0.1658703071672355,157.3231,0.065,172.56687958772548,185.0757354268014,1.5375230117127727,167.75521999999998,168.76477999999997,False,,47.63884829735608,True,168.26,,,进取,进取研究,12.035391326783136,False,attack_checks_failed
300567.SZ,精测电子,通用设备,,2026-07-06,266.57,0.01,2532882386.31,4.22,0.76,32183312.0,-0.022262272727272728,0.23636363636363636,116487098257.19,0.5378821444395211,0.46211785556047896,120,0.5916666666666667,0.04812455530981532,0.021905814868859532,3.012376640449627,-0.3488055177142143,-0.1542093369418133,2025-10-13,-0.15869110591708702,249.24295,0.065,272.4094330695919,292.56739844235835,1.500393802889607,265.77029,267.36970999999994,False,,47.191215778825566,False,0.0,,,进取,进取研究,13.146338403510214,False,attack_checks_failed
688362.SH,甬矽电子,半导体,,2026-07-06,95.93,0.0659,4709822844.0,11.08,1.15,-178225664.0,-0.005337931034482758,0.3850574712643678,516206970979.27,0.590659340659341,0.409340659340659,120,0.6166666666666667,0.03967082011403699,0.023174961259277507,2.666187044936618,-0.43058782464488277,-0.166576329509906,2025-10-09,-0.21980839292942922,89.69455,0.065,98.1531740336025,103.1313874433777,1.1549106228704749,95.64221,96.21779,False,,46.60365924609229,False,0.0,,,进取,进取研究,4.285297153424582,False,attack_checks_failed
301626.SZ,苏州天脉,消费电子,,2026-07-06,328.49,0.0233,552170245.07,3.25,0.61,45423615.0,-0.024791011235955056,0.24719101123595505,92830893530.03,0.749615384615385,0.25038461538461504,120,0.6,0.03589455065112077,0.01787663720596463,3.0593356122385593,-0.17409354892476858,-0.12649210308547112,2026-03-16,-0.14359459352957404,308.9751394893175,0.05940777652495513,334.36229655578734,352.08276600500835,1.208964111841516,327.50453,329.47547,False,,46.482330375479165,False,0.0,,,进取,进取研究,16.859729660415844,False,attack_checks_failed
002192.SZ,融捷股份,能源金属,,2026-07-06,94.4,0.030699999999999998,2896483178.1,11.78,0.93,220328704.0,0.0058818181818181825,0.5454545454545454,23017198027.56,0.6168224299065427,0.3831775700934573,120,0.625,0.0327959267233852,0.022540170231418046,2.48722922151,-0.43598106157736005,-0.14908745942251836,2026-01-29,-0.17226575077814743,88.26400000000001,0.065,96.52779206984587,100.70736775595485,1.0279282522742592,94.11680000000001,94.6832,False,,43.20204115057766,False,0.0,,,进取,进取研究,5.508219068312296,False,attack_checks_failed
601126.SH,四方股份,电网设备,,2026-07-06,60.96,0.051,1761887700.0,3.5,0.77,153691716.0,-0.0235,0.15625,49518149708.58,0.5659898477157363,0.43401015228426365,120,0.6333333333333333,0.03435256726926466,0.02895226635841738,2.3224025099886862,-0.3454091080298548,-0.1994316229782487,2026-06-25,-0.22246497879449945,57.17934679370704,0.062018589342076214,62.72493015720913,65.95444144099379,1.3210525188294064,60.777120000000004,61.14287999999999,False,,40.699869232100056,False,0.0,,,进取,进取研究,3.4143636702254043,False,attack_checks_failed
301629.SZ,矽电股份,半导体,,2026-07-06,356.88,-0.0106,615831815.38,9.12,0.7,-34230691.0,-0.005337931034482758,0.3850574712643678,516206970979.27,0.7369822485207101,0.2630177514792899,120,0.575,0.030656738973254036,0.02385558966458531,2.1444190330030923,-0.32553487616799903,-0.21513951682484903,2026-03-19,-0.2309684101501812,333.68280000000004,0.065,365.3935828394972,384.60278187001165,1.1950917296058021,355.80935999999997,357.95063999999996,False,,37.35752817846912,False,0.0,,,进取,进取研究,0.0592639366240264,False,attack_checks_failed
002353.SZ,杰瑞股份,专用设备,,2026-07-06,171.11,0.059800000000000006,4072701120.73,3.43,1.23,180319776.0,-0.021527374301675978,0.17318435754189945,60843778299.05,0.6274643099932028,0.3725356900067972,120,0.5583333333333333,0.019380238127775617,0.010838256043907282,1.8768703936132838,-0.32637931516823127,-0.16166943744752307,2026-03-10,-0.1784214945424013,161.59350603093932,0.05561623498954297,172.964533991673,181.5921854755513,1.1014755549291777,170.59667000000002,171.62332999999998,False,,35.61723574572579,False,0.0,,,进取,进取研究,2.790963319040981,False,attack_checks_failed
688392.SH,骄成超声,电池,,2026-07-06,213.15,0.0297,1030142545.0,4.21,0.74,-54089733.0,-0.02283723404255319,0.19148936170212766,91437451195.01,0.6393442622950822,0.3606557377049177,120,0.5916666666666667,0.031162303185434614,0.022022008434315645,2.3486168191025025,-0.4144223672245966,-0.16084212126632083,2026-03-16,-0.1645805960860245,199.29525,0.065,217.8439910977744,228.10726559022436,1.079576722079025,212.51055,213.78945,False,,35.34943339120295,False,0.0,,,进取,进取研究,4.675960584513874,False,attack_checks_failed
603285.SH,键邦股份,化学制品,,2026-07-06,48.8,0.049,333542026.0,11.2,0.71,13131810.0,-0.01195654761904762,0.3333333333333333,75957998903.55,0.8781869688385268,0.12181303116147321,120,0.575,0.02235294334381274,0.01582263948036319,1.9145651872625007,-0.35084668192152846,-0.20006126126126125,2026-03-16,-0.22193308550185875,45.628,0.065,49.57214480664172,52.070024696223314,1.0309031198686387,48.6536,48.94639999999999,False,,34.4342240070182,False,0.0,,,进取,进取研究,-1.025985147043416,False,attack_checks_failed
300943.SZ,春晖智控,通用设备,,2026-07-06,50.42,0.08900000000000001,846151258.6,12.67,0.96,-23767941.0,-0.022262272727272728,0.23636363636363636,116487098257.19,0.6503340757238308,0.34966592427616916,120,0.5916666666666667,0.028427841022422237,0.03081354313806103,1.9267223192609817,-0.33618489945916774,-0.2091162133614998,2026-03-12,-0.24293636123580664,47.142700000000005,0.065,51.973618845021036,54.0868436103896,1.1188611388611367,50.26874,50.571259999999995,False,,34.39362676550189,False,0.0,,,进取,进取研究,-1.5854927132571697,False,attack_checks_failed
688536.SH,思瑞浦,半导体,,2026-07-06,339.9,0.023399999999999997,1464233655.0,3.23,0.76,410009.0,-0.005337931034482758,0.3850574712643678,516206970979.27,0.7784648963259356,0.22153510367406437,120,0.55,0.023228083666304848,0.02208649940350779,1.8934786679574402,-0.44465940980347685,-0.14707964764659479,2026-03-27,-0.1668131002514618,319.8936793992084,0.05885943101144922,347.40720114725224,367.1421205892897,1.3616756990394232,338.8803,340.9196999999999,False,,32.86732088298431,False,0.0,,,进取,进取研究,5.260254268623985,False,attack_checks_failed
600406.SH,国电南瑞,电网设备,,2026-07-06,23.16,0.0118,1400463148.0,0.76,0.83,66335936.0,-0.0235,0.15625,49518149708.58,0.7358490566037731,0.2641509433962269,120,0.5916666666666667,0.005351458014024504,0.006850388936905673,1.3920129784955548,-0.23117974561263777,-0.0966535353535353,2026-06-01,-0.10343434343434343,22.581,0.025,23.318655007778734,23.742590412698412,1.0062010582010603,23.09052,23.22948,False,,28.620324008984205,False,0.0,,,进取,进取研究,10.54865110286566,False,attack_checks_failed
000933.SZ,神火股份,工业金属,,2026-07-06,22.52,0.0209,1400016714.12,2.77,0.94,50354535.0,-0.012443103448275861,0.3275862068965517,62006483751.31,0.6046511627906975,0.3953488372093024,120,0.575,0.009435749139366945,0.011830711234612958,1.399299347866406,-0.34334566427805024,-0.1701590604026845,2026-03-12,-0.17643229166666663,21.59249759286517,0.04118571967739038,22.786427617003483,23.65454828940568,1.2232294824015,22.45244,22.587559999999996,False,,26.793555683919728,False,0.0,,,进取,进取研究,0.7974079725735734,False,attack_checks_failed
300308.SZ,中际旭创,通信设备,,2026-07-06,1098.92,-0.015300000000000001,34704124551.28,2.84,1.02,-2667442688.0,-0.024461176470588236,0.17647058823529413,188572067489.88998,0.47830399206546137,0.5216960079345386,120,0.6166666666666667,0.03951002518355907,0.021605614921231222,2.9242853785509206,-0.3482570515004263,-0.17043446490911277,2025-09-29,-0.17419044179607568,1042.9001832234928,0.050977156459530416,1122.6628423492393,1180.17713215534,1.4505069247105502,1095.6232400000001,1102.21676,False,weak_tail_position,91.17421781740472,False,0.0,,,观察,观察,9.746266827728988,False,attack_checks_failed
300666.SZ,江丰电子,半导体,,2026-07-06,326.86,-0.016,5683938360.05,7.84,0.68,-219835312.0,-0.005337931034482758,0.3850574712643678,516206970979.27,0.4988990248505821,0.501100975149418,120,0.625,0.04779141683940048,0.02131140514403659,3.721060628567297,-0.2298888941333077,-0.12067886453063517,2026-03-16,-0.12654454541083715,305.6141,0.065,333.8258458853798,347.0028651083343,0.9480824586548116,325.87942000000004,327.84058,False,stop_risk_gt_expected_reward;weak_tail_position,58.464558004293124,False,0.0,,,观察,观察,16.920291378197604,False,attack_checks_failed
600584.SH,长电科技,半导体,,2026-07-06,95.09,0.0463,19748583547.0,11.65,0.79,128284416.0,-0.005337931034482758,0.3850574712643678,516206970979.27,0.5997150997151,0.40028490028490005,120,0.5333333333333333,0.02195209722735792,0.009834622267476192,2.0684396718421802,-0.49862170479396506,-0.14741171960569557,2026-03-16,-0.16159404423034818,88.90915000000001,0.065,96.02517423141431,98.88651591281818,0.6142384806002721,94.80473,95.37526999999999,False,win_rate_lt_55;stop_risk_gt_expected_reward,57.24250924942938,False,0.0,,,观察,观察,-2.6593314402636397,False,attack_checks_failed
688012.SH,中微公司,半导体,,2026-07-06,420.0,0.015300000000000001,12365069129.0,3.19,0.8,195520576.0,-0.005337931034482758,0.3850574712643678,516206970979.27,0.780011325028313,0.21998867497168695,120,0.5416666666666666,0.03318782631980537,0.005995151167759473,2.4635621140966193,-0.39447441190094934,-0.1625130150244263,2026-05-25,-0.16582173472209427,392.70000000000005,0.065,422.51796349045895,442.29308438674406,0.8165964976829339,418.74,421.25999999999993,False,win_rate_lt_55;stop_risk_gt_expected_reward,55.909305209487506,False,0.0,,,观察,观察,2.9843047608494473,False,attack_checks_failed
603629.SH,利通电子,消费电子,,2026-07-06,172.9,0.0378,3361404368.0,7.64,0.67,103612720.0,-0.024791011235955056,0.24719101123595505,92830893530.03,0.8077709611451948,0.19222903885480525,120,0.6583333333333333,0.05004081984841044,0.027550975997761764,3.5679346400360528,-0.36640696263188954,-0.30625958487176924,2026-06-04,-0.31144596347669884,161.66150000000002,0.065,177.663563750013,186.90856333333332,1.2464798089899305,172.3813,173.41869999999997,False,,55.65266387447198,True,172.9,,,观察,观察,-3.4682087767697345,False,attack_checks_failed
300179.SZ,四方达,通用设备,,2026-07-06,57.42,0.0507,3550032786.5,16.39,0.93,79631168.0,-0.022262272727272728,0.23636363636363636,116487098257.19,0.48387096774193583,0.5161290322580642,120,0.6666666666666666,0.06075157465215491,0.039345898815348744,3.560371028803991,-0.5333479512345196,-0.1954690962099124,2025-12-09,-0.20903954802259883,53.68770000000001,0.065,59.67924150997733,63.769969384615365,1.70135556750941,57.24774,57.592259999999996,False,weak_tail_position,54.11162336009852,False,0.0,,,观察,观察,9.715910832119071,False,attack_checks_failed
688347.SH,华虹宏力,半导体,,2026-07-06,309.68,0.0866,7938697322.0,6.49,1.13,477988096.0,-0.005337931034482758,0.3850574712643678,516206970979.27,0.7429286608260329,0.2570713391739671,120,0.575,0.04828841510316286,0.023754831219548214,2.5875661811410726,-0.5219312258277753,-0.18064904601571266,2026-03-16,-0.19644171779141106,289.55080000000004,0.065,317.0363961320697,338.72825173487024,1.4430902238971386,308.75096,310.60904,False,,54.01360702358063,True,309.68,,,观察,观察,5.4637745115316285,False,attack_checks_failed
603078.SH,江化微,电子化学品Ⅱ,,2026-07-06,57.7,0.0256,3566284749.0,16.68,0.87,30200064.0,-0.023262857142857144,0.2571428571428571,65969844145.97,0.7896592244418333,0.21034077555816663,120,0.5916666666666667,0.041692886806693516,0.007036019874860545,3.30875758878574,-0.24046624990095045,-0.13799313082499123,2026-01-27,-0.16189161201242652,53.94950000000001,0.065,58.10597834677945,60.10567956874622,0.6414290277952849,57.526900000000005,57.873099999999994,False,stop_risk_gt_expected_reward,52.23788868033224,False,0.0,,,观察,观察,10.626212195831048,False,attack_checks_failed
301369.SZ,联动科技,半导体,,2026-07-06,224.18,0.0355,588351262.17,4.75,0.97,15716146.0,-0.005337931034482758,0.3850574712643678,516206970979.27,0.48820960698689975,0.5117903930131003,120,0.6583333333333333,0.04458552990964406,0.031567389366468156,3.643328408124462,-0.27288941017840795,-0.12110489787623205,2026-01-20,-0.14963325183374088,209.6083,0.065,231.2567773481748,240.91026146877124,1.1481338120309394,223.50746,224.85253999999998,False,weak_tail_position,50.075171197755225,False,0.0,,,观察,观察,16.744050795334978,False,attack_checks_failed
002916.SZ,深南电路,元件,,2026-07-06,440.2,-0.031400000000000004,6703375971.5,2.29,0.95,-32544288.0,-0.041850819672131154,0.09836065573770492,146025962633.28,0.457731958762886,0.542268041237114,120,0.625,0.03530810388497337,0.025180468502382616,2.849463831976265,-0.2477761840931475,-0.10313336358685801,2025-11-07,-0.1172091412742382,411.587,0.065,451.28444223474884,467.7990859950454,0.9645645683795987,438.8794,441.52059999999994,False,stop_risk_gt_expected_reward;weak_tail_position,48.785936875455754,False,0.0,,,观察,观察,14.899599090069165,False,attack_checks_failed
688008.SH,澜起科技,半导体,,2026-07-06,268.68,0.006999999999999999,16891296871.0,5.53,0.71,-645778432.0,-0.005337931034482758,0.3850574712643678,516206970979.27,0.6352327447833074,0.3647672552166926,120,0.48333333333333334,0.016649133112309693,-0.0038607267112930376,1.5613933242577307,-0.5939606350145379,-0.1603998043052838,2025-10-29,-0.18356164383561657,251.21580000000003,0.065,268.68,283.78158518349426,0.8647166880529461,267.87396,269.48604,False,win_rate_lt_55;stop_risk_gt_expected_reward,47.45269385905806,False,0.0,,,观察,观察,-7.005924950015631,False,attack_checks_failed
688256.SH,寒武纪,半导体,,2026-07-06,1369.75,0.0124,14045400474.0,1.65,0.76,88964096.0,-0.005337931034482758,0.3850574712643678,516206970979.27,0.796581023669837,0.20341897633016306,120,0.5,0.01405899921216617,-0.00023014090651788267,1.5089449568162967,-0.37755422986371956,-0.17778034696465175,2026-01-30,-0.19352048252734355,1288.1843230112695,0.05954785689996759,1369.75,1423.6963061031552,0.6613848875502952,1365.64075,1373.8592499999997,False,win_rate_lt_55;stop_risk_gt_expected_reward,47.0755617961076,False,0.0,,,观察,观察,-5.39478762557453,False,attack_checks_failed
002980.SZ,华盛昌,电网设备,,2026-07-06,111.04,0.050199999999999995,1904711904.6,16.57,1.61,131300032.0,-0.0235,0.15625,49518149708.58,0.5723577235772365,0.4276422764227636,120,0.625,0.036921707110591215,0.016284862250856093,3.0918884943844294,-0.25443698513068347,-0.17944746022773153,2026-06-25,-0.1843656626019543,103.82240000000002,0.065,112.84827110433505,115.67727479425838,0.6424953993375063,110.70688000000001,111.37312,False,stop_risk_gt_expected_reward,46.341400119622605,False,0.0,,,观察,观察,4.666187700821586,False,attack_checks_failed
688409.SH,富创精密,半导体,,2026-07-06,246.98,0.0087,2309994620.0,3.05,0.66,177934288.0,-0.005337931034482758,0.3850574712643678,516206970979.27,0.4731308411214949,0.5268691588785052,120,0.5583333333333333,0.047741992639806725,0.0197408725927409,2.9202581810767687,-0.4379970469539375,-0.18199649446494462,2026-05-25,-0.18115774907749072,230.9263,0.065,251.85560071295512,266.8415942821755,1.2371972992005282,246.23906,247.72093999999996,False,weak_tail_position,44.92033516463299,False,0.0,,,观察,观察,4.910904211832828,False,attack_checks_failed
002371.SZ,北方华创,半导体,,2026-07-06,803.6,-0.0152,12192666512.04,2.1,0.95,-1505901616.0,-0.005337931034482758,0.3850574712643678,516206970979.27,0.5331437976956461,0.4668562023043538,120,0.5666666666666667,0.016134343385665863,0.005935748612750004,1.8776521424236055,-0.36696674058104417,-0.10486666447987061,2025-10-09,-0.13669662577357922,761.3819597088935,0.05253613774403494,808.3699675852059,837.3424695204656,0.799242913403862,801.1892,806.0107999999999,False,stop_risk_gt_expected_reward,44.77660920014924,False,0.0,,,观察,观察,5.049231553072529,False,attack_checks_failed
300054.SZ,鼎龙股份,电子化学品Ⅱ,,2026-07-06,90.56,0.0076,3835882478.77,5.73,0.67,-68773168.0,-0.023262857142857144,0.2571428571428571,65969844145.97,0.6052631578947382,0.3947368421052619,120,0.6166666666666667,0.027962535410336994,0.017425570867574094,2.611029607619456,-0.18868752423925983,-0.1537229074889868,2026-05-26,-0.18313404657016985,85.0029627334744,0.06136304402082143,92.13805969776752,95.79268972444034,0.941633009366512,90.28832,90.83167999999999,False,stop_risk_gt_expected_reward,44.72339302685396,False,0.0,,,观察,观察,8.352957069610907,False,attack_checks_failed
688249.SH,晶合集成,半导体,,2026-07-06,61.48,0.0062,5144321809.0,4.32,1.28,-216387744.0,-0.005337931034482758,0.3850574712643678,516206970979.27,0.78359096313912,0.21640903686088003,120,0.6083333333333333,0.031203691221509566,0.01789125281690415,2.2252671600353917,-0.451460499823505,-0.17146129032258065,2026-02-25,-0.18118279569892481,57.4838,0.065,62.579954223183265,65.15151157613728,0.9187507072061689,61.295559999999995,61.66443999999999,False,stop_risk_gt_expected_reward,43.74787428167138,False,0.0,,,观察,观察,1.9482162686450986,False,attack_checks_failed
300671.SZ,富满微,半导体,,2026-07-06,102.32,0.08449999999999999,3445745010.16,15.53,0.92,174284512.0,-0.005337931034482758,0.3850574712643678,516206970979.27,0.7815013404825734,0.21849865951742659,120,0.5166666666666667,0.03752033264252872,0.0066762768727705825,2.552420366917088,-0.41756006694864156,-0.14995377322715212,2026-05-25,-0.16410714285714278,95.6692,0.065,103.00311664962189,106.82953566217428,0.6780440942705069,102.01303999999999,102.62695999999998,False,win_rate_lt_55;stop_risk_gt_expected_reward,43.55298930340098,False,0.0,,,观察,观察,2.7358878558424524,False,attack_checks_failed
001331.SZ,胜通能源,燃气Ⅱ,,2026-07-06,66.17,0.042199999999999994,1155670520.91,6.38,0.84,141410260.0,-0.0044321428571428585,0.39285714285714285,4512021684.1,0.9736024844720494,0.026397515527950555,120,0.5583333333333333,0.0334687788874742,0.011378161247521192,2.4185635015698987,-0.3518143723166576,-0.1960809878844361,2026-02-05,-0.2407364250757399,61.868950000000005,0.065,66.92289292974849,69.89586709261299,0.8662691883640031,65.97149,66.36851,False,stop_risk_gt_expected_reward,43.440619265567676,False,0.0,,,观察,观察,-0.19932262566725267,False,attack_checks_failed
688981.SH,中芯国际,半导体,,2026-07-06,143.99,0.0262,12737144923.0,4.48,0.9,-156986864.0,-0.005337931034482758,0.3850574712643678,516206970979.27,0.6928571428571431,0.30714285714285694,120,0.5166666666666667,0.00901584888864993,0.0004144392564341083,1.4084324850971468,-0.38262178428966753,-0.12374632400780741,2026-05-28,-0.15875081327260887,135.82548403517086,0.056701965170005864,144.04967510853393,149.29025790424407,0.6491821348719706,143.55803,144.42197,False,win_rate_lt_55;stop_risk_gt_expected_reward,42.120844476805146,False,0.0,,,观察,观察,-0.9221726850086966,False,attack_checks_failed
688548.SH,广钢气体,电子化学品Ⅱ,,2026-07-06,45.07,-0.0297,2896064455.0,9.4,0.96,-219938576.0,-0.023262857142857144,0.2571428571428571,65969844145.97,0.6407766990291267,0.35922330097087324,120,0.5333333333333333,0.03806472850529738,0.0033167446697867876,2.732972256299567,-0.3353105996324537,-0.12798621700879767,2026-05-20,-0.17478005865102642,42.14045,0.065,45.21948568226729,47.96101632984293,0.9868465565847755,44.93479,45.205209999999994,False,win_rate_lt_55;stop_risk_gt_expected_reward,41.679727604437716,False,0.0,,,观察,观察,8.243370133384355,False,attack_checks_failed
300938.SZ,信测标准,专业服务,,2026-07-06,53.15,0.0202,767303384.28,4.94,0.7,30534336.0,-0.01406,0.2,4867157300.5,0.7558528428093634,0.24414715719063662,120,0.6166666666666667,0.028856257161023677,0.019251869079804886,2.56364765893673,-0.2671367653122363,-0.11162434901781629,2026-05-22,-0.14164305949008493,49.69525,0.065,54.17323684159163,56.377196041751105,0.9341330173677138,52.99055,53.30944999999999,False,stop_risk_gt_expected_reward,41.49417229566921,False,0.0,,,观察,观察,12.525864827854976,False,attack_checks_failed
688120.SH,华海清科,半导体,,2026-07-06,269.0,0.005600000000000001,4647615219.0,3.5,0.82,327327024.0,-0.005337931034482758,0.3850574712643678,516206970979.27,0.5979760809567615,0.40202391904323853,120,0.575,0.02527547107988602,0.01807724014336928,2.05739619903588,-0.3334051621334725,-0.17201085996486068,2026-05-25,-0.19238810225220948,251.51500000000001,0.065,273.86277759856637,283.63924087622286,0.8372456892320786,268.193,269.80699999999996,False,stop_risk_gt_expected_reward,40.88633587020263,False,0.0,,,观察,观察,0.46395342715069754,False,attack_checks_failed
688028.SH,沃尔德,通用设备,,2026-07-06,144.41,0.0206,1110333640.0,5.15,0.81,5900376.0,-0.022262272727272728,0.23636363636363636,116487098257.19,0.6864904552129215,0.3135095447870785,120,0.5833333333333334,0.046746100246398394,0.03869651804560711,2.3943552087590407,-0.5672181192987786,-0.18804064861762174,2026-03-16,-0.20263567039312946,135.02335,0.065,149.99816417096613,159.2976768731884,1.5860479375696777,143.97677,144.84322999999998,False,,40.24111968295361,False,0.0,,,观察,观察,4.160164801728081,False,attack_checks_failed
688361.SH,中科飞测,半导体,,2026-07-06,343.0,0.0029,3976039757.0,3.31,0.8,277496016.0,-0.005337931034482758,0.3850574712643678,516206970979.27,0.5768282662284306,0.42317173377156936,120,0.5583333333333333,0.03360357068337895,0.02091971339113682,2.2126226263289923,-0.4642383843889948,-0.2089342445930619,2026-05-25,-0.2134616136728068,320.70500000000004,0.065,350.1754616931599,368.03409999999997,1.122857142857143,341.971,344.02899999999994,False,,40.08020099869852,False,0.0,,,观察,观察,-2.710597219973904,False,attack_checks_failed
300821.SZ,东岳硅材,化学制品,,2026-07-06,22.02,0.1292,3978044785.76,14.83,1.73,205997872.0,-0.01195654761904762,0.3333333333333333,75957998903.55,0.49818181818181856,0.5018181818181815,120,0.5416666666666666,0.02749219676724368,0.011347121176221244,2.2698767057553564,-0.2941426907177199,-0.11907456647398831,2026-01-23,-0.1823899371069181,20.5887,0.065,22.26986360830039,23.06087499800399,0.7272235017145189,21.95394,22.086059999999996,False,win_rate_lt_55;stop_risk_gt_expected_reward;weak_tail_position,39.57912041362614,False,0.0,,,观察,观察,4.551352812660779,False,attack_checks_failed
688702.SH,盛科通信-U,半导体,,2026-07-06,357.0,0.10310000000000001,4525966132.0,6.47,1.24,270724400.0,-0.005337931034482758,0.3850574712643678,516206970979.27,0.6726710334788938,0.3273289665211062,120,0.5333333333333333,0.02457025879356125,0.0073329540978528075,1.7738437396281252,-0.3652786096968095,-0.20344443393251346,2026-05-25,-0.20214443393251347,333.795,0.065,359.6178646129335,381.87663684210526,1.0720377867746296,355.929,358.07099999999997,False,win_rate_lt_55,38.07617664653418,False,0.0,,,观察,观察,-2.318759015160422,False,attack_checks_failed
688372.SH,伟测科技,半导体,,2026-07-06,180.88,0.11449999999999999,3586860397.0,12.18,1.35,19467904.0,-0.005337931034482758,0.3850574712643678,516206970979.27,0.6807407407407405,0.3192592592592594,120,0.575,0.020908747032757236,0.016064241596297348,1.922270688758211,-0.3277751420229329,-0.18101815418623915,2026-05-25,-0.19066040342636092,169.1228,0.065,183.78570001993825,190.83751001459854,0.8469286917462117,180.33736,181.42263999999997,False,stop_risk_gt_expected_reward,37.51658050729426,False,0.0,,,观察,观察,-0.42155958296397067,False,attack_checks_failed
603538.SH,美诺华,化学制药,,2026-07-06,41.58,0.07139999999999999,2935460071.0,29.89,2.13,247050960.0,0.0073,0.66,81207334931.26,0.781496062992126,0.218503937007874,120,0.525,0.027443798806835427,0.004122221584315268,2.0075720828950234,-0.4784586143294688,-0.20381177394034547,2026-05-08,-0.23927007299270076,39.17098565546323,0.05793685292296237,41.75140197347583,43.70537046043165,0.8822572871978224,41.455259999999996,41.704739999999994,False,win_rate_lt_55;stop_risk_gt_expected_reward,37.46020535873048,False,0.0,,,观察,观察,-6.39654049830318,False,attack_checks_failed
300257.SZ,开山股份,通用设备,,2026-07-06,30.17,0.0332,443088839.4,1.54,1.3,54492127.0,-0.022262272727272728,0.23636363636363636,116487098257.19,0.603773584905661,0.39622641509433904,120,0.55,0.0337913236845409,0.0075722241599814576,2.6122359246879485,-0.3832101891098809,-0.15427822093938595,2026-05-13,-0.16819732353712935,28.744922748115144,0.047234910569600795,30.39845400290664,31.50831597749196,0.9391181956780639,30.079490000000003,30.26051,False,stop_risk_gt_expected_reward,37.262914453629584,False,0.0,,,观察,观察,4.414803019485365,False,attack_checks_failed
301548.SZ,崇德科技,通用设备,,2026-07-06,92.23,0.0199,308232142.22,12.77,0.99,28291959.0,-0.022262272727272728,0.23636363636363636,116487098257.19,0.6525573192239862,0.3474426807760138,120,0.6166666666666667,0.02973305844814233,0.01788498827691162,2.2567657234218097,-0.3452668378316822,-0.15844843241836862,2026-03-16,-0.17155425219941356,86.45921752439287,0.0625694727920105,93.87953246877957,97.80124437568057,0.9654226960087304,91.95331,92.50668999999999,False,stop_risk_gt_expected_reward,37.15311446602292,False,0.0,,,观察,观察,5.2549491045455525,False,attack_checks_failed
688503.SH,聚和材料,光伏设备,,2026-07-06,115.04,-0.0001,2377324435.0,8.59,0.73,82311616.0,-0.0343655737704918,0.06557377049180328,41693043872.75,0.6171096345514953,0.38289036544850474,120,0.6,0.032016186793744204,0.02338902862967759,2.282078344350468,-0.4416805309512192,-0.23422116109795668,2026-05-25,-0.2338858195211786,107.56240000000001,0.065,117.73067385355812,122.56912278684531,1.0068902838939382,114.69488000000001,115.38512,False,,36.834441593020614,False,0.0,,,观察,观察,-5.059804871911399,False,attack_checks_failed
688123.SH,聚辰股份,半导体,,2026-07-06,214.99,0.053899999999999997,3824727847.0,11.36,0.99,610082976.0,-0.005337931034482758,0.3850574712643678,516206970979.27,0.7256637168141595,0.27433628318584047,120,0.5416666666666666,0.02620766365773852,0.009493416287551373,1.7400471786213465,-0.5801065333222511,-0.20466333746563894,2026-01-30,-0.22524659084784127,201.01565000000002,0.065,217.03098956766067,226.3001051277809,0.8093474922111521,214.34503,215.63496999999998,False,win_rate_lt_55;stop_risk_gt_expected_reward,36.54466711638172,False,0.0,,,观察,观察,-9.161538809767743,False,attack_checks_failed
300811.SZ,铂科新材,金属新材料,,2026-07-06,87.9,0.005699999999999999,1960493227.52,6.73,0.87,-139353502.0,-0.04725757575757576,0.06060606060606061,23048731162.38,0.60599334073252,0.39400665926748,120,0.6,0.025468773812494294,0.022285462798314528,2.4217821316392794,-0.25075594858383365,-0.1213818382121499,2026-03-02,-0.1587976078061063,82.18650000000001,0.065,89.85889217997185,91.98758042405551,0.7154249451396698,87.6363,88.16369999999999,False,stop_risk_gt_expected_reward,36.095339194729995,False,0.0,,,观察,观察,7.830300782789859,False,attack_checks_failed
688037.SH,芯源微,半导体,,2026-07-06,370.76,0.044000000000000004,3308884299.0,4.51,0.86,341255152.0,-0.005337931034482758,0.3850574712643678,516206970979.27,0.7717009533366779,0.22829904666332212,120,0.525,0.0271433063899968,0.004677135725835581,1.8661682319371995,-0.5648141289240729,-0.20699620253164555,2025-10-13,-0.21518987341772156,346.6606,0.065,372.49409484171076,390.7108523203014,0.8278568064060272,369.64772,371.87227999999993,False,win_rate_lt_55;stop_risk_gt_expected_reward,35.99946162585447,False,0.0,,,观察,观察,-8.221248205216376,False,attack_checks_failed
001896.SZ,豫能控股,电力,,2026-07-06,16.51,0.046900000000000004,2299518529.77,9.28,0.94,289763081.0,-0.011894495412844036,0.23853211009174313,45280047584.52,0.6084337349397599,0.39156626506024006,120,0.49166666666666664,0.03386436437353112,-0.0013,2.1797456690261097,-0.47352691410088277,-0.23769661426844005,2026-03-27,-0.26541717049576774,15.436850000000002,0.065,16.51,17.314037000000003,0.7492307692307698,16.46047,16.55953,False,win_rate_lt_55;stop_risk_gt_expected_reward,35.693130702025755,False,0.0,,,观察,观察,-11.471747374834013,False,attack_checks_failed
601233.SH,桐昆股份,炼化及贸易,,2026-07-06,23.69,0.037200000000000004,1394015267.0,2.47,0.85,10714610.0,0.010806666666666666,0.5333333333333333,12502187145.8,0.581521739130435,0.418478260869565,120,0.6166666666666667,0.018654639935962107,0.025939688209171665,1.8968044281919239,-0.31265229649771875,-0.20766152055857248,2026-03-02,-0.2063615205585725,22.244872131113443,0.061001598517794756,24.304511213675276,25.087323567375886,0.9669203656369157,23.618930000000002,23.76107,False,stop_risk_gt_expected_reward,35.21093088234946,False,0.0,,,观察,观察,-1.9254113948433162,False,attack_checks_failed
688082.SH,盛美上海,半导体,,2026-07-06,373.0,0.0263,3438892456.0,1.96,0.89,278752960.0,-0.005337931034482758,0.3850574712643678,516206970979.27,0.7687165775401066,0.23128342245989345,120,0.525,0.0233433513068351,0.005708269623908659,1.9542694778104974,-0.5744897718848241,-0.14075052013870362,2026-02-26,-0.15561483062149906,348.755,0.065,375.1291845697179,392.03433303834805,0.785082822781938,371.881,374.11899999999997,False,win_rate_lt_55;stop_risk_gt_expected_reward,34.96631019509383,False,0.0,,,观察,观察,-1.407010178187143,False,attack_checks_failed
688396.SH,华润微,半导体,,2026-07-06,86.03,0.0291,3308298987.0,2.92,0.86,214696608.0,-0.005337931034482758,0.3850574712643678,516206970979.27,0.6411856474258973,0.3588143525741027,120,0.5583333333333333,0.017639521091764886,0.00839369878926063,1.7569804886436027,-0.32916130245582265,-0.14537630522088354,2026-02-25,-0.1497105045492143,80.43805,0.065,86.75210990684009,90.90635859679573,0.8720318666647109,85.77191,86.28809,False,stop_risk_gt_expected_reward,34.96476249847523,False,0.0,,,观察,观察,2.9541979075747733,False,attack_checks_failed
688147.SH,微导纳米,半导体,,2026-07-06,135.1,0.0472,1816522942.0,2.89,0.97,11488772.0,-0.005337931034482758,0.3850574712643678,516206970979.27,0.49638989169675035,0.5036101083032497,120,0.5583333333333333,0.033338613206206895,0.018323902610709344,2.089561906222654,-0.4648486962507914,-0.1490670753064798,2026-05-25,-0.1742556917688266,126.3185,0.065,137.57555924270682,148.1497184602917,1.486046627602542,134.69469999999998,135.50529999999998,False,weak_tail_position,34.804683119716536,False,0.0,,,观察,观察,5.857565054935685,False,attack_checks_failed
603991.SH,领先股份,半导体,,2026-07-06,153.59,0.0127,1224104924.0,9.02,0.78,63549920.0,-0.005337931034482758,0.3850574712643678,516206970979.27,0.6330203442879502,0.3669796557120499,120,0.5666666666666667,0.018063336313738174,0.01229317636692925,2.052216815556158,-0.2502406516346092,-0.14770927867810604,2026-05-20,-0.15681601525262145,143.7722271064823,0.06392195386104373,155.47810895819666,160.4511055118483,0.6988454088583004,153.12923,154.05077,False,stop_risk_gt_expected_reward,34.78470247522133,False,0.0,,,观察,观察,3.4476697404922434,False,attack_checks_failed
605589.SH,圣泉集团,塑料,,2026-07-06,57.7,0.0359,3066646677.0,6.35,0.91,-100920128.0,-0.027616666666666664,0.2222222222222222,32033165223.58,0.7400000000000005,0.25999999999999945,120,0.6,0.017416871578048148,0.011595687521355393,1.8884151484248535,-0.3318845682378183,-0.1852780688394761,2025-10-10,-0.18702406335668587,53.94950000000001,0.065,58.36907116998221,59.68570428571428,0.5294505494505475,57.526900000000005,57.873099999999994,False,stop_risk_gt_expected_reward,34.473421444386425,False,0.0,,,观察,观察,-2.9642714085815376,False,attack_checks_failed
000582.SZ,北部湾港,航运港口,,2026-07-06,11.47,0.0187,329383655.81,1.34,0.73,-8471360.0,0.01176764705882353,0.8235294117647058,10764261904.23,0.8604651162790726,0.13953488372092734,120,0.6,0.012688029206186653,0.008622611990777487,1.9666304194680488,-0.29395766133969115,-0.14578398576512466,2026-06-02,-0.1544483985765125,11.070893484282164,0.03479568576441464,11.56890135953422,11.8264199352518,0.8930446415056373,11.435590000000001,11.50441,False,stop_risk_gt_expected_reward,34.211128852720876,False,0.0,,,观察,观察,5.309579318116529,False,attack_checks_failed
300373.SZ,扬杰科技,半导体,,2026-07-06,131.44,0.015300000000000001,3122312150.13,4.41,0.73,25906832.0,-0.005337931034482758,0.3850574712643678,516206970979.27,0.692887931034483,0.30711206896551707,120,0.5083333333333333,0.019814681330674336,0.000947525024462016,1.9582556492366165,-0.36267967152718694,-0.12422832839424872,2026-02-26,-0.1481725386894962,122.8964,0.065,131.56454268921527,136.8408039692261,0.6321461642897737,131.04568,131.83432,False,win_rate_lt_55;stop_risk_gt_expected_reward,34.03285391358616,False,0.0,,,观察,观察,2.0619342579546793,False,attack_checks_failed
300566.SZ,激智科技,光学光电子,,2026-07-06,37.86,0.021,1006516101.47,11.86,0.71,82228319.0,-0.03446989247311828,0.15053763440860216,108925563005.49,0.6266666666666675,0.37333333333333246,120,0.575,0.019823093688893505,0.00844327331793401,2.2388130714475185,-0.24907145506891282,-0.1329051844466599,2026-03-16,-0.14257228315054837,35.399100000000004,0.065,38.179662327816985,38.75101378807946,0.36206826286296423,37.74642,37.97358,False,stop_risk_gt_expected_reward,33.997715193612166,False,0.0,,,观察,观察,3.2677725755552602,False,attack_checks_failed
688521.SH,芯原股份,半导体,,2026-07-06,299.39,-0.011899999999999999,6350878207.0,4.05,0.8,-236104144.0,-0.005337931034482758,0.3850574712643678,516206970979.27,0.5844339622641506,0.4155660377358494,120,0.525,0.02031872961489157,0.003734405873903358,1.5993936981564885,-0.6703675096310764,-0.20729434100674174,2026-05-25,-0.2084395850071611,279.92965,0.065,300.50804377458786,319.8306268525441,1.0503730329898584,298.49183,300.28817,False,win_rate_lt_55,33.83098647398804,False,0.0,,,观察,观察,-10.66310455195881,False,attack_checks_failed
601988.SH,中国银行,银行Ⅱ,,2026-07-06,5.64,0.0144,1267772794.0,0.11,0.69,168522928.0,0.023145238095238094,1.0,28675060405.88,0.928571428571424,0.07142857142857596,120,0.5666666666666667,0.004199602734531071,0.0042205688166583,1.4470727628735134,-0.24877393940421477,-0.0697039087947883,2026-06-23,-0.0928338762214983,5.499,0.025,5.663804008125953,5.743910603550295,0.7369546351084764,5.62308,5.6569199999999995,False,stop_risk_gt_expected_reward,33.65094910536142,False,0.0,,,观察,观察,11.04677489776704,False,attack_checks_failed
002156.SZ,通富微电,半导体,,2026-07-06,66.18,0.0213,7373332962.51,7.3,0.68,50446288.0,-0.005337931034482758,0.3850574712643678,516206970979.27,0.4508393285371724,0.5491606714628277,120,0.5166666666666667,0.016902797489067825,0.006019362215552516,1.7288244367594132,-0.5702304446931095,-0.14522579293836027,2026-06-05,-0.1460203470975464,62.1842520543907,0.06037697107297231,66.57836139142526,69.47877154075654,0.8255704778329066,65.98146000000001,66.37854,False,win_rate_lt_55;stop_risk_gt_expected_reward;weak_tail_position,33.54105232598697,False,0.0,,,观察,观察,-4.016379867052776,False,attack_checks_failed
688652.SH,京仪装备,半导体,,2026-07-06,202.79,0.0481,2781558297.0,11.53,1.09,2410304.0,-0.005337931034482758,0.3850574712643678,516206970979.27,0.772371850564726,0.22762814943527396,120,0.5416666666666666,0.020861060540293488,0.006234386946455807,1.6252786551640708,-0.40260078096910656,-0.17104866027624735,2026-02-26,-0.19903388935013966,189.60865,0.065,204.05427132887178,215.1475688041958,0.9375040344271128,202.18162999999998,203.39836999999997,False,win_rate_lt_55;stop_risk_gt_expected_reward,33.47815695980414,False,0.0,,,观察,观察,-1.5395439733473482,False,attack_checks_failed
002290.SZ,禾盛新材,家电零部件Ⅱ,,2026-07-06,88.26,0.0263,997024519.65,4.62,1.02,11970441.0,-0.01634193548387097,0.2903225806451613,19817835281.86,0.6534446764091865,0.34655532359081354,120,0.5583333333333333,0.020895375952600492,0.017247834279001197,2.106016247921469,-0.30550954404164765,-0.15007405489889616,2026-05-25,-0.15473283188434117,82.72422760831309,0.06272119183873698,89.78229385346465,93.46881063030912,0.9409365598432483,87.99522,88.52477999999999,False,stop_risk_gt_expected_reward,33.21994605020387,False,0.0,,,观察,观察,4.584385349021296,False,attack_checks_failed
601001.SH,晋控煤业,煤炭开采,,2026-07-06,18.45,0.038900000000000004,479887536.0,1.59,1.12,25109133.0,0.03584615384615385,1.0,14509453003.72,0.9469026548672548,0.053097345132745256,120,0.5166666666666667,0.011176789192988578,0.005620225592379259,1.5703654710663622,-0.31129054974187076,-0.14148691588785048,2025-11-17,-0.14641744548286617,17.643377013425294,0.04371940306637963,18.553693162179396,19.201888129009262,0.9321431964171156,18.39465,18.505349999999996,False,win_rate_lt_55;stop_risk_gt_expected_reward,33.04730679751781,False,0.0,,,观察,观察,3.7172436310476744,False,attack_checks_failed
688699.SH,明微电子,半导体,,2026-07-06,81.9,0.09210000000000002,652763674.0,7.56,1.02,12513491.0,-0.005337931034482758,0.3850574712643678,516206970979.27,0.7173913043478266,0.28260869565217334,120,0.5083333333333333,0.026688214286293525,0.0006761382330212297,1.9667884434813914,-0.3783353266136127,-0.16737066228007438,2026-05-28,-0.18180517808611063,76.57650000000001,0.065,81.95537572128444,85.34038039370078,0.6462628709872792,81.6543,82.14569999999999,False,win_rate_lt_55;stop_risk_gt_expected_reward,32.80904648774929,False,0.0,,,观察,观察,-1.9017957376376553,False,attack_checks_failed
002497.SZ,雅化集团,化学制品,,2026-07-06,22.41,0.024700000000000003,1296060054.78,5.44,0.84,154132634.0,-0.01195654761904762,0.3333333333333333,75957998903.55,0.6269841269841273,0.3730158730158727,120,0.5916666666666667,0.01642748185452061,0.017340863410236742,1.6505761087089397,-0.31229645277071205,-0.16260313865713164,2025-11-20,-0.2076271186440679,21.100873701456123,0.05841705928352867,22.798608749023405,23.660560924166283,0.9552637706211137,22.34277,22.47723,False,stop_risk_gt_expected_reward,32.30264147875275,False,0.0,,,观察,观察,0.48782409798094983,False,attack_checks_failed
301201.SZ,诚达药业,医疗服务,,2026-07-06,42.65,0.1283,894043721.76,20.03,2.58,29470784.0,0.012767924528301887,0.5849056603773585,38605015287.54,0.8582089552238802,0.14179104477611976,120,0.525,0.024767386872007583,0.004738305696766,1.6048719783509369,-0.7834275398056074,-0.29418634505314795,2026-04-03,-0.32334661354581673,40.35765640913963,0.05374779814444011,42.85208873796707,44.5165760118883,0.814265374235514,42.52205,42.77795,False,win_rate_lt_55;stop_risk_gt_expected_reward,32.112297122450094,False,0.0,,,观察,观察,-24.402650922130285,False,attack_checks_failed
600188.SH,兖矿能源,煤炭开采,,2026-07-06,18.8,0.0562,2146818024.0,1.96,1.64,119748723.0,0.03584615384615385,1.0,14509453003.72,0.8437500000000001,0.15624999999999986,120,0.5083333333333333,0.01338647518042,0.0018344903138130765,1.6461802623040613,-0.47889556227866803,-0.16479206349206357,2026-06-08,-0.18056680161943328,18.107380615739253,0.0368414566096144,18.834488417899685,19.590588901734105,1.1414478423498349,18.7436,18.856399999999997,False,win_rate_lt_55,32.02529179748556,False,0.0,,,观察,观察,-1.434346686187708,False,attack_checks_failed
002317.SZ,众生药业,中药Ⅱ,,2026-07-06,28.99,0.0565,1971313061.32,9.02,0.91,-68742079.0,0.0048859375,0.6875,11691117380.06,0.8046874999999999,0.1953125000000001,120,0.475,0.016398859478796164,-0.0047002758974687186,1.7234893518960146,-0.296578537139354,-0.184757985041795,2026-01-26,-0.183457985041795,27.225693377885516,0.06085914529542877,28.99,30.31209539845261,0.7493569325654469,28.903029999999998,29.076969999999996,False,win_rate_lt_55;stop_risk_gt_expected_reward,31.99799493751234,False,0.0,,,观察,观察,-2.9534055512433754,False,attack_checks_failed
688403.SH,汇成股份,半导体,,2026-07-06,35.95,0.0181,3179626269.0,8.92,0.88,-328127952.0,-0.005337931034482758,0.3850574712643678,516206970979.27,0.48108108108108194,0.5189189189189181,120,0.525,0.02454346317393098,0.010622991849999121,1.7888275205237174,-0.3825958842977786,-0.17789352142110762,2025-10-10,-0.18813905930470343,33.61325000000001,0.065,36.331896557007475,38.57204229257641,1.1220893516963362,35.842150000000004,36.05785,False,win_rate_lt_55;weak_tail_position,31.96485005012379,False,0.0,,,观察,观察,-0.7585362991977593,False,attack_checks_failed
600688.SH,上海石化,炼化及贸易,,2026-07-06,3.0,0.0274,318855227.0,1.46,0.93,47025512.0,0.010806666666666666,0.5333333333333333,12502187145.8,0.6666666666666666,0.3333333333333333,120,0.5416666666666666,0.01292959927744558,0.004016125364958735,1.8911555033128309,-0.29776242316996826,-0.12629999999999988,2026-03-16,-0.12804878048780488,2.890321692879513,0.036559435706829034,3.012048376094876,3.062555696202531,0.5703561428406329,2.991,3.0089999999999995,False,win_rate_lt_55;stop_risk_gt_expected_reward,31.869039443396687,False,0.0,,,观察,观察,3.0114750391737646,False,attack_checks_failed
000048.SZ,京基智农,养殖业,,2026-07-06,21.65,0.019299999999999998,676589240.72,6.06,1.22,6010719.0,0.032104347826086954,0.9130434782608695,11120784873.9,0.6984126984126984,0.3015873015873016,120,0.4666666666666667,0.01923774904424839,-0.004274457882490344,1.8054559346321593,-0.35948344297701873,-0.1623705596107057,2026-03-27,-0.19038929440389296,20.24275,0.065,21.65,22.269001739130427,0.43986622073578374,21.58505,21.714949999999995,False,win_rate_lt_55;stop_risk_gt_expected_reward,31.421564240508374,False,0.0,,,观察,观察,-5.3387395682528425,False,attack_checks_failed
688719.SH,爱科赛博,其他电源设备Ⅱ,,2026-07-06,73.91,0.0484,481602491.0,7.45,1.34,-5979806.0,-0.0024870967741935485,0.3225806451612903,23777272163.21,0.8768545994065283,0.12314540059347165,120,0.5416666666666666,0.024262768433823183,0.015094285612340577,1.8770791987459545,-0.5883477107492818,-0.13432034428794984,2025-10-15,-0.18373291507954292,69.10585,0.065,75.02561864960809,78.97800938625814,1.0549232197700196,73.68827,74.13172999999999,False,win_rate_lt_55,31.41810297069764,False,0.0,,,观察,观察,0.7034120212117125,False,attack_checks_failed
600160.SH,巨化股份,化学制品,,2026-07-06,49.05,-0.0060999999999999995,4804459773.0,3.62,0.7,-130131392.0,-0.01195654761904762,0.3333333333333333,75957998903.55,0.4574132492113549,0.5425867507886452,120,0.525,0.009201545804070203,0.006319334839970683,1.4854995685529881,-0.20379108219379483,-0.13345088683487386,2025-10-10,-0.13339995003747196,45.86175,0.065,49.359963373900555,51.029984999999996,0.6210256410256421,48.902849999999994,49.19714999999999,False,win_rate_lt_55;stop_risk_gt_expected_reward;weak_tail_position,31.390160594192636,False,0.0,,,观察,观察,1.834580873732329,False,attack_checks_failed
300131.SZ,英唐智控,其他电子Ⅱ,,2026-07-06,18.89,0.053,1770506623.57,9.06,1.16,141540527.0,-0.0037666666666666664,0.42424242424242425,33228433793.61,0.8385093167701875,0.1614906832298125,120,0.5416666666666666,0.01923142725358189,0.01404019261920805,1.5202762657272872,-0.4650763745683839,-0.2141126371215444,2026-05-20,-0.23761665470208193,17.6748876255914,0.06432569478076237,19.15521923857684,20.220054842105263,1.0945941051358368,18.83333,18.946669999999997,False,win_rate_lt_55,31.29953205363357,False,0.0,,,观察,观察,-6.611933816483326,False,attack_checks_failed
600919.SH,江苏银行,银行Ⅱ,,2026-07-06,11.4,0.022400000000000003,1171626151.0,0.57,0.8,91299968.0,0.023145238095238094,1.0,28675060405.88,0.8648648648648675,0.13513513513513253,120,0.525,0.0024331746457154305,0.0015269576981667655,1.2904899198409243,-0.18161275459110637,-0.059331959629941235,2026-06-12,-0.07653490328006729,11.115,0.025,11.4174073177591,11.543788695652173,0.5045217391304333,11.3658,11.434199999999999,False,win_rate_lt_55;stop_risk_gt_expected_reward,31.168281173020173,False,0.0,,,观察,观察,10.31758278757254,False,attack_checks_failed
002648.SZ,卫星化学,化学原料,,2026-07-06,24.7,0.028300000000000002,2161165389.91,2.62,0.75,66340704.0,-0.002964406779661017,0.5084745762711864,21401048118.23,0.6892655367231634,0.3107344632768366,120,0.5416666666666666,0.012549386663247505,0.008061262837507046,1.595944583322385,-0.30478343015097686,-0.13771364136413636,2026-05-18,-0.15144847818115137,23.420386814793954,0.051806201830204214,24.89911319208642,25.701425476046087,0.7826001541902213,24.625899999999998,24.774099999999997,False,win_rate_lt_55;stop_risk_gt_expected_reward,31.13461324224183,False,0.0,,,观察,观察,2.1930726439413664,False,attack_checks_failed
002452.SZ,长高电气,电网设备,,2026-07-06,13.83,0.0696,827462461.76,11.8,1.27,63918252.0,-0.0235,0.15625,49518149708.58,0.9552238805970159,0.04477611940298413,120,0.65,0.01241648682395105,0.014446974515716162,1.778689027698633,-0.48310613684845216,-0.1301191577208917,2026-03-16,-0.1420313790255986,13.206283988037052,0.04509877165314158,14.029801657552353,14.260292308523406,0.6898849801357496,13.78851,13.871489999999998,False,stop_risk_gt_expected_reward,30.98429730834503,False,0.0,,,观察,观察,2.713810070917659,False,attack_checks_failed
301018.SZ,申菱环境,通用设备,,2026-07-06,125.0,0.0613,2999045727.13,8.38,1.07,141197408.0,-0.022262272727272728,0.23636363636363636,116487098257.19,0.5077355836849508,0.49226441631504925,120,0.5583333333333333,0.02481003622898934,0.012724024629398669,1.8185461462799315,-0.5447726031206915,-0.20698267538345486,2026-05-25,-0.21138211382113825,116.875,0.065,126.59050307867484,132.40841745463837,0.9118052251862603,124.625,125.37499999999999,False,stop_risk_gt_expected_reward,30.973447660994516,False,0.0,,,观察,观察,-8.047167257025766,False,attack_checks_failed
002415.SZ,海康威视,计算机设备,,2026-07-06,33.83,-0.005,3075405802.98,1.02,0.73,-197680768.0,-0.016757647058823526,0.23529411764705882,41460448694.2,0.6853146853146833,0.31468531468531674,120,0.55,0.0076888717570314565,0.005008410469453407,1.6703588233237914,-0.22091821308976745,-0.0725865663163873,2026-05-07,-0.0830681094844049,32.39098065860508,0.04253678218725731,33.99943452618161,34.583062884816755,0.5233167221274284,33.72851,33.93149,False,stop_risk_gt_expected_reward,30.937040479801105,False,0.0,,,观察,观察,9.405364232171985,False,attack_checks_failed
601328.SH,交通银行,银行Ⅱ,,2026-07-06,6.64,0.02,1475209375.0,0.86,1.04,87188592.0,0.023145238095238094,1.0,28675060405.88,0.9473684210526281,0.05263157894737187,120,0.525,0.0001892315458523828,0.001639715316327085,1.0189399408539732,-0.1774658981187771,-0.0643252100840335,2026-06-12,-0.0714285714285714,6.473999999999999,0.025,6.650887709700411,6.739415337278106,0.5988875739644981,6.62008,6.659919999999999,False,win_rate_lt_55;profit_factor_lt_1_2;stop_risk_gt_expected_reward,30.47181536551243,False,0.0,,,观察,观察,10.537945053406803,False,attack_checks_failed
601318.SH,中国平安,保险Ⅱ,,2026-07-06,50.1,0.0206,4688935744.0,0.89,0.82,140523088.0,0.01212,1.0,11475602142.0,0.9280575539568335,0.07194244604316646,120,0.48333333333333334,0.0002066559011531058,-0.002887816554134258,1.0149052723291405,-0.2900004622461707,-0.0905887746358183,2026-05-11,-0.09905573042029259,48.463145696551805,0.0326717425837963,50.1,50.9117971570014,0.4959495510939953,49.9497,50.250299999999996,False,win_rate_lt_55;profit_factor_lt_1_2;stop_risk_gt_expected_reward,30.41521136018949,False,0.0,,,观察,观察,3.321886224410399,False,attack_checks_failed
601939.SH,建设银行,银行Ⅱ,,2026-07-06,9.67,0.019,930173056.0,1.02,0.88,89798689.0,0.023145238095238094,1.0,28675060405.88,0.8648648648648634,0.1351351351351367,120,0.5333333333333333,0.001872368888639494,0.003130597124773006,1.1799004464304323,-0.19778756131668052,-0.07232803738317753,2026-06-12,-0.08317757009345783,9.42825,0.025,9.700272874196555,9.830493876957494,0.663883668903805,9.64099,9.69901,False,win_rate_lt_55;profit_factor_lt_1_2;stop_risk_gt_expected_reward,30.28010460889775,False,0.0,,,观察,观察,9.836172169879294,False,attack_checks_failed
002458.SZ,益生股份,养殖业,,2026-07-06,9.45,0.043,1275237114.56,14.27,1.57,7556884.0,0.032104347826086954,0.9130434782608695,11120784873.9,0.6701030927835044,0.3298969072164955,120,0.5666666666666667,0.004739169151208446,0.004884155920303747,1.3391725216128576,-0.25570484572174557,-0.11383196930946285,2026-03-16,-0.12404092071611261,9.03894916779061,0.04349744256184017,9.496155273446869,9.626714999999999,0.429910332622758,9.42165,9.478349999999999,False,stop_risk_gt_expected_reward,30.14279545866963,False,0.0,,,观察,观察,2.235277203279288,False,attack_checks_failed
601975.SH,招商南油,航运港口,,2026-07-06,3.74,0.013600000000000001,763216857.0,4.37,0.79,117079325.0,0.01176764705882353,0.8235294117647058,10764261904.23,0.6153846153846164,0.3846153846153836,120,0.5666666666666667,0.013652976844172694,0.009258418925432856,1.7764247312200492,-0.4260539577487583,-0.23910487804878047,2026-06-24,-0.2703252032520326,3.5127817705263324,0.060753537292424456,3.774626486781119,3.8637005,0.5444127449040611,3.72878,3.75122,False,stop_risk_gt_expected_reward,30.13726922863054,False,0.0,,,观察,观察,-14.369182707287456,False,attack_checks_failed
002536.SZ,飞龙股份,汽车零部件,,2026-07-06,55.0,0.058499999999999996,4056607397.72,13.55,1.57,31012528.0,-0.017244398340248962,0.24896265560165975,88060367382.52,0.6072727272727279,0.3927272727272721,120,0.5416666666666666,0.016483626386008768,0.006814935371666632,1.5733544342565837,-0.45421750794493054,-0.17482773013150368,2026-03-16,-0.19458128078817727,51.45976702086072,0.0643678723479869,55.37482144544167,57.82830310654123,0.7989031013515011,54.835,55.16499999999999,False,win_rate_lt_55;stop_risk_gt_expected_reward,30.082872734646806,False,0.0,,,观察,观察,-5.303317721742708,False,attack_checks_failed
301345.SZ,涛涛车业,摩托车及其他,,2026-07-06,258.02,0.11689999999999999,1108042937.92,12.77,2.62,-19944.0,0.00955,0.5,3915494335.27,0.9952966714905935,0.004703328509406495,120,0.5333333333333333,0.009620469983834194,0.005160372695520689,1.4445860268074815,-0.38490989584234026,-0.14390071798962903,2025-10-28,-0.1523733546071001,246.68793548523323,0.04391932607846966,259.35147936289826,268.95409422577603,0.9648810427727387,257.24593999999996,258.79405999999994,False,win_rate_lt_55;stop_risk_gt_expected_reward,29.826161813486234,False,0.0,,,观察,观察,2.196841977513822,False,attack_checks_failed
688352.SH,颀中科技,半导体,,2026-07-06,21.96,0.0408,1022394214.0,12.89,0.9,32828725.0,-0.005337931034482758,0.3850574712643678,516206970979.27,0.647058823529412,0.35294117647058804,120,0.525,0.016934798785183537,0.0036413035148221374,1.831005934803105,-0.36154298813813635,-0.2109699209669921,2026-06-04,-0.21617852161785223,20.532600000000002,0.065,22.039963025185497,22.97599592837157,0.7117808101244024,21.89412,22.025879999999997,False,win_rate_lt_55;stop_risk_gt_expected_reward,29.668585170050427,False,0.0,,,观察,观察,-7.462517994513837,False,attack_checks_failed
601398.SH,工商银行,银行Ⅱ,,2026-07-06,7.12,0.011399999999999999,2661206278.0,0.14,0.89,189641248.0,0.023145238095238094,1.0,28675060405.88,1.0,0.0,120,0.5083333333333333,0.0011591880066674166,0.0006472976588401637,1.1223719725431371,-0.3526366612117723,-0.07585012853470433,2026-06-12,-0.08997429305912596,6.942,0.025,7.1246087593309415,7.210008892268695,0.5056679340937928,7.0986400000000005,7.14136,False,win_rate_lt_55;profit_factor_lt_1_2;stop_risk_gt_expected_reward,29.64851279363308,False,0.0,,,观察,观察,4.887733295993216,False,attack_checks_failed
002128.SZ,电投能源,煤炭开采,,2026-07-06,24.79,0.0098,344423176.3,0.62,0.87,27573308.0,0.03584615384615385,1.0,14509453003.72,0.46774193548386883,0.5322580645161311,120,0.5833333333333334,0.007844287337460504,0.009462339858006121,1.4655031709392792,-0.2661641789896312,-0.1544720995443393,2026-06-11,-0.1587802313354364,23.82343103232499,0.03899027703408675,25.024571405079968,25.65456886563307,0.894471987563094,24.715629999999997,24.864369999999997,False,stop_risk_gt_expected_reward;weak_tail_position,29.646540924461533,False,0.0,,,观察,观察,1.079655143581964,False,attack_checks_failed
000333.SZ,美的集团,白色家电,,2026-07-06,80.0,0.0262,4006480144.8,0.73,0.76,68649488.0,0.00221,0.5,8547042819.51,0.9302325581395324,0.06976744186046757,120,0.5333333333333333,-0.000296509097666201,0.003301578053471611,0.9708456635388644,-0.30393637654767003,-0.09134042631385511,2026-06-11,-0.09249050594144304,77.91102555933267,0.02611218050834164,80.26412624427772,81.15043786982248,0.5507189783782023,79.76,80.24,False,win_rate_lt_55;avg_return_not_positive;profit_factor_lt_1_2;stop_risk_gt_expected_reward,29.361068870675922,False,0.0,,,观察,观察,4.541144555051538,False,attack_checks_failed
601088.SH,中国神华,煤炭开采,,2026-07-06,41.91,0.0297,2081839003.0,0.3,1.01,231647997.0,0.03584615384615385,1.0,14509453003.72,0.9344262295081942,0.06557377049180582,120,0.5,0.0011282760326052266,0.00013263181432407022,1.0837649713317312,-0.34388118949578506,-0.14649306540583132,2026-06-08,-0.150709219858156,40.862249999999996,0.025,41.91555859933832,42.662191778761056,0.7179115044247761,41.78427,42.035729999999994,False,win_rate_lt_55;profit_factor_lt_1_2;stop_risk_gt_expected_reward,29.299754321653303,False,0.0,,,观察,观察,-1.895808806867123,False,attack_checks_failed
601288.SH,农业银行,银行Ⅱ,,2026-07-06,5.97,0.011899999999999999,2190790137.0,0.12,0.87,186778544.0,0.023145238095238094,1.0,28675060405.88,0.9473684210526281,0.05263157894737187,120,0.4666666666666667,0.002988202256355377,-0.0051684864266259055,1.2018746835044136,-0.30090276160214147,-0.077403500761035,2026-06-23,-0.08675799086757996,5.820749999999999,0.025,5.97,6.067282988269794,0.6518123167155419,5.95209,5.987909999999999,False,win_rate_lt_55;stop_risk_gt_expected_reward,29.29936522057349,False,0.0,,,观察,观察,6.396234705027008,False,attack_checks_failed
688126.SH,沪硅产业,半导体,,2026-07-06,34.61,0.0023,5330865473.0,5.44,0.67,-1532576.0,-0.005337931034482758,0.3850574712643678,516206970979.27,0.6385135135135135,0.36148648648648646,120,0.475,0.009748095455235197,-0.004439955977426001,1.3912353735395773,-0.39589398150374255,-0.11210711354309169,2026-02-26,-0.12361952262201636,32.360350000000004,0.065,34.61,35.567755024582965,0.4257351252785833,34.50617,34.713829999999994,False,win_rate_lt_55;stop_risk_gt_expected_reward,29.260419225002842,False,0.0,,,观察,观察,-1.683057892346878,False,attack_checks_failed
600150.SH,中国船舶,航海装备Ⅱ,,2026-07-06,37.64,0.0132,5735515648.0,2.02,1.1,-61164928.0,0.014620000000000003,0.5,11011625448.38,0.6052631578947345,0.39473684210526544,120,0.5083333333333333,0.0037909503741438855,0.0003931785611923323,1.2281780295560873,-0.39815853774342425,-0.1014875167425662,2026-06-22,-0.11947495312081435,36.199857705935194,0.038260953614899215,37.65479924104328,38.25398143283582,0.4263338667062262,37.52708,37.752919999999996,False,win_rate_lt_55;stop_risk_gt_expected_reward,29.24523662327477,False,0.0,,,观察,观察,-1.3083372215653286,False,attack_checks_failed
600926.SH,杭州银行,银行Ⅱ,,2026-07-06,15.34,0.0227,608777516.0,0.55,0.65,21431485.0,0.023145238095238094,1.0,28675060405.88,0.8936170212765944,0.10638297872340562,120,0.55,0.001367763388930892,0.004017884729649447,1.138812921026921,-0.23287457104452058,-0.07054882629107975,2026-03-16,-0.07453051643192488,14.9565,0.025,15.401634351752822,15.597286915662647,0.6708915662650514,15.29398,15.386019999999998,False,profit_factor_lt_1_2;stop_risk_gt_expected_reward,28.929474319630504,False,0.0,,,观察,观察,10.008034537664454,False,attack_checks_failed
600546.SH,山煤国际,煤炭开采,,2026-07-06,12.8,0.0111,367114856.0,1.46,0.97,-335809.0,0.03584615384615385,1.0,14509453003.72,0.8208955223880608,0.17910447761193915,120,0.5333333333333333,0.007447059798063689,0.0021754302617358013,1.4413014633865227,-0.3579721957837787,-0.10878299319727894,2026-06-03,-0.12609736632083002,12.334682399102084,0.03635293757014982,12.827845507350219,13.21495922928709,0.8917763447725778,12.761600000000001,12.8384,False,win_rate_lt_55;stop_risk_gt_expected_reward,28.83040543648812,False,0.0,,,观察,观察,4.850097713017826,False,attack_checks_failed
002728.SZ,特一药业,中药Ⅱ,,2026-07-06,9.53,0.0171,304402522.83,6.44,0.71,13484381.0,0.0048859375,0.6875,11691117380.06,0.8269230769230771,0.17307692307692293,120,0.48333333333333334,0.013745724985893219,-0.0016965107057890548,1.582685957971618,-0.32228394367221047,-0.15091725817675708,2025-12-03,-0.17831669044222542,9.06446825022781,0.04884908182289502,9.53,9.872966932203386,0.7367208195170816,9.50141,9.558589999999999,False,win_rate_lt_55;stop_risk_gt_expected_reward,28.755756878663462,False,0.0,,,观察,观察,-1.0043623737457334,False,attack_checks_failed
002436.SZ,兴森科技,元件,,2026-07-06,45.29,-0.0233,5773356326.73,8.47,0.84,-198498160.0,-0.041850819672131154,0.09836065573770492,146025962633.28,0.5985401459854013,0.40145985401459877,120,0.49166666666666664,0.017710888274930368,-0.002619261213720335,1.5725630964143094,-0.4806788991652188,-0.1632686800894855,2025-09-29,-0.17578994214508226,42.34615,0.065,45.29,48.134883765550235,0.9663820390136173,45.15413,45.425869999999996,False,win_rate_lt_55;stop_risk_gt_expected_reward,28.579038060242254,False,0.0,,,观察,观察,-3.7020380323276636,False,attack_checks_failed
000070.SZ,特发信息,通信设备,,2026-07-06,18.79,0.044500000000000005,2343674481.4,15.03,1.29,176551444.0,-0.024461176470588236,0.17647058823529413,188572067489.88998,0.8540772532188841,0.14592274678111591,120,0.45,0.021494484255450953,-0.0076146884373279634,1.5986529440062005,-0.7406810915544977,-0.27865163504239004,2026-06-25,-0.2781590633831248,17.56865,0.065,18.79,19.689414666666664,0.736410256410255,18.733629999999998,18.846369999999997,False,win_rate_lt_55;stop_risk_gt_expected_reward,28.270381835759466,False,0.0,,,观察,观察,-23.078858011208666,False,attack_checks_failed
301393.SZ,昊帆生物,生物制品,,2026-07-06,68.3,0.0235,336763714.8,11.68,0.88,16544831.0,0.010759259259259258,0.7962962962962963,21887347204.38,0.6333333333333329,0.36666666666666714,120,0.55,0.010048513404075279,0.0027748768972608263,1.5076444351544342,-0.3147783406379563,-0.1307483294483293,2026-05-20,-0.14152119700748123,64.02392372089442,0.06260726616552839,68.48952409208292,70.49354706932336,0.5129812767938241,68.0951,68.50489999999999,False,stop_risk_gt_expected_reward,27.942499269477572,False,0.0,,,观察,观察,0.17583144493119374,False,attack_checks_failed
002938.SZ,鹏鼎控股,元件,,2026-07-06,95.29,-0.015300000000000001,3568274174.98,1.62,0.63,-222233344.0,-0.041850819672131154,0.09836065573770492,146025962633.28,0.5642673521850899,0.43573264781491006,120,0.6,0.012081979879490773,0.0166382815666993,1.4365262754059995,-0.35747267376304714,-0.19071650604520765,2026-06-25,-0.19257052742246372,89.09615000000001,0.065,96.87546185049078,99.74609916683217,0.7194393094492395,95.00413,95.57587,False,stop_risk_gt_expected_reward,27.849560352224415,False,0.0,,,观察,观察,-5.089033884110936,False,attack_checks_failed
301365.SZ,矩阵股份,工程咨询服务Ⅱ,,2026-07-06,41.53,0.0377,386024127.48,7.68,1.05,-12523892.0,-0.011875609756097562,0.2926829268292683,14513519855.35,0.8478260869565214,0.1521739130434786,120,0.5166666666666667,0.017780305380718394,0.003760826340655189,1.7211018336679655,-0.43196832731911716,-0.18724594594594593,2025-12-09,-0.19747747747747746,38.83055,0.065,41.68618711792741,43.18552330425056,0.6132817071072104,41.40541,41.65459,False,win_rate_lt_55;stop_risk_gt_expected_reward,27.750963070356136,False,0.0,,,观察,观察,-6.285780529354171,False,attack_checks_failed
600482.SH,中国动力,其他电源设备Ⅱ,,2026-07-06,35.42,0.0545,2359079963.0,2.88,1.45,296378880.0,-0.0024870967741935485,0.3225806451612903,23777272163.21,0.5432835820895521,0.4567164179104479,120,0.5583333333333333,0.01188017956375758,0.013374406047516243,1.5078613312330482,-0.46144046109696857,-0.2133070334086913,2026-06-04,-0.21929163526752082,33.51472350236249,0.05379097960580218,35.893721462203025,36.971224863836014,0.8141730954848214,35.31374,35.52626,False,stop_risk_gt_expected_reward,27.739519462061885,False,0.0,,,观察,观察,-10.108421958587929,False,attack_checks_failed
601898.SH,中煤能源,煤炭开采,,2026-07-06,13.42,0.0592,982082597.0,0.82,1.23,88787068.0,0.03584615384615385,1.0,14509453003.72,0.9292929292929291,0.07070707070707098,120,0.5,0.003717460911151209,-0.0001964945668855621,1.1449381776977867,-0.38517330234420777,-0.17358694052728377,2026-06-11,-0.1817058096415327,12.907443120859666,0.03819350813266281,13.42,13.89305107602339,0.9229240602853607,13.37974,13.460259999999998,False,win_rate_lt_55;profit_factor_lt_1_2;stop_risk_gt_expected_reward,27.71521273208008,False,0.0,,,观察,观察,-4.055650272135402,False,attack_checks_failed
603283.SH,赛腾股份,自动化设备,,2026-07-06,67.99,-0.0009,1969179956.0,8.26,0.63,-178908370.0,-0.03055375,0.1625,82664755514.05,0.6279527559055116,0.3720472440944884,120,0.5083333333333333,0.021344769093194462,0.002245998627965896,1.8546726724191456,-0.41586634385919696,-0.14916418400876233,2025-11-14,-0.151697699890471,63.57065,0.065,68.1427054467154,71.81270623882224,0.8649928697256947,67.78603,68.19397,False,win_rate_lt_55;stop_risk_gt_expected_reward,27.702487978097743,False,0.0,,,观察,观察,0.39216913744958637,False,attack_checks_failed
600673.SH,东阳光,综合Ⅱ,,2026-07-06,36.82,0.015700000000000002,2772454797.0,2.53,0.79,-654336.0,-0.003670588235294117,0.29411764705882354,4727297255.81,0.7597765363128492,0.2402234636871508,120,0.49166666666666664,0.01517607468658066,-0.0023197897523087084,1.5141856537639438,-0.6296998342613513,-0.15342414143983732,2026-05-28,-0.19843049327354256,34.56423620367041,0.06126463325175429,36.82,38.1561725212799,0.5923370715737267,36.70954,36.93046,False,win_rate_lt_55;stop_risk_gt_expected_reward,27.57880912290606,False,0.0,,,观察,观察,-9.432974127084949,False,attack_checks_failed
601077.SH,渝农商行,银行Ⅱ,,2026-07-06,6.42,0.014199999999999999,380228787.0,0.68,0.81,31547610.0,0.023145238095238094,1.0,28675060405.88,0.8999999999999978,0.10000000000000223,120,0.5083333333333333,0.0018204055019902664,0.000863215847426292,1.139990568464754,-0.2604143673301712,-0.07397441860465118,2026-06-12,-0.10610465116279066,6.232562059192784,0.029195940935703442,6.425541845740476,6.522662645533139,0.5477153936445078,6.40074,6.439259999999999,False,win_rate_lt_55;profit_factor_lt_1_2;stop_risk_gt_expected_reward,27.490479805440618,False,0.0,,,观察,观察,6.194596786523818,False,attack_checks_failed
601666.SH,平煤股份,煤炭开采,,2026-07-06,8.21,0.048499999999999995,325984500.0,1.65,0.92,38314722.0,0.03584615384615385,1.0,14509453003.72,0.9230769230769247,0.07692307692307535,120,0.5,0.0038682513497158818,0.0004879689181516945,1.1948180763598861,-0.37707806202536265,-0.1520936507936508,2026-06-22,-0.1655328798185941,7.818232871297544,0.04771828607825293,8.214006224818025,8.42580975862069,0.5508623434933347,8.18537,8.23463,False,win_rate_lt_55;profit_factor_lt_1_2;stop_risk_gt_expected_reward,27.354391430053962,False,0.0,,,观察,观察,-4.415576305228942,False,attack_checks_failed
688231.SH,隆达股份,金属新材料,,2026-07-06,43.8,0.0762,532029110.0,3.87,1.74,6895856.0,-0.04725757575757576,0.06060606060606061,23048731162.38,0.7567010309278348,0.24329896907216517,120,0.55,0.022853276595461502,0.016538166658112887,1.8169855560297992,-0.463612689747502,-0.14300616113744083,2025-11-07,-0.17073778664007966,41.01959106322904,0.06347965609066095,44.52437169962534,46.304910720209506,0.9009144975338096,43.6686,43.93139999999999,False,stop_risk_gt_expected_reward,27.20839741239744,False,0.0,,,观察,观察,1.0534600528307507,False,attack_checks_failed
000001.SZ,平安银行,银行Ⅱ,,2026-07-06,10.5,0.0204,1103902583.44,0.55,0.94,42788602.0,0.023145238095238094,1.0,28675060405.88,0.9333333333333346,0.06666666666666549,120,0.475,-0.0005053821107320596,-0.0017480286738351435,0.9400634576119413,-0.19321388153102903,-0.06292464985994398,2026-06-23,-0.07295373665480431,10.237499999999999,0.025,10.5,10.610103399818676,0.41944152311877186,10.4685,10.5315,False,win_rate_lt_55;avg_return_not_positive;profit_factor_lt_1_2;stop_risk_gt_expected_reward,27.197510836603,False,0.0,,,观察,观察,7.520227006837292,False,attack_checks_failed
000791.SZ,甘肃能源,电力,,2026-07-06,7.99,0.031,379251009.83,2.5,1.11,-7468872.0,-0.011894495412844036,0.23853211009174313,45280047584.52,0.8599999999999997,0.14000000000000032,120,0.5333333333333333,0.01266351433050027,0.0055107962641076326,1.7122491409054894,-0.406779846732652,-0.21182631578947367,2026-06-03,-0.2172248803827751,7.6335974034332725,0.04460608217355788,8.03403126215022,8.205842086229087,0.6056131136762802,7.96603,8.013969999999999,False,win_rate_lt_55;stop_risk_gt_expected_reward,27.16600909425424,False,0.0,,,观察,观察,-8.888370692269017,False,attack_checks_failed
600036.SH,招商银行,银行Ⅱ,,2026-07-06,37.73,0.024399999999999998,3625395505.0,0.47,0.89,342381312.0,0.023145238095238094,1.0,28675060405.88,0.9758064516129022,0.02419354838709779,120,0.48333333333333334,-0.0027178290408377452,-0.0005890151963207401,0.7105209773228613,-0.36273718084774254,-0.048227663987555104,2026-06-16,-0.06075241484494154,36.78675,0.025,37.73,38.0222737383863,0.30985819070905013,37.616809999999994,37.84318999999999,False,win_rate_lt_55;avg_return_not_positive;profit_factor_lt_1_2;stop_risk_gt_expected_reward,27.1282740820396,False,0.0,,,观察,观察,4.549235299983474,False,attack_checks_failed
600201.SH,生物股份,动物保健Ⅱ,,2026-07-06,12.74,0.0349,632337563.0,4.49,2.14,14322987.0,0.006666666666666666,0.6666666666666666,1417291048.56,0.6428571428571433,0.3571428571428566,120,0.5416666666666666,0.009070940619983375,0.010339655028747532,1.39570434883206,-0.30129513536023045,-0.15604919957310562,2026-01-28,-0.1894923258559622,12.271444241500173,0.036778316993706955,12.871727205066245,13.223472129692832,1.0318347836354935,12.70178,12.77822,False,win_rate_lt_55,27.118663570211503,False,0.0,,,观察,观察,0.18339658767341094,False,attack_checks_failed
002837.SZ,英维克,专用设备,,2026-07-06,74.06,0.0368,4875197949.98,5.77,1.0,450839280.0,-0.021527374301675978,0.17318435754189945,60843778299.05,0.5108514190317204,0.4891485809682797,120,0.5166666666666667,0.011927758988887314,0.0051108876618276245,1.374660285192054,-0.5207484810600735,-0.19054889543446243,2026-05-25,-0.19415807560137466,69.78709956840179,0.0576951178989767,74.43851234023495,78.86290405804748,1.1240383750882375,73.83782000000001,74.28218,False,win_rate_lt_55,26.79723893107475,False,0.0,,,观察,观察,-7.245377611876161,False,attack_checks_failed
601229.SH,上海银行,银行Ⅱ,,2026-07-06,9.05,0.0146,441416845.0,0.35,0.91,50175777.0,0.023145238095238094,1.0,28675060405.88,0.8928571428571449,0.1071428571428551,120,0.4666666666666667,0.0003203913255141321,-0.0018224660397074032,1.0258488164172628,-0.20326740005573518,-0.055636468129571494,2026-01-20,-0.06517094017094016,8.82375,0.025,9.05,9.180979479495269,0.5789148264984276,9.02285,9.07715,False,win_rate_lt_55;profit_factor_lt_1_2;stop_risk_gt_expected_reward,26.729198255630646,False,0.0,,,观察,观察,9.399183106439814,False,attack_checks_failed
600348.SH,华阳股份,煤炭开采,,2026-07-06,8.51,0.0403,309353557.0,1.02,1.06,17184871.0,0.03584615384615385,1.0,14509453003.72,0.9111111111111093,0.08888888888889072,120,0.5333333333333333,0.005186041266221545,0.011033401448584303,1.2704585825400934,-0.4602289576136972,-0.09959867674858228,2026-05-06,-0.11538461538461542,8.252031290812953,0.030313596849241606,8.603894246327451,8.827327297684674,1.2300999554740153,8.48447,8.53553,False,win_rate_lt_55,26.69071245587231,False,0.0,,,观察,观察,6.490266488158181,False,attack_checks_failed
300661.SZ,圣邦股份,半导体,,2026-07-06,135.97,-0.026000000000000002,2784151748.32,3.44,0.87,-54132340.0,-0.005337931034482758,0.3850574712643678,516206970979.27,0.5701818181818185,0.42981818181818154,120,0.5333333333333333,0.01388102199014019,0.005916213853652454,1.6043643255648379,-0.49244602715021557,-0.1436545966228893,2025-10-13,-0.15802469135802466,127.13195,0.065,136.77442759768113,141.25075046788987,0.5975017642907535,135.56209,136.37790999999999,False,win_rate_lt_55;stop_risk_gt_expected_reward,26.68347549877619,False,0.0,,,观察,观察,-4.351424545406754,False,attack_checks_failed
601138.SH,工业富联,消费电子,,2026-07-06,63.59,-0.0175,7815327977.0,0.62,0.65,-927255328.0,-0.024791011235955056,0.24719101123595505,92830893530.03,0.4644444444444452,0.5355555555555548,120,0.49166666666666664,0.004156036520913711,-0.0017381153133443116,1.1531320056304235,-0.36743500374796356,-0.16976343680997533,2026-06-25,-0.17352902974412254,60.418290445222155,0.04987748946025857,63.59,65.738326697479,0.6773402987807545,63.39923,63.78077,False,win_rate_lt_55;profit_factor_lt_1_2;stop_risk_gt_expected_reward;weak_tail_position,26.66613889619283,False,0.0,,,观察,观察,-7.4501095047409756,False,attack_checks_failed
688653.SH,康希通信,半导体,,2026-07-06,16.88,0.0596,396917457.0,7.6,1.19,12642995.0,-0.005337931034482758,0.3850574712643678,516206970979.27,0.6903225806451608,0.3096774193548392,120,0.575,0.009379374771755352,0.01306155054176791,1.4918826076375988,-0.36933864790270976,-0.14268349514563108,2026-05-25,-0.14502427184466027,15.953555764180257,0.054884137193112664,17.10047897314504,17.55842168213783,0.732285501822511,16.829359999999998,16.930639999999997,False,stop_risk_gt_expected_reward,26.50363572960442,False,0.0,,,观察,观察,0.41055740991819345,False,attack_checks_failed
688535.SH,华海诚科,半导体,,2026-07-06,162.29,0.011399999999999999,1956452365.0,9.09,0.75,-81113504.0,-0.005337931034482758,0.3850574712643678,516206970979.27,0.6475308641975301,0.35246913580246986,120,0.5416666666666666,0.014148677213890824,0.020638570899621036,1.4040698809787262,-0.45545794519657534,-0.19707216676453312,2025-10-10,-0.19859072225484453,151.74115,0.065,165.63943367129949,174.42372099668623,1.1502411160160824,161.80312999999998,162.77686999999997,False,win_rate_lt_55,26.277515519348817,False,0.0,,,观察,观察,-4.8981767530750355,False,attack_checks_failed
600795.SH,国电电力,电力,,2026-07-06,4.74,0.0042,422033625.0,0.5,0.6,13634395.0,-0.011894495412844036,0.23853211009174313,45280047584.52,1.0,0.0,120,0.575,0.0009714201334123748,0.00340571095571104,1.0743867022388842,-0.2820806023122665,-0.1513843170320404,2025-12-24,-0.15682967959527816,4.6215,0.025,4.75614306993007,4.818029829484902,0.6584795737122593,4.72578,4.75422,False,profit_factor_lt_1_2;stop_risk_gt_expected_reward,26.25048680100192,False,0.0,,,观察,观察,0.017350018899763953,False,attack_checks_failed
688052.SH,纳芯微,半导体,,2026-07-06,262.68,0.022099999999999998,998654968.0,2.72,0.83,9692545.0,-0.005337931034482758,0.3850574712643678,516206970979.27,0.7579617834394906,0.24203821656050936,120,0.5083333333333333,0.013374923866690262,0.0018160149349876987,1.553966471150004,-0.4322755404246975,-0.12712138163533507,2026-02-26,-0.13533325814818997,246.51163121091355,0.0615515790661126,263.1570308031226,280.48818753284667,1.1014214089962535,261.89196,263.46804,False,win_rate_lt_55,26.249200226500882,False,0.0,,,观察,观察,3.3859682355555343,False,attack_checks_failed
603725.SH,天安新材,家居用品,,2026-07-06,14.6,0.0504,660577017.0,15.54,1.56,27275148.0,-0.008252054794520548,0.4520547945205479,6637649699.07,0.8089887640449438,0.19101123595505617,120,0.525,0.007713110317121141,0.003005749960603955,1.4652164266030625,-0.3491268257409019,-0.15394797507788152,2026-06-05,-0.17695783132530118,13.651,0.065,14.643883949424819,15.0028982249742,0.4245502897515287,14.5562,14.643799999999999,False,win_rate_lt_55;stop_risk_gt_expected_reward,26.161405418843465,False,0.0,,,观察,观察,-4.502204441391787,False,attack_checks_failed
002440.SZ,闰土股份,化学制品,,2026-07-06,11.03,0.04650000000000001,761453527.04,7.37,1.05,103041710.0,-0.01195654761904762,0.3333333333333333,75957998903.55,0.8311688311688301,0.16883116883116994,120,0.5,0.013313470919599687,-0.0006197278911564174,1.6368769121084528,-0.528292970744745,-0.16374002741603835,2026-03-11,-0.17614804660726524,10.375326363558038,0.05935391082882701,11.03,11.241069719346047,0.3224044891943057,10.99691,11.063089999999999,False,win_rate_lt_55;stop_risk_gt_expected_reward,26.05779114787633,False,0.0,,,观察,观察,-8.971398359305116,False,attack_checks_failed
688107.SH,安路科技,半导体,,2026-07-06,42.03,0.045,518391242.0,3.13,1.01,17073058.0,-0.005337931034482758,0.3850574712643678,516206970979.27,0.7890410958904119,0.21095890410958804,120,0.5166666666666667,0.008548181863764027,0.001357462477552386,1.3808091975645924,-0.32678204621862905,-0.16179382716049387,2026-06-01,-0.17392246047216808,39.46728543134732,0.06097346106715872,42.087054147931525,43.35060732352941,0.5153158060141306,41.90391,42.15609,False,win_rate_lt_55;stop_risk_gt_expected_reward,26.049769818036744,False,0.0,,,观察,观察,-4.162098217781866,False,attack_checks_failed
002993.SZ,奥海科技,消费电子,,2026-07-06,67.82,0.0304,838458654.85,5.22,0.9,70663409.0,-0.024791011235955056,0.24719101123595505,92830893530.03,0.6061320754716972,0.39386792452830277,120,0.525,0.012240963065380675,0.006986129659080932,1.5840104191885604,-0.32620123391148526,-0.16383698224852064,2026-04-20,-0.1788091715976332,63.411699999999996,0.065,68.29379931347886,70.62140793483708,0.6354848660111808,67.61653999999999,68.02345999999999,False,win_rate_lt_55;stop_risk_gt_expected_reward,26.024859410730503,False,0.0,,,观察,观察,-3.4094647796921436,False,attack_checks_failed
301307.SZ,美利信,通信设备,,2026-07-06,86.66,0.0674,1233878513.34,13.1,0.78,41225863.0,-0.024461176470588236,0.17647058823529413,188572067489.88998,0.5714285714285714,0.42857142857142855,120,0.5583333333333333,0.01864576803205109,0.016688869230404326,1.6809593103281146,-0.5719731940035657,-0.16860453799890643,2025-10-13,-0.2178770949720671,81.0271,0.065,88.10625740750683,91.4790313104332,0.8555151539053083,86.40002,86.91997999999998,False,stop_risk_gt_expected_reward,25.94218148128956,False,0.0,,,观察,观察,-6.989111498991648,False,attack_checks_failed
688380.SH,中微半导,半导体,,2026-07-06,62.78,0.08410000000000001,1387055221.0,5.74,0.99,38880692.0,-0.005337931034482758,0.3850574712643678,516206970979.27,0.8373333333333335,0.16266666666666652,120,0.45,0.015494640337285972,-0.008441622601299024,1.577129985609176,-0.48335220295616366,-0.18190582968184424,2026-05-25,-0.1906985794901731,58.87296825999257,0.06223370086026493,62.78,65.21520732682131,0.6232883398118209,62.591660000000005,62.96834,False,win_rate_lt_55;stop_risk_gt_expected_reward,25.87179274395945,False,0.0,,,观察,观察,-8.505917013050972,False,attack_checks_failed
300505.SZ,川金诺,农化制品,,2026-07-06,26.44,0.061399999999999996,1022321582.63,18.16,1.22,65263056.0,0.00858813559322034,0.5932203389830508,20131545235.09,0.9854368932038846,0.014563106796115341,120,0.5166666666666667,0.007069801162051386,0.006893029094668458,1.2628213474920233,-0.6149802659999493,-0.19922207792207794,2026-03-13,-0.22613605808012904,24.85950073524728,0.05977682544450539,26.622251689263035,27.451382287714384,0.6399131655860797,26.360680000000002,26.519319999999997,False,win_rate_lt_55;stop_risk_gt_expected_reward,25.738998838380986,False,0.0,,,观察,观察,-13.458273906878258,False,attack_checks_failed
603690.SH,至纯科技,半导体,,2026-07-06,33.18,0.015300000000000001,1351587893.0,10.72,0.61,-75020395.0,-0.005337931034482758,0.3850574712643678,516206970979.27,0.6349206349206352,0.3650793650793648,120,0.5666666666666667,0.011465206204200822,0.010165623526852099,1.4427902332629676,-0.4251014282392591,-0.2074488673139158,2026-05-25,-0.2071197411003236,31.078448000475333,0.06333791439194293,33.51729538862095,34.39232545945946,0.5768715024580251,33.08046,33.27954,False,stop_risk_gt_expected_reward,25.676454479751047,False,0.0,,,观察,观察,-9.883761793238637,False,attack_checks_failed
002545.SZ,东方铁塔,农化制品,,2026-07-06,18.19,0.044199999999999996,757519673.23,3.73,1.01,32751127.0,0.00858813559322034,0.5932203389830508,20131545235.09,0.8524590163934431,0.14754098360655685,120,0.5,0.011785963161544486,-0.00174815954979327,1.4373497069988912,-0.5970885936718827,-0.2068494706097115,2026-03-13,-0.2175976633807959,17.258213930161606,0.051225182508982774,18.19,19.013877752475246,0.884191961163503,18.13543,18.24457,False,win_rate_lt_55;stop_risk_gt_expected_reward,25.654753339390766,False,0.0,,,观察,观察,-11.450930661172608,False,attack_checks_failed
601985.SH,中国核电,电力,,2026-07-06,8.86,0.0,838339682.0,0.5,0.71,16740354.0,-0.011894495412844036,0.23853211009174313,45280047584.52,0.6428571428571392,0.35714285714286076,120,0.4666666666666667,0.004494997677350852,-0.0013,1.5124102077586248,-0.1499072122343178,-0.0522761388286335,2026-05-19,-0.0634408602150538,8.638499999999999,0.025,8.86,9.027471898989896,0.7560808080808044,8.83342,8.886579999999999,False,win_rate_lt_55;stop_risk_gt_expected_reward,25.55895171097346,False,0.0,,,观察,观察,12.487565866259136,False,attack_checks_failed
600028.SH,中国石化,炼化及贸易,,2026-07-06,4.82,0.0255,1388191182.0,0.31,0.98,158985945.0,0.010806666666666666,0.5333333333333333,12502187145.8,0.882352941176473,0.11764705882352695,120,0.5,0.0005310755423748023,-0.000345801526717625,1.0426833972544614,-0.338838016309874,-0.08254076809453473,2026-03-06,-0.08419497784342678,4.6995000000000005,0.025,4.82,4.901370363636363,0.675272727272723,4.805540000000001,4.83446,False,win_rate_lt_55;profit_factor_lt_1_2;stop_risk_gt_expected_reward,25.49547335201837,False,0.0,,,观察,观察,5.2205322515844665,False,attack_checks_failed
301333.SZ,诺思格,医疗服务,,2026-07-06,54.54,0.0507,316218577.56,6.08,1.26,17116710.0,0.012767924528301887,0.5849056603773585,38605015287.54,0.6982758620689659,0.30172413793103414,120,0.48333333333333334,0.015537332902664937,-0.0016819409660734684,1.6175884291931064,-0.6816836961732153,-0.13558671084757593,2026-05-19,-0.14335542378793176,51.5508131272916,0.054807240056993084,54.54,56.44201460360224,0.6362983261327158,54.37638,54.703619999999994,False,win_rate_lt_55;stop_risk_gt_expected_reward,25.428234306556874,False,0.0,,,观察,观察,-6.7113650209817735,False,attack_checks_failed
000519.SZ,中兵红箭,地面兵装Ⅱ,,2026-07-06,20.45,0.0215,1780146720.06,6.26,0.92,126822602.0,-0.03225,0.16666666666666666,5023650201.38,0.5897435897435888,0.41025641025641124,120,0.525,0.0074490796641619415,0.0012229504278997395,1.4495519518452795,-0.272324929821409,-0.13841453744493395,2026-03-16,-0.14317180616740088,19.37735486344214,0.05245208491725481,20.47500933625055,21.080779114552893,0.5880594551307784,20.38865,20.511349999999997,False,win_rate_lt_55;stop_risk_gt_expected_reward,25.408970875738724,False,0.0,,,观察,观察,-0.22585598892314795,False,attack_checks_failed
600267.SH,海正药业,化学制药,,2026-07-06,10.95,0.039900000000000005,412996138.0,3.25,1.24,41300230.0,0.0073,0.66,81207334931.26,1.0,0.0,120,0.5416666666666666,0.002412557428282487,0.0034450497589002217,1.1697687671442603,-0.4313687726943991,-0.10878560460652578,2026-03-16,-0.11612284069097878,10.528589583606106,0.038484969533688795,10.987723294859958,11.1395358129285,0.44976537255629234,10.91715,10.982849999999997,False,win_rate_lt_55;profit_factor_lt_1_2;stop_risk_gt_expected_reward,25.349603841824308,False,0.0,,,观察,观察,0.10948886369972133,False,attack_checks_failed
300592.SZ,华凯易佰,互联网电商,,2026-07-06,18.86,0.0334,374566215.36,5.82,0.82,41392830.0,-0.013477777777777776,0.2222222222222222,2846965256.9500003,0.6562499999999993,0.34375000000000067,120,0.5333333333333333,0.012027728287614807,0.007618243547518357,1.5151637626276069,-0.40441846726484154,-0.15141372251705823,2026-03-16,-0.16072782410917352,17.6341,0.065,19.003680073306196,19.628723479332848,0.6270686673732363,18.80342,18.916579999999996,False,win_rate_lt_55;stop_risk_gt_expected_reward,25.33320482621204,False,0.0,,,观察,观察,-3.0721819027307378,False,attack_checks_failed
000651.SZ,格力电器,白色家电,,2026-07-06,39.0,0.0175,2395884044.8,1.12,0.89,180345568.0,0.00221,0.5,8547042819.51,0.9038461538461524,0.0961538461538476,120,0.425,7.094557156772522e-05,-0.0026372593943456467,1.0081241821900642,-0.2539572758343662,-0.04874713769984532,2026-03-16,-0.05865559304438095,38.025,0.025,39.0,39.317125383993535,0.32525680409593566,38.883,39.117,False,win_rate_lt_55;profit_factor_lt_1_2;stop_risk_gt_expected_reward,25.290000553696693,False,0.0,,,观察,观察,6.321616236231991,False,attack_checks_failed
603019.SH,中科曙光,计算机设备,,2026-07-06,94.56,0.0203,7624945973.0,5.54,0.64,340622656.0,-0.016757647058823526,0.23529411764705882,41460448694.2,0.7118644067796611,0.28813559322033894,120,0.48333333333333334,-0.0017823031823326627,-0.0012071809190926973,0.9322359492487672,-0.6110409587200083,-0.15841736716891355,2025-12-08,-0.15761300555114977,90.15144924470088,0.046621729645718195,94.56,97.61717356867172,0.6934645279964108,94.27632,94.84367999999999,False,win_rate_lt_55;avg_return_not_positive;profit_factor_lt_1_2;stop_risk_gt_expected_reward,25.267310348394574,False,0.0,,,观察,观察,-10.792251360628693,False,attack_checks_failed
600060.SH,海信视像,黑色家电,,2026-07-06,27.92,0.014499999999999999,400463263.0,1.11,0.71,21656430.0,-0.02046,0.2,4240906512.71,0.6764705882352956,0.32352941176470434,120,0.5166666666666667,0.004488472950462668,0.0027297233519104304,1.3539079562679142,-0.17935966348793286,-0.07396721717588764,2026-02-11,-0.10520487264673317,26.790309193679036,0.04046170509745587,27.99621387598534,28.56829737964855,0.5738715195530716,27.83624,28.00376,False,win_rate_lt_55;stop_risk_gt_expected_reward,25.168789301276934,False,0.0,,,观察,观察,7.885210277331366,False,attack_checks_failed
000415.SZ,渤海租赁,多元金融,,2026-07-06,4.61,0.0454,635344312.96,2.6,1.76,101115981.0,-0.002923076923076923,0.5,4598546736.42,0.909090909090911,0.09090909090908908,120,0.55,0.004897065073928373,0.0034119547119546246,1.2778388968103227,-0.48054852951512084,-0.13814210526315798,2026-05-11,-0.15398886827458258,4.4461994462361725,0.03553157348456132,4.625729111222111,4.716695888888889,0.6513768509154511,4.59617,4.62383,False,stop_risk_gt_expected_reward,25.115951873591932,False,0.0,,,观察,观察,-2.8731281363288623,False,attack_checks_failed
002001.SZ,新 和 成,化学制品,,2026-07-06,31.08,0.036000000000000004,1532475287.41,1.62,1.19,645525.0,-0.01195654761904762,0.3333333333333333,75957998903.55,0.7175141242937852,0.28248587570621475,120,0.5416666666666666,0.006047542448119023,0.00184223482439846,1.3413363622271557,-0.36179567869681173,-0.1311701298701299,2026-03-12,-0.1348051948051947,29.71241021420548,0.04400224536018395,31.137256658342302,31.703364844221102,0.4558127376324009,30.986759999999997,31.173239999999996,False,win_rate_lt_55;stop_risk_gt_expected_reward,25.017614399179575,False,0.0,,,观察,观察,-1.5854726571831659,False,attack_checks_failed
002493.SZ,荣盛石化,炼化及贸易,,2026-07-06,12.27,0.050499999999999996,1047261691.17,0.92,1.06,81992456.0,0.010806666666666666,0.5333333333333333,12502187145.8,0.5476190476190466,0.4523809523809534,120,0.5083333333333333,0.007084189097235624,0.003578291204787999,1.3069318745756016,-0.3331561619926391,-0.16772335766423355,2026-03-12,-0.1693430656934306,11.59550033880565,0.054971447530101906,12.313905633082747,12.79384595431472,0.7766437619659241,12.233189999999999,12.306809999999999,False,win_rate_lt_55;stop_risk_gt_expected_reward,24.988609115542445,False,0.0,,,观察,观察,-4.201994148447563,False,attack_checks_failed
601838.SH,成都银行,银行Ⅱ,,2026-07-06,18.69,0.0163,349208110.0,0.44,0.9,50523294.0,0.023145238095238094,1.0,28675060405.88,0.5949367088607606,0.4050632911392395,120,0.5166666666666667,0.0002789188611011476,0.002074563258376817,1.0249227229320859,-0.23319374182804486,-0.09191488673139162,2025-10-23,-0.09666168410563036,18.22275,0.025,18.728773587299063,18.920303619195046,0.4928916408668758,18.633930000000003,18.74607,False,win_rate_lt_55;profit_factor_lt_1_2;stop_risk_gt_expected_reward,24.805032081729774,False,0.0,,,观察,观察,3.453721763082025,False,attack_checks_failed
688222.SH,成都先导,医疗服务,,2026-07-06,33.65,0.0383,968369047.0,7.16,1.11,3561648.0,0.012767924528301887,0.5849056603773585,38605015287.54,0.605960264900661,0.39403973509933893,120,0.475,0.014172642149884935,-0.005361169981759705,1.5159034398091649,-0.45263814302108474,-0.18454291742013254,2026-05-26,-0.202833031946956,31.684764818940742,0.058402234206813036,33.65,35.10594595640858,0.7408507492847922,33.54905,33.750949999999996,False,win_rate_lt_55;stop_risk_gt_expected_reward,24.791645695134534,False,0.0,,,观察,观察,-8.598659854025522,False,attack_checks_failed
600166.SH,福田汽车,商用车,,2026-07-06,3.2,0.0256,548752058.0,2.15,1.1,-24257061.0,0.004930769230769231,0.5384615384615384,4328908799.49,0.6000000000000024,0.39999999999999764,120,0.5583333333333333,0.00758952082565178,0.007408414872798499,1.4506071548189265,-0.37767387687262566,-0.11388278145695355,2026-03-16,-0.11920529801324498,3.0825846781542516,0.03669228807679638,3.2237069275929553,3.2990658064516127,0.8437212869182283,3.1904000000000003,3.2096,False,stop_risk_gt_expected_reward,24.430832540170414,False,0.0,,,观察,观察,3.3719770044464936,False,attack_checks_failed
600770.SH,综艺股份,综合Ⅱ,,2026-07-06,6.26,0.0279,398737168.0,4.99,0.7,2610942.0,-0.003670588235294117,0.29411764705882354,4727297255.81,0.719298245614035,0.280701754385965,120,0.5166666666666667,0.008859955036963124,0.0019182893278035474,1.4107032616883273,-0.38237989410290074,-0.13253359580052496,2026-05-14,-0.15201005025125625,5.9436217487389325,0.05053965675096912,6.27200849119205,6.398417183946488,0.4375053702167097,6.24122,6.278779999999999,False,win_rate_lt_55;stop_risk_gt_expected_reward,24.159120853420454,False,0.0,,,观察,观察,-2.9276193548312164,False,attack_checks_failed
601857.SH,中国石油,炼化及贸易,,2026-07-06,9.09,0.0134,1245887388.0,0.08,0.79,-41384008.0,0.010806666666666666,0.5333333333333333,12502187145.8,0.8275862068965498,0.17241379310345017,120,0.55,0.0038593419876221664,0.007260428058001612,1.2305443008728691,-0.46512880038617266,-0.09630000000000008,2026-04-29,-0.10250000000000004,8.86275,0.025,9.155997291047234,9.305907425887264,0.9500876826722346,9.06273,9.11727,False,stop_risk_gt_expected_reward,24.14743245939789,False,0.0,,,观察,观察,4.594859548273785,False,attack_checks_failed
603990.SH,麦迪科技,软件开发,,2026-07-06,23.0,0.0604,877364325.0,12.6,1.99,105694322.0,-0.018426356589147284,0.15503875968992248,43989997360.36,0.684210526315789,0.3157894736842109,120,0.5,0.008020757669071283,0.00020954930261371085,1.4317621266994556,-0.3681935657600487,-0.12847770034843212,2026-06-04,-0.13797634691195793,21.886722125656327,0.048403385841029184,23.004819633960118,23.62987318212141,0.5657825387868698,22.931,23.069,False,win_rate_lt_55;stop_risk_gt_expected_reward,24.059165559358963,False,0.0,,,观察,观察,-1.3076055273017797,False,attack_checks_failed
600015.SH,华夏银行,银行Ⅱ,,2026-07-06,6.79,0.0195,488898524.0,0.47,0.92,44357326.0,0.023145238095238094,1.0,28675060405.88,0.9500000000000011,0.04999999999999889,120,0.475,-0.0018643718453484435,-0.0020256894049346707,0.8269676088166522,-0.30021178674689053,-0.08290442600276629,2026-04-29,-0.08575380359612728,6.6202499999999995,0.025,6.79,6.884521554033484,0.5568280060882755,6.76963,6.810369999999999,False,win_rate_lt_55;avg_return_not_positive;profit_factor_lt_1_2;stop_risk_gt_expected_reward,23.89336244792782,False,0.0,,,观察,观察,4.049448967440011,False,attack_checks_failed
002142.SZ,宁波银行,银行Ⅱ,,2026-07-06,30.71,0.0139,958735533.74,0.47,0.67,-66441522.0,0.023145238095238094,1.0,28675060405.88,0.8051948051948069,0.19480519480519307,120,0.5416666666666666,0.0009202889875826756,0.003618046003886123,1.0809098429603268,-0.38476928726304216,-0.06431369863013695,2026-06-11,-0.07614678899082572,29.94225,0.025,30.821110192779344,31.123575674744412,0.5386853464596739,30.61787,30.80213,False,win_rate_lt_55;profit_factor_lt_1_2;stop_risk_gt_expected_reward,23.849013182537586,False,0.0,,,观察,观察,5.563894189986333,False,attack_checks_failed
601198.SH,东兴证券,证券Ⅱ,,2026-07-06,13.95,0.0123,341592640.0,0.76,0.72,-1674252.0,0.0011265306122448977,0.6122448979591837,50598036358.22,0.8333333333333296,0.16666666666667038,120,0.49166666666666664,0.0022352139173645105,-0.0013,1.1754385189814653,-0.2637574402863696,-0.06806669167291826,2026-03-16,-0.07723577235772361,13.601249999999999,0.025,13.95,14.174198836858006,0.6428640483383705,13.90815,13.991849999999998,False,win_rate_lt_55;profit_factor_lt_1_2;stop_risk_gt_expected_reward,23.845761766678685,False,0.0,,,观察,观察,7.974452200057463,False,attack_checks_failed
688629.SH,华丰科技,军工电子Ⅱ,,2026-07-06,201.26,0.11810000000000001,6678793074.0,7.34,1.15,422002752.0,-0.026903225806451613,0.1774193548387097,46435263402.72,0.6133879781420758,0.3866120218579242,120,0.43333333333333335,0.004461886748494564,-0.010402372388150147,1.1386342553967956,-0.6696291466874172,-0.15580883866636833,2025-10-27,-0.18430884184308838,188.1781,0.065,201.26,209.90576679341268,0.6608953434449675,200.65622,201.86377999999996,False,win_rate_lt_55;profit_factor_lt_1_2;stop_risk_gt_expected_reward,23.747863520147057,False,0.0,,,观察,观察,-13.351560607746674,False,attack_checks_failed
600115.SH,中国东航,航空机场,,2026-07-06,3.85,0.0132,902907480.0,1.38,0.85,99727623.0,0.010523076923076923,0.8461538461538461,4101239383.8,0.6666666666666666,0.3333333333333333,120,0.575,0.004916395434828195,0.011095679921453185,1.195878586815855,-0.5329421072051647,-0.14018888888888872,2026-03-16,-0.16756756756756752,3.7160243923493765,0.03479885913003208,3.892718367697595,3.9884732608695646,1.0335706872154664,3.83845,3.86155,False,profit_factor_lt_1_2,23.72164331252278,False,0.0,,,观察,观察,-2.443868546700653,False,attack_checks_failed
301269.SZ,华大九天,软件开发,,2026-07-06,117.21,0.1405,3900095313.55,6.18,1.56,190298800.0,-0.018426356589147284,0.15503875968992248,43989997360.36,0.5799999999999997,0.42000000000000026,120,0.5,0.007034670670835255,0.000687713653923029,1.301838591913971,-0.4826161126207609,-0.1944013003192401,2026-05-28,-0.2061823561473176,109.63980051106535,0.06458663500498811,117.29060691737631,120.27936783769633,0.4054540229993708,116.85837,117.56162999999998,False,win_rate_lt_55;stop_risk_gt_expected_reward,23.681135009458366,False,0.0,,,观察,观察,-13.78990396881564,False,attack_checks_failed
600520.SH,三佳科技,专用设备,,2026-07-06,38.35,0.0623,915788088.0,15.38,0.81,115961574.0,-0.021527374301675978,0.17318435754189945,60843778299.05,0.755223880597015,0.24477611940298505,120,0.5083333333333333,0.010566244126332506,0.0011467168155462016,1.5513662553115377,-0.5203277557579515,-0.1524586452762924,2026-03-16,-0.16221033868092694,36.093417111056894,0.05884179632185419,38.393976589876196,39.33750763736264,0.4376119495549081,38.23495,38.46505,False,win_rate_lt_55;stop_risk_gt_expected_reward,23.623630447678103,False,0.0,,,观察,观察,-7.171634371362192,False,attack_checks_failed
688319.SH,欧林生物,生物制品,,2026-07-06,43.37,0.0152,566881502.0,3.24,0.62,26569703.0,0.010759259259259258,0.7962962962962963,21887347204.38,0.6929460580912851,0.30705394190871493,120,0.5333333333333333,0.009154989981469432,0.009482492895616059,1.3077515723013442,-0.5477061971986668,-0.2034276595744681,2026-01-09,-0.20477189302569487,40.55095,0.065,43.78125571688287,45.96274639965096,0.9197234528124593,43.239889999999995,43.50010999999999,False,win_rate_lt_55;stop_risk_gt_expected_reward,23.54447577526326,False,0.0,,,观察,观察,-10.124376009142097,False,attack_checks_failed
002812.SZ,恩捷股份,电池,,2026-07-06,65.0,0.0076,1820720554.26,3.4,0.97,46900973.0,-0.02283723404255319,0.19148936170212766,91437451195.01,0.622844827586207,0.37715517241379304,120,0.49166666666666664,0.01196738193767888,-0.0021596063298986766,1.3704493447982653,-0.4160667587423206,-0.18485916892502266,2025-11-28,-0.2057813911472448,62.03237566468718,0.045655759004812634,65.0,69.68528417266185,1.5787996199215635,64.805,65.195,False,win_rate_lt_55,23.489191935801326,False,0.0,,,观察,观察,-1.4667115626063572,False,attack_checks_failed
601919.SH,中远海控,航运港口,,2026-07-06,13.98,0.019,1192328516.0,0.69,1.0,29753947.0,0.01176764705882353,0.8235294117647058,10764261904.23,0.9473684210526329,0.05263157894736719,120,0.4583333333333333,-0.0006761356643556987,-0.001979589940777936,0.9389582228030652,-0.3183755294969637,-0.06665532994923853,2026-03-18,-0.07106598984771573,13.6305,0.025,13.98,14.168426985221672,0.5391330049261032,13.93806,14.021939999999999,False,win_rate_lt_55;avg_return_not_positive;profit_factor_lt_1_2;stop_risk_gt_expected_reward,23.354808442574644,False,0.0,,,观察,观察,5.46401504079156,False,attack_checks_failed
600886.SH,国投电力,电力,,2026-07-06,13.49,0.0052,316943353.0,0.32,0.65,17621438.0,-0.011894495412844036,0.23853211009174313,45280047584.52,0.8461538461538493,0.1538461538461507,120,0.4666666666666667,0.0015979805102798233,-0.0024261273965108564,1.1392614892299873,-0.2158979271734004,-0.07000748299319728,2025-11-11,-0.07483962936564492,13.15275,0.025,13.49,13.657539219512197,0.4967804878048852,13.44953,13.53047,False,win_rate_lt_55;profit_factor_lt_1_2;stop_risk_gt_expected_reward,23.339755127150482,False,0.0,,,观察,观察,7.112464553788427,False,attack_checks_failed
688183.SH,生益电子,元件,,2026-07-06,120.68,-0.018000000000000002,2241361978.0,2.26,0.85,-8229840.0,-0.041850819672131154,0.09836065573770492,146025962633.28,0.8458100558659224,0.15418994413407766,120,0.43333333333333335,0.01651348568632027,-0.009512926093786043,1.520942716278003,-0.5327826785606196,-0.16700188133140373,2026-06-25,-0.18677458766035437,112.8358,0.065,120.68,123.69155672623708,0.3839214612372307,120.31796000000001,121.04204,False,win_rate_lt_55;stop_risk_gt_expected_reward,23.298850775583944,False,0.0,,,观察,观察,-10.331060376467097,False,attack_checks_failed
601998.SH,中信银行,银行Ⅱ,,2026-07-06,7.14,0.0215,457310193.0,0.16,0.79,10855971.0,0.023145238095238094,1.0,28675060405.88,0.9583333333333306,0.04166666666666944,120,0.4666666666666667,0.001065924432334765,-0.003943482858230961,1.0813794991591743,-0.3887266467299276,-0.07606635514018703,2026-06-23,-0.0854472630173565,6.960342010155832,0.025162183451564103,7.14,7.254478,0.6371996040882842,7.11858,7.161419999999999,False,win_rate_lt_55;profit_factor_lt_1_2;stop_risk_gt_expected_reward,23.2823637544167,False,0.0,,,观察,观察,4.246194140720355,False,attack_checks_failed
300557.SZ,理工光科,通用设备,,2026-07-06,33.7,0.0571,349101122.36,7.01,1.24,6984381.0,-0.022262272727272728,0.23636363636363636,116487098257.19,0.815533980582525,0.18446601941747495,120,0.48333333333333334,0.014406125547830682,-0.0022585889570551397,1.6542288204898288,-0.5992223435126295,-0.17636811989100823,2026-03-16,-0.17643051771117169,31.58530897129635,0.06275047562918852,33.7,34.97433326107446,0.6026096691088013,33.5989,33.8011,False,win_rate_lt_55;stop_risk_gt_expected_reward,23.257136455617292,False,0.0,,,观察,观察,-9.404649285332766,False,attack_checks_failed
688035.SH,德邦科技,电子化学品Ⅱ,,2026-07-06,93.39,0.0599,978938571.0,7.41,1.15,-12161589.0,-0.023262857142857144,0.2571428571428571,65969844145.97,0.6268023748939776,0.37319762510602233,120,0.5583333333333333,0.011971643978492477,0.02266391618612337,1.429080046512946,-0.4618727845381899,-0.1850344894603079,2026-03-16,-0.19031245328150703,87.31965000000001,0.065,95.50658313262205,98.57144556950293,0.8535661979132899,93.10983,93.67016999999998,False,stop_risk_gt_expected_reward,23.170110519859183,False,0.0,,,观察,观察,-6.1090310441759215,False,attack_checks_failed
000629.SZ,钒钛股份,冶钢原料,,2026-07-06,3.38,0.009000000000000001,612472723.99,1.97,0.54,41680936.0,-0.0128125,0.625,2782774804.61,0.625,0.375,120,0.55,0.008796081897065934,0.005182999201445794,1.3761964466333447,-0.4418562859656511,-0.14905725593667543,2026-03-16,-0.158311345646438,3.214096432865075,0.049083895602048816,3.3975185373008867,3.526667452513966,0.8840524350792622,3.36986,3.3901399999999997,False,stop_risk_gt_expected_reward,23.070533200508915,False,0.0,,,观察,观察,-2.000856999585219,False,attack_checks_failed
688512.SH,慧智微-U,半导体,,2026-07-06,15.58,0.06709999999999999,408299843.0,8.28,1.07,34685591.0,-0.005337931034482758,0.3850574712643678,516206970979.27,0.7515527950310559,0.24844720496894412,120,0.525,0.004555439203582005,0.008689429175475851,1.205062929506196,-0.38607892271952304,-0.1572105431309904,2026-05-26,-0.1693290734824281,14.714072003988852,0.05557946059121621,15.715381306553912,16.151578858499523,0.6600766589514051,15.53326,15.626739999999998,False,win_rate_lt_55;stop_risk_gt_expected_reward,22.993532936443998,False,0.0,,,观察,观察,-4.5308746419222405,False,attack_checks_failed
600938.SH,中国海油,油气开采Ⅱ,,2026-07-06,28.27,0.0209,1780876451.0,2.12,0.99,81939188.0,0.016980000000000002,0.6,2910104925.3,0.8476190476190476,0.15238095238095242,120,0.4583333333333333,0.00104893543923929,-0.003534219269103055,1.0507172685616162,-0.4169163430446341,-0.13118788624555647,2026-06-08,-0.1353568498769483,27.53788721404311,0.02589716257364308,28.27,28.835592749999996,0.772548657596185,28.18519,28.354809999999997,False,win_rate_lt_55;profit_factor_lt_1_2;stop_risk_gt_expected_reward,22.94768073588245,False,0.0,,,观察,观察,-2.4246844458594072,False,attack_checks_failed
002049.SZ,紫光国微,半导体,,2026-07-06,83.2,0.0176,4206677399.8,6.09,0.9,-37646720.0,-0.005337931034482758,0.3850574712643678,516206970979.27,0.797297297297298,0.20270270270270196,120,0.49166666666666664,0.0006251236613889175,-0.0031312153399201447,1.026452424104618,-0.5177782274798632,-0.11024155669270133,2026-03-16,-0.13141062914292356,79.33142942277892,0.046497242514676296,83.2,85.62984452910618,0.6280987978902604,82.9504,83.44959999999999,False,win_rate_lt_55;profit_factor_lt_1_2;stop_risk_gt_expected_reward,22.841064800910345,False,0.0,,,观察,观察,-3.4525331235986103,False,attack_checks_failed
600352.SH,浙江龙盛,化学制品,,2026-07-06,12.55,0.038900000000000004,844579266.0,2.08,0.72,22768712.0,-0.01195654761904762,0.3333333333333333,75957998903.55,0.7228915662650619,0.2771084337349381,120,0.5416666666666666,0.005947416801143579,0.0034703672159072897,1.339369378276264,-0.4371051230670284,-0.12732913236225454,2026-03-11,-0.13552881570614306,11.779532700652021,0.06139181668111391,12.593553108559638,12.819841351791531,0.3502307651731471,12.512350000000001,12.58765,False,win_rate_lt_55;stop_risk_gt_expected_reward,22.755818127111006,False,0.0,,,观察,观察,-3.648045451821641,False,attack_checks_failed
601211.SH,国泰海通,证券Ⅱ,,2026-07-06,19.8,0.0222,5044335284.0,1.9,1.31,77229616.0,0.0011265306122448977,0.6122448979591837,50598036358.22,0.47368421052631565,0.5263157894736844,120,0.45,0.0006510536773765963,-0.004479399564803398,1.0480108346817,-0.3899793132329792,-0.06805811614083226,2026-01-07,-0.07407407407407407,19.150009453740672,0.03282780536663266,19.8,20.13055820051414,0.5085584742985744,19.7406,19.859399999999997,False,win_rate_lt_55;profit_factor_lt_1_2;stop_risk_gt_expected_reward;weak_tail_position,22.66689501218071,False,0.0,,,观察,观察,1.4103489755534055,False,attack_checks_failed
002897.SZ,意华股份,通信设备,,2026-07-06,82.1,0.056600000000000004,2016275887.99,13.44,1.29,139407424.0,-0.024461176470588236,0.17647058823529413,188572067489.88998,0.6485922836287796,0.35140771637122037,120,0.5166666666666667,0.008691717632138132,0.004433859247462392,1.3517001846906704,-0.5726664655139044,-0.1845909358682554,2026-03-10,-0.18663810416387738,76.7635,0.065,82.46401984421666,85.39855409090909,0.6181118881118884,81.85369999999999,82.34629999999999,False,win_rate_lt_55;stop_risk_gt_expected_reward,22.193754921032514,False,0.0,,,观察,观察,-11.331614828361978,False,attack_checks_failed
600276.SH,恒瑞医药,化学制药,,2026-07-06,56.77,0.0426,10153086404.0,2.82,1.16,723185712.0,0.0073,0.66,81207334931.26,0.75,0.25,120,0.36666666666666664,-0.013025484059217614,-0.010012310666855848,0.4087619255583411,-0.8272397850203141,-0.08951415738411775,2026-05-13,-0.11030133146461107,54.611095782279165,0.03802896279233474,56.77,57.20628885200846,0.2020881002627602,56.59969,56.94031,False,win_rate_lt_55;avg_return_not_positive;profit_factor_lt_1_2;stop_risk_gt_expected_reward,22.102039535888608,False,0.0,,,观察,观察,-16.29373249086634,False,attack_checks_failed
301363.SZ,美好医疗,医疗器械,,2026-07-06,21.66,0.0334,759897171.85,6.83,1.57,138310157.0,-0.0022519685039370076,0.47244094488188976,24932658260.82,0.7401574803149619,0.25984251968503813,120,0.4166666666666667,0.011316313758196682,-0.013211919901384348,1.3332189566253745,-0.5770698450295539,-0.18013211678832122,2026-05-13,-0.18288726682887269,20.504607384028805,0.05334222603745136,21.66,22.0981762776204,0.37924448500311825,21.59502,21.72498,False,win_rate_lt_55;stop_risk_gt_expected_reward,21.97496547147747,False,0.0,,,观察,观察,-14.061821600062276,False,attack_checks_failed
300677.SZ,英科医疗,医疗器械,,2026-07-06,46.0,0.0942,1131097009.05,5.35,1.66,7868281.0,-0.0022519685039370076,0.47244094488188976,24932658260.82,0.8073555166374778,0.1926444833625221,120,0.5083333333333333,0.006308161993360919,0.0028757048387693896,1.2056566783697866,-0.5335991847947472,-0.16344154972544236,2026-04-07,-0.18273337400854184,43.751423207876336,0.04888210417660138,46.13228242258339,48.113826373626374,0.9400730190895448,45.862,46.138,False,win_rate_lt_55;stop_risk_gt_expected_reward,21.940089883763736,False,0.0,,,观察,观察,-6.101239815825098,False,attack_checks_failed
002448.SZ,中原内配,汽车零部件,,2026-07-06,12.67,0.0292,329543735.54,4.44,1.17,8380977.0,-0.017244398340248962,0.24896265560165975,88060367382.52,0.5833333333333327,0.4166666666666673,120,0.5833333333333334,0.004928787335749223,0.008803123610382348,1.1965876350213458,-0.374464847516087,-0.1589576576576576,2026-03-16,-0.16731016731016735,12.156991271264065,0.040490033838668865,12.781535576143543,13.154392836017568,0.9442194818227059,12.63199,12.708009999999998,False,profit_factor_lt_1_2;stop_risk_gt_expected_reward,21.72454685537901,False,0.0,,,观察,观察,-1.7273094437359742,False,attack_checks_failed
300536.SZ,农尚环境,基础建设,,2026-07-06,10.05,0.07719999999999999,443598165.99,15.26,2.82,35459958.0,-0.004134090909090909,0.38636363636363635,6557621486.17,0.7350427350427361,0.2649572649572639,120,0.44166666666666665,0.01186217636251003,-0.010848046889819028,1.442264364315057,-0.6028488714531457,-0.21675319465081724,2026-05-22,-0.22585438335809815,9.51563096097978,0.053171048658728494,10.05,10.182763295042323,0.24844870370062405,10.01985,10.08015,False,win_rate_lt_55;stop_risk_gt_expected_reward,21.655287669648665,False,0.0,,,观察,观察,-19.508660041543802,False,attack_checks_failed
601009.SH,南京银行,银行Ⅱ,,2026-07-06,10.66,0.022099999999999998,522185759.0,0.4,0.68,-26393253.0,0.023145238095238094,1.0,28675060405.88,0.8750000000000021,0.12499999999999792,120,0.4583333333333333,-0.0012137591827912192,-0.004975527101314191,0.9056001293458514,-0.3106944832437204,-0.06848346253229967,2026-06-12,-0.08440999138673544,10.3935,0.025,10.66,10.802189575480329,0.5335443732845344,10.62802,10.69198,False,win_rate_lt_55;avg_return_not_positive;profit_factor_lt_1_2;stop_risk_gt_expected_reward,21.613154816335022,False,0.0,,,观察,观察,4.394466894943997,False,attack_checks_failed
000951.SZ,中国重汽,商用车,,2026-07-06,22.69,0.0152,374637188.54,1.41,0.84,2336703.0,0.004930769230769231,0.5384615384615384,4328908799.49,0.5555555555555575,0.4444444444444425,120,0.525,0.005208616785658046,0.0021750143358449615,1.2930212561162546,-0.3855827358246654,-0.12467662337662336,2026-06-18,-0.150830258302583,21.6988239098211,0.04368338872538121,22.739351075280325,23.35091558380609,0.6667993612384226,22.621930000000003,22.75807,False,win_rate_lt_55;stop_risk_gt_expected_reward,21.60779148492749,False,0.0,,,观察,观察,-1.8436595566732743,False,attack_checks_failed
688103.SH,国力电子,其他电子Ⅱ,,2026-07-06,85.26,0.1678,751003840.0,9.51,1.42,86399577.0,-0.0037666666666666664,0.42424242424242425,33228433793.61,0.8540372670807457,0.14596273291925435,120,0.5083333333333333,0.0003177784503902002,0.0010722420131261358,1.0138488580770773,-0.42294919717766777,-0.12473619683069218,2025-10-29,-0.14708023882335808,79.7181,0.065,85.35141935403914,87.3517727784431,0.3774468645127311,85.00422,85.51577999999999,False,win_rate_lt_55;profit_factor_lt_1_2;stop_risk_gt_expected_reward,21.473633574164722,False,0.0,,,观察,观察,-4.795652410065928,False,attack_checks_failed
601677.SH,明泰铝业,工业金属,,2026-07-06,16.28,0.0317,709106636.0,3.51,0.94,49656224.0,-0.012443103448275861,0.3275862068965517,62006483751.31,0.5972222222222238,0.40277777777777624,120,0.5416666666666666,0.0013748438189217242,0.0026120588810058755,1.0786280335618323,-0.31850017497421457,-0.1341886608517188,2026-06-03,-0.1482811698306823,15.577387284580256,0.043158029202687104,16.322524318582776,16.6228197398374,0.4879213431721014,16.231160000000003,16.32884,False,win_rate_lt_55;profit_factor_lt_1_2;stop_risk_gt_expected_reward,21.41640242264757,False,0.0,,,观察,观察,-2.977542207444336,False,attack_checks_failed
300871.SZ,回盛生物,动物保健Ⅱ,,2026-07-06,24.39,0.0179,305273951.11,6.23,1.28,24475150.0,0.006666666666666666,0.6666666666666666,1417291048.56,0.6923076923076911,0.3076923076923089,120,0.5083333333333333,0.005948246943134406,0.00016341463414634282,1.2608430209101085,-0.48512976915637873,-0.16908523489932883,2026-03-16,-0.1759880686055182,23.36150267782732,0.04216881189719876,24.39398568292683,25.004596214596003,0.5975671509748626,24.31683,24.463169999999998,False,win_rate_lt_55;stop_risk_gt_expected_reward,21.388728121534015,False,0.0,,,观察,观察,-8.565236438862897,False,attack_checks_failed
300083.SZ,创世纪,自动化设备,,2026-07-06,14.39,0.053399999999999996,2643635816.14,12.66,1.28,244082560.0,-0.03055375,0.1625,82664755514.05,0.7938931297709928,0.20610687022900723,120,0.475,0.00542717208827324,-0.0017906771344455051,1.2056741002177704,-0.6037485371195626,-0.12330956937799034,2026-03-16,-0.13038277511961727,13.462418243077337,0.06446016378892733,14.39,14.752255695547529,0.3905377535122573,14.34683,14.433169999999999,False,win_rate_lt_55;stop_risk_gt_expected_reward,21.35557525617765,False,0.0,,,观察,观察,-7.444399048551087,False,attack_checks_failed
601108.SH,XD财通证,证券Ⅱ,,2026-07-06,9.13,0.0066,725685177.0,1.72,0.61,58026431.0,0.0011265306122448977,0.6122448979591837,50598036358.22,0.7142857142857152,0.2857142857142848,120,0.48333333333333334,0.0012811596319576848,-0.000704052443385038,1.0944250165728915,-0.3591693061938176,-0.09121494532199273,2026-03-16,-0.09939393939393948,8.780815579829898,0.038245829153351875,9.13,9.299596838509316,0.485694173945958,9.10261,9.15739,False,win_rate_lt_55;profit_factor_lt_1_2;stop_risk_gt_expected_reward,21.263836048713635,False,0.0,,,观察,观察,1.02271008956984,False,attack_checks_failed
600887.SH,伊利股份,饮料乳品,,2026-07-06,25.07,0.0191,1609218196.0,1.03,0.99,143484013.0,0.012361538461538462,0.6923076923076923,4520170440.1,0.8461538461538456,0.15384615384615444,120,0.4166666666666667,-0.0016366339812186098,-0.004247770225312674,0.8547096073923559,-0.34777447707562537,-0.05401378367825064,2026-06-11,-0.07195643718397515,24.44325,0.025,25.07,25.272763862936536,0.3235163349605706,24.994790000000002,25.14521,False,win_rate_lt_55;avg_return_not_positive;profit_factor_lt_1_2;stop_risk_gt_expected_reward,21.146453849559336,False,0.0,,,观察,观察,2.4940403178818524,False,attack_checks_failed
688262.SH,国芯科技,半导体,,2026-07-06,39.83,0.041299999999999996,929794381.0,7.12,1.34,17061955.0,-0.005337931034482758,0.3850574712643678,516206970979.27,0.7322515212981744,0.2677484787018256,120,0.48333333333333334,0.005022198065024925,-0.00446104770002118,1.1792438215686674,-0.42564029701900585,-0.16739392898052688,2026-05-25,-0.16701030927835048,37.6892063749532,0.05374827077697201,39.83,41.35564674257425,0.7126547485589182,39.71051,39.94949,False,win_rate_lt_55;profit_factor_lt_1_2;stop_risk_gt_expected_reward,20.935613423699998,False,0.0,,,观察,观察,-6.544196976736827,False,attack_checks_failed
002028.SZ,思源电气,电网设备,,2026-07-06,174.2,0.0391,2502994098.71,2.32,0.94,283600192.0,-0.0235,0.15625,49518149708.58,0.48482060717571107,0.5151793928242889,120,0.5083333333333333,0.006186605465132824,0.001595756489882162,1.2486872491699679,-0.4709398881406678,-0.17912407407407407,2026-06-01,-0.2129629629629629,165.50220797588767,0.04992991977102367,174.47798078053745,180.51774048174912,0.7263614103711463,173.67739999999998,174.72259999999997,False,win_rate_lt_55;stop_risk_gt_expected_reward;weak_tail_position,20.84700415650509,False,0.0,,,观察,观察,-10.5639480129362,False,attack_checks_failed
002077.SZ,大港股份,半导体,,2026-07-06,17.75,0.0154,582960670.58,5.71,0.66,3077212.0,-0.005337931034482758,0.3850574712643678,516206970979.27,0.7083333333333328,0.2916666666666672,120,0.5,0.0021858172606847174,0.0004653419323734321,1.0959863925345688,-0.34763940293469686,-0.15506285868976713,2025-11-19,-0.18016085790884717,17.00951383020932,0.04171753069243281,17.758259819299628,18.34638808724832,0.8054007104776951,17.69675,17.80325,False,win_rate_lt_55;profit_factor_lt_1_2;stop_risk_gt_expected_reward,20.779719337156028,False,0.0,,,观察,观察,-4.1032496907828175,False,attack_checks_failed
600379.SH,宝光股份,电网设备,,2026-07-06,16.71,0.0691,723973679.0,13.49,1.09,2534524.0,-0.0235,0.15625,49518149708.58,0.8406593406593411,0.15934065934065886,120,0.5416666666666666,0.005527375412970331,0.004432033853874108,1.180050081534229,-0.5929779824411308,-0.2990260708619778,2026-05-14,-0.3093601269169751,15.758497912435839,0.056942075856622455,16.784059285698238,17.191901420401855,0.5064638603531796,16.65987,16.76013,False,win_rate_lt_55;profit_factor_lt_1_2;stop_risk_gt_expected_reward,20.55234415607243,False,0.0,,,观察,观察,-25.98905050824977,False,attack_checks_failed
601225.SH,陕西煤业,煤炭开采,,2026-07-06,23.11,0.0729,1676892894.0,0.77,1.15,19946998.0,0.03584615384615385,1.0,14509453003.72,0.9020618556701026,0.0979381443298975,120,0.44166666666666665,-0.0022551421205090102,-0.004104978618591747,0.8853840880172186,-0.5952843250644141,-0.15349062259800153,2026-06-11,-0.16864699118436177,22.281142051815593,0.03586577015077485,23.11,23.46077150094162,0.42319857306065073,23.04067,23.179329999999997,False,win_rate_lt_55;avg_return_not_positive;profit_factor_lt_1_2;stop_risk_gt_expected_reward,20.52483894437573,False,0.0,,,观察,观察,-12.723985059965557,False,attack_checks_failed
600066.SH,宇通客车,商用车,,2026-07-06,29.34,0.0152,715926703.0,1.11,0.89,-1543594.0,0.004930769230769231,0.5384615384615384,4328908799.49,0.759689922480621,0.24031007751937902,120,0.5083333333333333,0.0014796366097021144,0.0015808825671456929,1.0881505339674047,-0.43238396863873374,-0.09995067466266874,2026-06-02,-0.13477537437603992,28.163783651172796,0.040089173443326666,29.386383094520056,29.835499133263372,0.4212653001783509,29.25198,29.428019999999997,False,win_rate_lt_55;profit_factor_lt_1_2;stop_risk_gt_expected_reward,20.51648561165971,False,0.0,,,观察,观察,-2.3308558131371075,False,attack_checks_failed
301379.SZ,天山电子,光学光电子,,2026-07-06,35.61,0.1073,2248147564.26,28.99,1.83,-124125040.0,-0.03446989247311828,0.15053763440860216,108925563005.49,0.5734265734265738,0.4265734265734263,120,0.55,0.0035145570211576483,0.00635679115365725,1.1384826041886116,-0.3794632768701782,-0.14148218623481792,2026-03-16,-0.18036444775009297,33.29535,0.065,35.836365332981735,37.071008587301584,0.631200651200651,35.50317,35.716829999999995,False,profit_factor_lt_1_2;stop_risk_gt_expected_reward,20.4915341109267,False,0.0,,,观察,观察,-4.471822648326922,False,attack_checks_failed
601728.SH,中国电信,通信服务,,2026-07-06,5.57,0.0258,816734602.0,0.19,0.96,70042549.0,-0.027620512820512817,0.20512820512820512,15770206470.87,0.8333333333333334,0.16666666666666666,120,0.5666666666666667,-0.002267587321179839,0.004150274233816277,0.810977414308764,-0.3622317170827394,-0.09104358974358986,2026-06-11,-0.09294871794871795,5.43075,0.025,5.593117027482356,5.630172010590016,0.4321149773071152,5.5532900000000005,5.58671,False,avg_return_not_positive;profit_factor_lt_1_2;stop_risk_gt_expected_reward,20.412006489368917,False,0.0,,,观察,观察,2.0380180562303742,False,attack_checks_failed
600867.SH,通化东宝,生物制品,,2026-07-06,8.39,0.0194,356632654.0,2.19,0.79,14458881.0,0.010759259259259258,0.7962962962962963,21887347204.38,0.8648648648648675,0.13513513513513253,120,0.5166666666666667,0.00044060975939262995,0.0022640343093757965,1.0296665058265566,-0.49273045222134737,-0.11581247165532885,2026-03-16,-0.12358276643990929,8.069792909462638,0.03816532664330913,8.408995247855664,8.544113703933748,0.4812938516605554,8.364830000000001,8.41517,False,win_rate_lt_55;profit_factor_lt_1_2;stop_risk_gt_expected_reward,20.368036614632672,False,0.0,,,观察,观察,-3.438296683133358,False,attack_checks_failed
600256.SH,广汇能源,煤炭开采,,2026-07-06,5.37,0.036699999999999997,828542537.0,2.45,0.98,-48567841.0,0.03584615384615385,1.0,14509453003.72,0.9032258064516122,0.09677419354838775,120,0.4666666666666667,-0.0006180522228439392,-0.003241400218431033,0.9709406479696522,-0.49381372923909606,-0.20736060606060594,2026-06-12,-0.22878787878787876,5.159878219023628,0.0391288232730675,5.37,5.4596789999999995,0.42679535450008493,5.35389,5.3861099999999995,False,win_rate_lt_55;avg_return_not_positive;profit_factor_lt_1_2;stop_risk_gt_expected_reward,20.347749868801802,False,0.0,,,观察,观察,-16.491278512583882,False,attack_checks_failed
002922.SZ,伊戈尔,其他电子Ⅱ,,2026-07-06,31.48,0.0617,1093513330.72,9.13,1.49,194845817.0,-0.0037666666666666664,0.42424242424242425,33228433793.61,0.5189873417721527,0.48101265822784733,120,0.525,0.004793658989886579,0.007276310087991424,1.1416864555522288,-0.6211352067436551,-0.22324409678765125,2026-03-10,-0.22403003754693362,29.926262603247416,0.04935633407727397,31.709058241569966,33.134887836115325,1.0651013739993351,31.38556,31.574439999999996,False,win_rate_lt_55;profit_factor_lt_1_2,20.305169577836825,False,0.0,,,观察,观察,-14.721137099117389,False,attack_checks_failed
688601.SH,力芯微,半导体,,2026-07-06,57.24,0.0588,475097267.0,6.38,1.35,4871193.0,-0.005337931034482758,0.3850574712643678,516206970979.27,0.6732673267326734,0.3267326732673266,120,0.5166666666666667,0.004267024251510077,0.0008905642466560905,1.1672926537229729,-0.4250039127373001,-0.18558308823529415,2026-05-22,-0.20156862745098036,53.68633038322637,0.06208367604426336,57.290975897478596,58.67718692717145,0.4044233376079191,57.06828,57.411719999999995,False,win_rate_lt_55;profit_factor_lt_1_2;stop_risk_gt_expected_reward,20.283365969394254,False,0.0,,,观察,观察,-11.585115283606441,False,attack_checks_failed
002179.SZ,中航光电,军工电子Ⅱ,,2026-07-06,43.79,0.034,2462468528.89,2.72,0.78,-8142628.0,-0.026903225806451613,0.1774193548387097,46435263402.72,0.6373056994818656,0.3626943005181344,120,0.525,0.00387787914198958,0.0013253963122299107,1.2074917911643028,-0.4774305660518774,-0.1152678615574784,2026-05-25,-0.11879432624113473,41.678159278088934,0.04822655222450477,43.84803910451255,44.85523956959813,0.5044128368895974,43.65863,43.921369999999996,False,win_rate_lt_55;stop_risk_gt_expected_reward,20.270048334708644,False,0.0,,,观察,观察,-2.8808742319678498,False,attack_checks_failed
600985.SH,淮北矿业,煤炭开采,,2026-07-06,14.59,0.022400000000000003,659756817.0,1.72,1.63,-9025475.0,0.03584615384615385,1.0,14509453003.72,0.88421052631579,0.11578947368421001,120,0.44166666666666665,0.0007393449682123233,-0.005280359142750467,1.0402422532936142,-0.5200905021958854,-0.10635050505050506,2026-04-28,-0.10995850622406644,13.945706625467059,0.04415992971438928,14.59,14.877942385113267,0.4469119138808501,14.54623,14.633769999999998,False,win_rate_lt_55;profit_factor_lt_1_2;stop_risk_gt_expected_reward,20.232372521973485,False,0.0,,,观察,观察,-4.3019100685068565,False,attack_checks_failed
603110.SH,东方材料,化学制品,,2026-07-06,22.14,0.0483,428431540.0,9.49,1.42,57310101.0,-0.01195654761904762,0.3333333333333333,75957998903.55,0.48341232227488146,0.5165876777251186,120,0.5166666666666667,0.007502642107654579,0.001426946577267353,1.3161966522826976,-0.46944657998676376,-0.13856635514018703,2026-03-16,-0.18110236220472442,20.930994410311953,0.05460729854056226,22.1715925972207,22.87023020220802,0.6039924119758925,22.07358,22.206419999999998,False,win_rate_lt_55;stop_risk_gt_expected_reward;weak_tail_position,19.85969878546111,False,0.0,,,观察,观察,-6.528263480063842,False,attack_checks_failed
600488.SH,津药药业,化学制药,,2026-07-06,5.45,0.0441,748339018.0,12.88,0.98,4162194.0,0.0073,0.66,81207334931.26,0.7,0.3,120,0.525,0.0025059913927707395,0.0010866892234430948,1.112289466341431,-0.6695673073697779,-0.27472747111681645,2026-05-14,-0.27599486521181005,5.095750000000001,0.065,5.455922456267765,5.520772142857142,0.199780219780219,5.43365,5.466349999999999,False,win_rate_lt_55;profit_factor_lt_1_2;stop_risk_gt_expected_reward,19.838382476259504,False,0.0,,,观察,观察,-28.260738873228462,False,attack_checks_failed
300400.SZ,劲拓股份,自动化设备,,2026-07-06,35.57,0.0542,699535479.0,8.17,1.46,35882983.0,-0.03055375,0.1625,82664755514.05,0.7591240875912417,0.24087591240875833,120,0.4583333333333333,0.008451645267647858,-0.007923588993767026,1.2891310196444967,-0.4490042047548968,-0.1632581100828058,2026-06-25,-0.16585484656600102,33.59451388948041,0.05553798455213904,35.57,36.873437194044186,0.6598058002550882,35.46329,35.67671,False,win_rate_lt_55;stop_risk_gt_expected_reward,19.59371436172564,False,0.0,,,观察,观察,-6.757217333615645,False,attack_checks_failed
603345.SH,安井食品,食品加工,,2026-07-06,84.19,0.0368,548964371.0,2.25,1.02,8458059.0,0.009947999999999999,0.72,3104375266.57,0.9268867924528296,0.07311320754717043,120,0.44166666666666665,0.002068068322461431,-0.004196692358685338,1.1162701428040087,-0.513735883026158,-0.13335049888006514,2026-05-29,-0.1455818200263771,81.46698583879835,0.03234367693552264,84.19,85.71314368080354,0.559359441645871,83.93742999999999,84.44256999999999,False,win_rate_lt_55;profit_factor_lt_1_2;stop_risk_gt_expected_reward,19.481131969599595,False,0.0,,,观察,观察,-6.321998375691002,False,attack_checks_failed
600900.SH,长江电力,电力,,2026-07-06,27.19,0.0052,2502075780.0,0.38,0.73,-52493392.0,-0.011894495412844036,0.23853211009174313,45280047584.52,0.9761904761904808,0.023809523809519176,120,0.4,-0.002623786358529239,-0.003698047588000829,0.6523450267284777,-0.33144223894791014,-0.04868330975954741,2026-06-12,-0.06258840169731261,26.51025,0.025,27.19,27.32140263924964,0.19331024531024846,27.108430000000002,27.271569999999997,False,win_rate_lt_55;avg_return_not_positive;profit_factor_lt_1_2;stop_risk_gt_expected_reward,19.41586953228149,False,0.0,,,观察,观察,2.363986542668046,False,attack_checks_failed
002064.SZ,华峰化学,化学纤维,,2026-07-06,11.12,0.0641,1199204213.15,2.21,1.3,50606944.0,-0.016,0.23076923076923078,7285473311.47,0.8910891089108899,0.10891089108911013,120,0.5416666666666666,-0.0014157576028332385,0.007309156370182448,0.9450250858779291,-0.6031249651752189,-0.1662484536082474,2026-01-29,-0.19912152269399708,10.44035226283939,0.061119400823795744,11.201277818836427,11.420356785388128,0.4419300896122187,11.08664,11.153359999999997,False,win_rate_lt_55;avg_return_not_positive;profit_factor_lt_1_2;stop_risk_gt_expected_reward,19.386286979306128,False,0.0,,,观察,观察,-12.797015221750982,False,attack_checks_failed
002603.SZ,以岭药业,中药Ⅱ,,2026-07-06,15.8,0.0115,308768633.39,1.42,0.88,9063817.0,0.0048859375,0.6875,11691117380.06,0.6166666666666669,0.38333333333333314,120,0.49166666666666664,0.0024233563169595643,-0.0003945605811692997,1.1547529186160699,-0.4077596554520738,-0.14631216545012163,2025-11-14,-0.14744525547445264,15.3231733198752,0.030178903805367092,15.8,16.108184832214764,0.6463246396659329,15.752600000000001,15.847399999999999,False,win_rate_lt_55;profit_factor_lt_1_2;stop_risk_gt_expected_reward,19.376235100301916,False,0.0,,,观察,观察,-5.046170621598301,False,attack_checks_failed
688411.SH,海博思创,其他电源设备Ⅱ,,2026-07-06,265.8,0.0583,1706331144.0,4.85,0.85,77666624.0,-0.0024870967741935485,0.3225806451612903,23777272163.21,0.6587400917813935,0.34125990821860647,120,0.4583333333333333,0.004737305964353057,-0.010849048270157122,1.1344816467940388,-0.7013653675106168,-0.2632501542514473,2026-03-27,-0.2679815591528303,250.04834333424978,0.05926131175978264,265.8,278.5396196058283,0.8087796652861817,265.00260000000003,266.5974,False,win_rate_lt_55;profit_factor_lt_1_2;stop_risk_gt_expected_reward,19.349080925347316,False,0.0,,,观察,观察,-23.991164539624272,False,attack_checks_failed
300199.SZ,翰宇药业,化学制药,,2026-07-06,25.8,0.032799999999999996,2287994383.44,11.92,1.27,96220480.0,0.0073,0.66,81207334931.26,0.7041420118343198,0.29585798816568026,120,0.5083333333333333,-0.003013309633523287,0.0031813841407264077,0.8819835822053901,-0.4965964985537351,-0.1280217630853994,2026-05-25,-0.16037316748111963,24.331013381926205,0.05693746581681385,25.882079710830745,26.49638383025027,0.4740573002383118,25.7226,25.877399999999998,False,win_rate_lt_55;avg_return_not_positive;profit_factor_lt_1_2;stop_risk_gt_expected_reward,19.269302767810927,False,0.0,,,观察,观察,-7.736525677353924,False,attack_checks_failed
603127.SH,昭衍新药,医疗服务,,2026-07-06,41.24,0.0168,1959906659.0,7.48,1.14,143369117.0,0.012767924528301887,0.5849056603773585,38605015287.54,0.46330275229357876,0.5366972477064212,120,0.44166666666666665,0.005735143272270353,-0.006963103538852243,1.1689155461386433,-0.6560900978943146,-0.18860745532963655,2026-03-16,-0.19624853458382174,39.01668955578469,0.05391150446690879,41.24,42.927829635287786,0.7591515794293319,41.11628,41.36372,False,win_rate_lt_55;profit_factor_lt_1_2;stop_risk_gt_expected_reward;weak_tail_position,19.258793726951055,False,0.0,,,观察,观察,-15.753880319701773,False,attack_checks_failed
003009.SZ,中天火箭,航天装备Ⅱ,,2026-07-06,64.37,0.0296,883927317.86,8.44,1.24,55093317.0,-0.04825555555555556,0.1111111111111111,14251696162.48,0.789297658862878,0.21070234113712208,120,0.4666666666666667,0.01096883539845719,-0.002400449096506084,1.3529562624022113,-0.629242232147426,-0.23888865248226956,2026-01-12,-0.2501519756838906,61.10198429180123,0.05076923579615932,64.37,67.26109603907895,0.8846640583231572,64.17689,64.56311,False,win_rate_lt_55;stop_risk_gt_expected_reward,19.23261937366084,False,0.0,,,观察,观察,-17.21302064804887,False,attack_checks_failed
688176.SH,亚虹医药-U,化学制药,,2026-07-06,12.23,0.0852,363449063.0,5.15,1.61,47503184.0,0.0073,0.66,81207334931.26,0.5279503105590062,0.47204968944099385,120,0.48333333333333334,0.005716720181499381,-0.003266570239623766,1.1970840545097212,-0.7108282137495202,-0.16664541336353336,2026-03-09,-0.1857304643261608,11.588286550343385,0.052470437420818916,12.23,12.5955195110664,0.5695992678071371,12.19331,12.266689999999999,False,win_rate_lt_55;profit_factor_lt_1_2;stop_risk_gt_expected_reward,19.0048757525138,False,0.0,,,观察,观察,-14.976861822586349,False,attack_checks_failed
601699.SH,潞安环能,煤炭开采,,2026-07-06,15.15,0.032,652277238.0,1.46,1.18,47247545.0,0.03584615384615385,1.0,14509453003.72,0.8666666666666671,0.13333333333333286,120,0.35,0.0023796502943919332,-0.015899905684962943,1.0908666643458411,-0.6619356609067608,-0.12815240071132186,2026-06-22,-0.1458209839952579,14.572568910861076,0.03811426330950002,15.15,15.61308193474962,0.8019691759932349,15.10455,15.19545,False,win_rate_lt_55;profit_factor_lt_1_2;stop_risk_gt_expected_reward,18.933466688897422,False,0.0,,,观察,观察,-9.083570026609433,False,attack_checks_failed
601628.SH,中国人寿,保险Ⅱ,,2026-07-06,38.78,0.0031,1585075925.0,0.2,0.72,95728996.0,0.01212,1.0,11475602142.0,0.5934959349593509,0.40650406504064907,120,0.425,-0.0009612742994718333,-0.00499345676414895,0.9391579163722434,-0.3628027337955734,-0.1109956829440906,2026-03-19,-0.12408586930879917,37.19075250694095,0.04098111121864481,38.78,39.22498268310175,0.2799958376811599,38.66366,38.896339999999995,False,win_rate_lt_55;avg_return_not_positive;profit_factor_lt_1_2;stop_risk_gt_expected_reward,18.800243720842335,False,0.0,,,观察,观察,-5.638347533731498,False,attack_checks_failed
600309.SH,万华化学,化学制品,,2026-07-06,71.02,0.026600000000000002,3358449959.0,1.51,0.86,162282704.0,-0.01195654761904762,0.3333333333333333,75957998903.55,0.5109343936381695,0.4890656063618305,120,0.48333333333333334,-0.00037873355428358433,-0.0013826993053258395,0.9824579363128241,-0.4655642878387558,-0.10095986394557835,2026-03-11,-0.12845804988662124,68.07139083039283,0.04151801139970664,71.02,73.09264288098562,0.7029222123940451,70.80694,71.23306,False,win_rate_lt_55;avg_return_not_positive;profit_factor_lt_1_2;stop_risk_gt_expected_reward,18.659691461887544,False,0.0,,,观察,观察,-2.766000023307578,False,attack_checks_failed
000977.SZ,浪潮信息,计算机设备,,2026-07-06,69.71,0.0506,7864835460.24,7.91,1.12,297936176.0,-0.016757647058823526,0.23529411764705882,41460448694.2,0.8446745562130162,0.15532544378698382,120,0.36666666666666664,-0.011563621457768656,-0.014056209028238984,0.6038916063620084,-0.8127691269914926,-0.11783231508980332,2025-10-29,-0.14000848536274912,66.1569368446714,0.050969203203680785,69.71,70.66897598628503,0.26990119352279235,69.50086999999999,69.91912999999998,False,win_rate_lt_55;avg_return_not_positive;profit_factor_lt_1_2;stop_risk_gt_expected_reward,18.65050651217439,False,0.0,,,观察,观察,-17.861879075729238,False,attack_checks_failed
688168.SH,安博通,软件开发,,2026-07-06,75.48,0.022799999999999997,559158859.0,7.06,1.33,32777470.0,-0.018426356589147284,0.15503875968992248,43989997360.36,0.8362720403022673,0.16372795969773268,120,0.475,0.0041434054121323605,-0.004663872762457697,1.154747982616182,-0.5054799661858891,-0.23069898624185373,2025-11-14,-0.23084721216509774,70.5738,0.065,75.48,77.31690872727273,0.37440559440559507,75.25356000000001,75.70644,False,win_rate_lt_55;profit_factor_lt_1_2;stop_risk_gt_expected_reward,18.632726436425752,False,0.0,,,观察,观察,-18.274663084104322,False,attack_checks_failed
600426.SH,华鲁恒升,农化制品,,2026-07-06,26.0,0.045,1511710409.0,2.74,1.21,-4489499.0,0.00858813559322034,0.5932203389830508,20131545235.09,0.6538461538461544,0.34615384615384553,120,0.5,0.00024574572788336774,-0.0005584352984797968,1.009138418595923,-0.520411164082908,-0.14281171214682445,2026-03-13,-0.14851485148514854,24.822830930208017,0.045275733453537734,26.0,26.8335894912427,0.7081306437910482,25.922,26.077999999999996,False,win_rate_lt_55;profit_factor_lt_1_2;stop_risk_gt_expected_reward,18.585944536819603,False,0.0,,,观察,观察,-6.789254611434215,False,attack_checks_failed
600989.SH,宝丰能源,化学原料,,2026-07-06,21.13,0.0287,1893190247.0,1.22,1.24,154110137.0,-0.002964406779661017,0.5084745762711864,21401048118.23,0.5611510791366902,0.4388489208633099,120,0.49166666666666664,0.0016087890000472476,-0.000346422078175067,1.0603956640198986,-0.5031969350197042,-0.14943547724940134,2026-05-18,-0.15771467670201844,20.396143555301304,0.0347305463652956,21.13,21.877499481375356,1.0185908794222893,21.06661,21.193389999999997,False,win_rate_lt_55;profit_factor_lt_1_2,18.582825935610902,False,0.0,,,观察,观察,-5.20961428598589,False,attack_checks_failed
601336.SH,新华保险,保险Ⅱ,,2026-07-06,64.48,0.0151,2565212224.0,1.92,0.93,286823920.0,0.01212,1.0,11475602142.0,0.7596153846153852,0.24038461538461475,120,0.44166666666666665,-0.004080270638731411,-0.010847326619094853,0.804082259446251,-0.5791354303197815,-0.09376147438567253,2026-03-17,-0.11046752172114194,61.68205336855033,0.043392472572110326,64.48,65.96299770542635,0.5300307335233112,64.28656000000001,64.67344,False,win_rate_lt_55;avg_return_not_positive;profit_factor_lt_1_2;stop_risk_gt_expected_reward,18.569935894475112,False,0.0,,,观察,观察,-5.552941965640943,False,attack_checks_failed
300972.SZ,万辰集团,休闲食品,,2026-07-06,199.43,0.061500000000000006,610072710.68,1.74,1.33,44666824.0,0.008256521739130435,0.6086956521739131,2189697369.47,0.9312573443008232,0.06874265569917677,120,0.49166666666666664,-0.003637703211358339,-0.0024736367619837872,0.8677733936542842,-0.660059697154458,-0.1470233368532207,2026-01-27,-0.16992256247800075,191.8252587931937,0.03813238332651204,199.43,204.41189000314793,0.6551031609976573,198.83171000000002,200.02829,False,win_rate_lt_55;avg_return_not_positive;profit_factor_lt_1_2;stop_risk_gt_expected_reward,18.568257443813362,False,0.0,,,观察,观察,-10.766872677816156,False,attack_checks_failed
300602.SZ,飞荣达,消费电子,,2026-07-06,49.47,0.065,2318484682.31,11.65,1.53,-100521872.0,-0.024791011235955056,0.24719101123595505,92830893530.03,0.6619433198380562,0.33805668016194385,120,0.525,0.002252849466004946,0.003982264744295495,1.083762985123696,-0.5470525039745661,-0.15142722646310428,2026-03-16,-0.170196860204336,46.31821858737667,0.06371096447591125,49.6670026369003,51.16603923816195,0.5381208326723027,49.32159,49.61840999999999,False,win_rate_lt_55;profit_factor_lt_1_2;stop_risk_gt_expected_reward,18.553861459357694,False,0.0,,,观察,观察,-9.288022943316363,False,attack_checks_failed
600346.SH,恒力石化,炼化及贸易,,2026-07-06,18.74,0.0528,1213436533.0,0.92,1.02,77642470.0,0.010806666666666666,0.5333333333333333,12502187145.8,0.5263157894736825,0.4736842105263175,120,0.5083333333333333,0.0014061213509383695,0.001613585746102454,1.054759592118648,-0.6020638764769609,-0.14704426739214918,2026-03-03,-0.19959432048681536,17.743776035557648,0.0531602969286206,18.770238596881956,19.334119848184816,0.5963717691908609,18.68378,18.796219999999998,False,win_rate_lt_55;profit_factor_lt_1_2;stop_risk_gt_expected_reward,18.548882913161243,False,0.0,,,观察,观察,-11.927057012962518,False,attack_checks_failed
300347.SZ,泰格医药,医疗服务,,2026-07-06,48.9,0.042,1391403169.66,5.03,0.99,36788003.0,0.012767924528301887,0.5849056603773585,38605015287.54,0.6140350877192983,0.38596491228070173,120,0.49166666666666664,0.0005713851569091954,-0.005036560541369727,1.0212627823394815,-0.7661970854360786,-0.14403634364958576,2025-11-13,-0.16209707298999632,46.25326520114766,0.05412545600925026,48.9,50.768921342432265,0.7061233876709738,48.753299999999996,49.046699999999994,False,win_rate_lt_55;profit_factor_lt_1_2;stop_risk_gt_expected_reward,18.54832052028722,False,0.0,,,观察,观察,-12.661430611913515,False,attack_checks_failed
000566.SZ,海南海药,化学制药,,2026-07-06,6.43,0.0472,2182211345.67,26.98,1.59,-169970715.0,0.0073,0.66,81207334931.26,0.7345132743362828,0.2654867256637173,120,0.4,0.004437058451909005,-0.013390635200331989,1.1360265017218825,-0.7646922795447454,-0.19193926940639264,2025-12-23,-0.20531400966183566,6.01205,0.065,6.43,6.540275686346861,0.26384899233607334,6.41071,6.449289999999999,False,win_rate_lt_55;profit_factor_lt_1_2;stop_risk_gt_expected_reward,18.520634139604557,False,0.0,,,观察,观察,-22.22931861731781,False,attack_checks_failed
301095.SZ,广立微,软件开发,,2026-07-06,111.9,0.0421,1862140717.76,9.67,0.79,-1131421.0,-0.018426356589147284,0.15503875968992248,43989997360.36,0.634191176470589,0.36580882352941096,120,0.4583333333333333,0.006470452034525262,-0.008549808090744935,1.2048367371420314,-0.574033758583441,-0.20501362256739866,2026-05-25,-0.20603463667202282,104.62650000000001,0.065,111.9,115.95014042524004,0.556835144736377,111.5643,112.2357,False,win_rate_lt_55;stop_risk_gt_expected_reward,18.48894355917823,False,0.0,,,观察,观察,-16.080014498258652,False,attack_checks_failed
688135.SH,利扬芯片,半导体,,2026-07-06,39.33,0.030699999999999998,950356830.0,10.51,1.11,-29566790.0,-0.005337931034482758,0.3850574712643678,516206970979.27,0.5920303605313093,0.40796963946869075,120,0.49166666666666664,0.006445954288746048,-0.003989520792781508,1.2078605787913368,-0.5539348771087288,-0.14903319437206877,2026-01-30,-0.1637010676156584,37.06392046329925,0.05761707441395243,39.33,40.835245331550794,0.6642508822714721,39.21201,39.44799,False,win_rate_lt_55;stop_risk_gt_expected_reward,18.445218172493995,False,0.0,,,观察,观察,-8.188208387285098,False,attack_checks_failed
300759.SZ,康龙化成,医疗服务,,2026-07-06,30.8,0.0416,2712610759.9,6.15,1.07,5572160.0,0.012767924528301887,0.5849056603773585,38605015287.54,0.5731707317073169,0.4268292682926831,120,0.44166666666666665,0.0006748558985217505,-0.009160514448502497,1.026384464060748,-0.6900116774328788,-0.1387856486796786,2025-09-29,-0.16419580419580426,29.24350745327816,0.050535472296163786,30.8,31.344097931034483,0.3495666793782081,30.7076,30.8924,False,win_rate_lt_55;profit_factor_lt_1_2;stop_risk_gt_expected_reward,18.434336526476926,False,0.0,,,观察,观察,-14.834696989039129,False,attack_checks_failed
002966.SZ,苏州银行,银行Ⅱ,,2026-07-06,7.35,0.027999999999999997,379430384.49,1.19,1.01,50097635.0,0.023145238095238094,1.0,28675060405.88,0.892857142857142,0.10714285714285794,120,0.43333333333333335,-0.0034205304400567716,-0.00374223546549327,0.7030785001739294,-0.4432312342516618,-0.07822307692307698,2026-06-23,-0.09506172839506166,7.16625,0.025,7.35,7.422926296758104,0.3968778054862852,7.3279499999999995,7.372049999999999,False,win_rate_lt_55;avg_return_not_positive;profit_factor_lt_1_2;stop_risk_gt_expected_reward,18.420177701398977,False,0.0,,,观察,观察,-1.657477106698721,False,attack_checks_failed
000686.SZ,东北证券,证券Ⅱ,,2026-07-06,8.75,0.0163,328941715.15,1.62,0.8,51641658.0,0.0011265306122448977,0.6122448979591837,50598036358.22,0.9473684210526325,0.05263157894736744,120,0.45,-0.0013851340922936906,-0.004618843984962461,0.9183170292224818,-0.49744966393477275,-0.1374867704280154,2025-11-19,-0.15077821011673143,8.469514577264752,0.03205547688402831,8.75,8.853756578947369,0.36991790138522235,8.72375,8.77625,False,win_rate_lt_55;avg_return_not_positive;profit_factor_lt_1_2;stop_risk_gt_expected_reward,18.36663052210982,False,0.0,,,观察,观察,-8.62631137481422,False,attack_checks_failed
000063.SZ,中兴通讯,通信设备,,2026-07-06,36.28,-0.0027,5448745097.99,3.76,0.85,-213973392.0,-0.024461176470588236,0.17647058823529413,188572067489.88998,0.5538461538461542,0.4461538461538458,120,0.48333333333333334,-0.0032428607252735922,-0.003595214126372347,0.8772662269243664,-0.7601079929470675,-0.1675120031176929,2025-10-27,-0.17965705378020258,34.86115560838724,0.03910816955933734,36.28,37.3110697956411,0.7266968821500708,36.17116,36.388839999999995,False,win_rate_lt_55;avg_return_not_positive;profit_factor_lt_1_2;stop_risk_gt_expected_reward,18.23604657069365,False,0.0,,,观察,观察,-16.206969206903715,False,attack_checks_failed
002235.SZ,安妮股份,造纸,,2026-07-06,9.24,-0.0075,363531212.8,7.14,0.84,37990387.0,0.0046,0.391304347826087,3735348934.58,0.644067796610171,0.355932203389829,120,0.4666666666666667,0.0037928425064536466,-0.003917615422713049,1.1273828040652316,-0.663519551092084,-0.18060327868852458,2026-06-15,-0.21846153846153848,8.70378640411811,0.05803177444609197,9.24,9.44060544966443,0.37411481395674545,9.21228,9.267719999999999,False,win_rate_lt_55;profit_factor_lt_1_2;stop_risk_gt_expected_reward,18.236038709476706,False,0.0,,,观察,观察,-18.162688893377595,False,attack_checks_failed
301282.SZ,金禄电子,元件,,2026-07-06,30.78,0.0236,645915543.95,12.1,1.4,27603625.0,-0.041850819672131154,0.09836065573770492,146025962633.28,0.8060836501901147,0.19391634980988526,120,0.49166666666666664,0.006598733972687186,-0.0006627867459642377,1.239007795343968,-0.5420560325681982,-0.19299329073482432,2026-06-05,-0.22975053895903907,28.881832185023512,0.061668869882277044,30.78,32.06227716945107,0.6755341436799979,30.68766,30.872339999999998,False,win_rate_lt_55;stop_risk_gt_expected_reward,18.124588883747684,False,0.0,,,观察,观察,-12.866729727650318,False,attack_checks_failed
300059.SZ,东方财富,证券Ⅱ,,2026-07-06,21.18,0.005699999999999999,8325462535.62,2.95,0.68,-198425920.0,0.0011265306122448977,0.6122448979591837,50598036358.22,0.47457627118644274,0.5254237288135573,120,0.39166666666666666,-0.008630784209649443,-0.009672032595835964,0.5713039187190392,-0.7546366903505903,-0.10539797456429581,2026-03-19,-0.10504003768252479,20.319799753900107,0.04061379821057099,21.18,21.366593472527473,0.2169186458309905,21.11646,21.243539999999996,False,win_rate_lt_55;avg_return_not_positive;profit_factor_lt_1_2;stop_risk_gt_expected_reward;weak_tail_position,18.10018395423982,False,0.0,,,观察,观察,-15.764003533359343,False,attack_checks_failed
605305.SH,中际联合,工程机械,,2026-07-06,47.39,0.030699999999999998,631091266.0,6.37,2.03,17832242.0,-0.012246428571428573,0.39285714285714285,12033531276.1,0.7134986225895321,0.2865013774104679,120,0.5083333333333333,0.002868843761878254,0.002001407271834256,1.1053733791562863,-0.5211874744569287,-0.17044717694306635,2025-10-10,-0.17032837231278053,45.21993040952313,0.045791719571151454,47.48484669061222,49.031920297236574,0.7566210339253528,47.24783,47.532169999999994,False,win_rate_lt_55;profit_factor_lt_1_2;stop_risk_gt_expected_reward,18.060059687828236,False,0.0,,,观察,观察,-8.501834038721208,False,attack_checks_failed
601997.SH,贵阳银行,银行Ⅱ,,2026-07-06,5.32,0.0192,309032648.0,1.61,1.3,27519289.0,0.023145238095238094,1.0,28675060405.88,1.0,0.0,120,0.4166666666666667,-0.00362510625819865,-0.004839922810886664,0.64188316428146,-0.4472282100791857,-0.06915714285714283,2026-03-16,-0.0843373493975903,5.187,0.025,5.32,5.350548788732394,0.22969014084507003,5.3040400000000005,5.33596,False,win_rate_lt_55;avg_return_not_positive;profit_factor_lt_1_2;stop_risk_gt_expected_reward,18.059847074526793,False,0.0,,,观察,观察,-1.8672726309677632,False,attack_checks_failed
000895.SZ,双汇发展,食品加工,,2026-07-06,23.42,0.0052,419742272.27,0.52,1.16,46426038.0,0.009947999999999999,0.72,3104375266.57,0.6428571428571456,0.35714285714285443,120,0.4583333333333333,-0.001950845718115702,-0.002055776678018849,0.8233905905253076,-0.36322113333564676,-0.058028778467908805,2026-06-15,-0.07438977140643155,22.834500000000002,0.025,23.42,23.730273754977027,0.5299295558958614,23.34974,23.49026,False,win_rate_lt_55;avg_return_not_positive;profit_factor_lt_1_2;stop_risk_gt_expected_reward,18.056429108361968,False,0.0,,,观察,观察,3.131244265411957,False,attack_checks_failed
600031.SH,三一重工,工程机械,,2026-07-06,18.89,0.0178,1991437337.0,1.25,0.75,107196960.0,-0.012246428571428573,0.39285714285714285,12033531276.1,0.7205882352941209,0.27941176470587914,120,0.4666666666666667,-0.002601721779442183,-0.004398721711157548,0.8517299908396316,-0.4197826970470855,-0.09727378277153556,2026-05-12,-0.11220196353436196,18.216958471279302,0.0356295144902434,18.89,19.231237438927508,0.5070079993074482,18.83333,18.946669999999997,False,win_rate_lt_55;avg_return_not_positive;profit_factor_lt_1_2;stop_risk_gt_expected_reward,17.85227686768338,False,0.0,,,观察,观察,-2.308060449423731,False,attack_checks_failed
002714.SZ,牧原股份,养殖业,,2026-07-06,38.68,0.0482,3871001913.66,3.07,0.88,361686176.0,0.032104347826086954,0.9130434782608695,11120784873.9,0.8154761904761891,0.18452380952381092,120,0.4166666666666667,-0.012000199526047178,-0.015934285965452297,0.5152348036095701,-0.8010436657108418,-0.13658703331995184,2026-03-17,-0.1593737454837414,37.21044068271157,0.03799274346660873,38.68,38.97764930408074,0.20254323903709773,38.56396,38.79604,False,win_rate_lt_55;avg_return_not_positive;profit_factor_lt_1_2;stop_risk_gt_expected_reward,17.824829688190235,False,0.0,,,观察,观察,-19.82128193231857,False,attack_checks_failed
601128.SH,常熟银行,银行Ⅱ,,2026-07-06,6.14,0.0302,314736439.0,1.42,1.32,32134838.0,0.023145238095238094,1.0,28675060405.88,0.9545454545454516,0.04545454545454839,120,0.425,-0.004225770070556328,-0.004439717425431732,0.603231713854306,-0.4487898732574205,-0.07930312012480503,2026-06-17,-0.08268330733229334,5.9864999999999995,0.025,6.14,6.180593949367088,0.26445569620253334,6.12158,6.158419999999999,False,win_rate_lt_55;avg_return_not_positive;profit_factor_lt_1_2;stop_risk_gt_expected_reward,17.598295983351548,False,0.0,,,观察,观察,-2.581893207540732,False,attack_checks_failed
601166.SH,兴业银行,银行Ⅱ,,2026-07-06,17.11,0.0059,1951648220.0,0.54,1.11,-143170176.0,0.023145238095238094,1.0,28675060405.88,0.8,0.2,120,0.45,-0.0040131605600328465,-0.0048008294810617845,0.6694168390045017,-0.4617651381702763,-0.06807181913774976,2026-01-20,-0.08060182697474472,16.68225,0.025,17.11,17.239330736320994,0.30235122459613667,17.05867,17.161329999999996,False,win_rate_lt_55;avg_return_not_positive;profit_factor_lt_1_2;stop_risk_gt_expected_reward,17.583263800411693,False,0.0,,,观察,观察,-1.66918877144147,False,attack_checks_failed
000157.SZ,中联重科,工程机械,,2026-07-06,7.29,0.0167,573717877.63,1.12,0.84,-13123474.0,-0.012246428571428573,0.39285714285714285,12033531276.1,0.7777777777777772,0.22222222222222276,120,0.5083333333333333,-0.0009314197697647967,0.0023545978681883363,0.9455784871130475,-0.428167470555079,-0.1120055961070561,2026-05-11,-0.11678832116788329,7.091546988770958,0.02722263528519093,7.307165018459092,7.460640035110532,0.8598510753439293,7.26813,7.311869999999999,False,win_rate_lt_55;avg_return_not_positive;profit_factor_lt_1_2;stop_risk_gt_expected_reward,17.572863546813355,False,0.0,,,观察,观察,0.5091066160822568,False,attack_checks_failed
601916.SH,浙商银行,银行Ⅱ,,2026-07-06,2.84,0.0441,607384464.0,1.01,1.07,22832516.0,0.023145238095238094,1.0,28675060405.88,1.0,0.0,120,0.39166666666666666,-0.003935063024445974,-0.004667003367003463,0.616504111263587,-0.42261860843201415,-0.1067421768707483,2026-06-23,-0.10884353741496589,2.7689999999999997,0.025,2.84,2.865386498293515,0.3575563139931713,2.83148,2.8485199999999997,False,win_rate_lt_55;avg_return_not_positive;profit_factor_lt_1_2;stop_risk_gt_expected_reward,17.524983338858156,False,0.0,,,观察,观察,-4.930253940270882,False,attack_checks_failed
688578.SH,艾力斯,化学制药,,2026-07-06,130.58,-0.0023,2533742419.0,4.28,1.04,-67165072.0,0.0073,0.66,81207334931.26,0.49657794676806233,0.5034220532319377,120,0.4083333333333333,0.0036319296421507925,-0.01335875347387597,1.172633314179595,-0.6862476563826764,-0.10943666784078901,2025-10-28,-0.13156040859457552,122.94493639269847,0.05847039062108703,130.58,132.46475311762816,0.24685493331394756,130.18826,130.97174,False,win_rate_lt_55;profit_factor_lt_1_2;stop_risk_gt_expected_reward;weak_tail_position,17.297019249273774,False,0.0,,,观察,观察,-12.300489549842316,False,attack_checks_failed
300687.SZ,赛意信息,IT服务Ⅱ,,2026-07-06,29.01,0.0165,787492695.59,8.5,0.79,69392012.0,-0.021754471544715447,0.13008130081300814,45247115167.22,0.8488888888888889,0.15111111111111106,120,0.4166666666666667,0.003909388042722132,-0.00872397890939006,1.1181415039513416,-0.643741463514732,-0.23469212228101125,2026-05-25,-0.261904761904762,27.124350000000003,0.065,29.01,30.057695163265304,0.555614861329146,28.922970000000003,29.09703,False,win_rate_lt_55;profit_factor_lt_1_2;stop_risk_gt_expected_reward,17.15179861910558,False,0.0,,,观察,观察,-22.359189407098512,False,attack_checks_failed
600623.SH,华谊集团,化学原料,,2026-07-06,8.91,0.0458,384053773.0,2.38,0.91,1317321.0,-0.002964406779661017,0.5084745762711864,21401048118.23,0.966101694915255,0.03389830508474505,120,0.4583333333333333,-0.0015125949602667536,-0.00297696357435132,0.9462047937998562,-0.4991790130507777,-0.14163366045142292,2026-05-20,-0.14922656960873526,8.435675991939647,0.053235017739658046,8.91,9.144034870722434,0.4934071789439238,8.88327,8.936729999999999,False,win_rate_lt_55;avg_return_not_positive;profit_factor_lt_1_2;stop_risk_gt_expected_reward,17.0560761755236,False,0.0,,,观察,观察,-7.643131065919432,False,attack_checks_failed
688733.SH,壹石通,电池,,2026-07-06,42.0,0.0802,961000637.0,11.72,1.3,11605637.0,-0.02283723404255319,0.19148936170212766,91437451195.01,0.7245762711864412,0.2754237288135588,120,0.45,0.005309849137440928,-0.009063886651831363,1.1752161919298492,-0.6656702031566393,-0.23618372093023246,2025-11-17,-0.2593023255813953,39.27,0.065,42.0,43.6954,0.6210256410256421,41.874,42.126,False,win_rate_lt_55;profit_factor_lt_1_2;stop_risk_gt_expected_reward,17.04036308363606,False,0.0,,,观察,观察,-21.94839550494283,False,attack_checks_failed
603766.SH,隆鑫通用,摩托车及其他,,2026-07-06,13.52,0.0513,446619157.0,1.61,1.23,-22673017.0,0.00955,0.5,3915494335.27,0.6718749999999999,0.3281250000000001,120,0.48333333333333334,0.0005843319772186126,-0.001303730494997245,1.0261677679125645,-0.473858039591173,-0.12279532710280375,2026-03-16,-0.1437598736176935,12.852117864443116,0.04939956623941445,13.52,13.803091160859893,0.42386395112043546,13.47944,13.560559999999999,False,win_rate_lt_55;profit_factor_lt_1_2;stop_risk_gt_expected_reward,16.9770463520481,False,0.0,,,观察,观察,-6.505929936261801,False,attack_checks_failed
603296.SH,华勤技术,消费电子,,2026-07-06,71.19,0.0335,1757660953.0,3.18,1.16,97279164.0,-0.024791011235955056,0.24719101123595505,92830893530.03,0.7863247863247862,0.2136752136752138,120,0.5083333333333333,-0.0027554901034935225,0.0033410707440786015,0.8991181527167614,-0.5136455664293711,-0.15549939577039276,2026-06-01,-0.169858870967742,67.5641291010479,0.050932306489002724,71.42785082627096,73.34136179999999,0.5933365693251116,70.97643,71.40356999999999,False,win_rate_lt_55;avg_return_not_positive;profit_factor_lt_1_2;stop_risk_gt_expected_reward,16.951967539220263,False,0.0,,,观察,观察,-9.222212084057666,False,attack_checks_failed
000034.SZ,神州数码,IT服务Ⅱ,,2026-07-06,28.88,0.0325,2453994862.99,10.47,1.26,66276176.0,-0.021754471544715447,0.13008130081300814,45247115167.22,0.992565055762082,0.0074349442379180635,120,0.4583333333333333,-0.006039479952377866,-0.005778709450289886,0.7677595407287527,-0.6134881342521257,-0.1440625041404439,2026-05-20,-0.1777777777777778,27.423721154949288,0.05042516776491382,28.88,29.543946325236718,0.4559197762799332,28.79336,28.966639999999995,False,win_rate_lt_55;avg_return_not_positive;profit_factor_lt_1_2;stop_risk_gt_expected_reward,16.843579940293935,False,0.0,,,观察,观察,-12.378637284024212,False,attack_checks_failed
002157.SZ,正邦科技,养殖业,,2026-07-06,3.02,0.045,621210261.82,2.68,1.13,53819146.0,0.032104347826086954,0.9130434782608695,11120784873.9,0.9285714285714299,0.07142857142857006,120,0.35833333333333334,-0.003070918107358533,-0.013647560975609683,0.8653731548365764,-0.6844281844032367,-0.1045448377581121,2026-03-16,-0.10946745562130178,2.921252740270013,0.032697768122512356,3.02,3.0343770303030304,0.14559422046082804,3.01094,3.02906,False,win_rate_lt_55;avg_return_not_positive;profit_factor_lt_1_2;stop_risk_gt_expected_reward,16.788908363851917,False,0.0,,,观察,观察,-12.125044404638789,False,attack_checks_failed
600000.SH,浦发银行,银行Ⅱ,,2026-07-06,8.92,0.0265,698878044.0,0.24,1.07,101327895.0,0.023145238095238094,1.0,28675060405.88,0.9677419354838717,0.032258064516128296,120,0.425,-0.007160490386686238,-0.004315185017207267,0.6220535972736918,-0.6199098119455116,-0.12157756360832697,2025-10-27,-0.12336160370084825,8.697,0.025,8.92,9.031075905697445,0.49809823182711416,8.89324,8.94676,False,win_rate_lt_55;avg_return_not_positive;profit_factor_lt_1_2;stop_risk_gt_expected_reward,16.759263415001264,False,0.0,,,观察,观察,-9.422126499295874,False,attack_checks_failed
000983.SZ,山西焦煤,煤炭开采,,2026-07-06,6.44,0.0337,558955644.6,1.55,1.11,7157777.0,0.03584615384615385,1.0,14509453003.72,0.9642857142857151,0.03571428571428492,120,0.375,-0.0037183773181609977,-0.009547426576174887,0.8294846724893454,-0.5725942367707615,-0.11926246648793562,2026-06-12,-0.1648793565683645,6.225789462984182,0.03326250574779776,6.44,6.548718909090908,0.507532965490304,6.42068,6.45932,False,win_rate_lt_55;avg_return_not_positive;profit_factor_lt_1_2;stop_risk_gt_expected_reward,16.743545807207354,False,0.0,,,观察,观察,-10.03078372821589,False,attack_checks_failed
600018.SH,上港集团,航运港口,,2026-07-06,4.99,0.026699999999999998,353766154.0,0.31,1.26,-11799254.0,0.01176764705882353,0.8235294117647058,10764261904.23,0.9411764705882365,0.05882352941176348,120,0.45,-0.004086473279201908,-0.0031807216320073094,0.5868710254535208,-0.41580873819496267,-0.05111549815498143,2026-01-09,-0.060728744939271384,4.8652500000000005,0.025,4.99,5.0227271453831035,0.2623418467583459,4.97503,5.004969999999999,False,win_rate_lt_55;avg_return_not_positive;profit_factor_lt_1_2;stop_risk_gt_expected_reward,16.651336806299405,False,0.0,,,观察,观察,1.6125532377501184,False,attack_checks_failed
603039.SH,泛微网络,软件开发,,2026-07-06,36.87,0.0567,776415251.0,6.93,1.14,35417109.0,-0.018426356589147284,0.15503875968992248,43989997360.36,0.9551020408163267,0.044897959183673314,120,0.44166666666666665,-0.0006271057228656138,-0.007138352630039733,0.9803808860429931,-0.6342229172121695,-0.24962487309644668,2026-06-15,-0.25401015228426393,34.88646250134698,0.05379814208443212,36.87,37.64597961452513,0.3912099544637265,36.759389999999996,36.98060999999999,False,win_rate_lt_55;avg_return_not_positive;profit_factor_lt_1_2;stop_risk_gt_expected_reward,16.64973324238184,False,0.0,,,观察,观察,-24.19709308209145,False,attack_checks_failed
000623.SZ,吉林敖东,中药Ⅱ,,2026-07-06,18.76,0.0152,338192014.28,1.51,0.9,33516410.0,0.0048859375,0.6875,11691117380.06,0.5862068965517317,0.41379310344826825,120,0.5166666666666667,-0.0010351105479815624,0.0011147725221616013,0.9295635351337956,-0.5130546656621549,-0.09142048192771093,2026-01-26,-0.10245310245310246,18.220082134453772,0.028780270018455786,18.780913132515753,19.03003083276116,0.500133168381028,18.70372,18.81628,False,win_rate_lt_55;avg_return_not_positive;profit_factor_lt_1_2;stop_risk_gt_expected_reward,16.607244195649187,False,0.0,,,观察,观察,-2.682860103413866,False,attack_checks_failed
300628.SZ,亿联网络,通信设备,,2026-07-06,33.72,0.0218,364127330.85,1.49,0.73,13870504.0,-0.024461176470588236,0.17647058823529413,188572067489.88998,0.671641791044777,0.3283582089552231,120,0.48333333333333334,0.000593732749081641,-0.001145964263709197,1.0383605795154083,-0.39889750413598646,-0.11458920570264777,2026-06-03,-0.13289205702647655,32.58657632152545,0.033612801852744616,33.72,34.339197707865154,0.5463073691018404,33.61884,33.82115999999999,False,win_rate_lt_55;profit_factor_lt_1_2;stop_risk_gt_expected_reward,16.569938037566352,False,0.0,,,观察,观察,-2.911527828873911,False,attack_checks_failed
000680.SZ,山推股份,工程机械,,2026-07-06,10.94,0.0601,369489982.41,2.62,1.38,-9187076.0,-0.012246428571428573,0.39285714285714285,12033531276.1,0.9565217391304333,0.043478260869566784,120,0.48333333333333334,-0.0016614339377946867,-0.0029682382458395594,0.9202580521934421,-0.529591132926819,-0.124135943940643,2026-03-12,-0.13943161634103018,10.573614551769145,0.03349044316552603,10.94,11.163135001972384,0.6090170967483154,10.90718,10.972819999999999,False,win_rate_lt_55;avg_return_not_positive;profit_factor_lt_1_2;stop_risk_gt_expected_reward,16.49062632370338,False,0.0,,,观察,观察,-5.154020998650099,False,attack_checks_failed
002173.SZ,创新医疗,医疗服务,,2026-07-06,19.38,0.0538,1265430081.45,15.85,1.21,110422274.0,0.012767924528301887,0.5849056603773585,38605015287.54,0.7499999999999989,0.2500000000000011,120,0.425,-0.003458741021384074,-0.009954602043926761,0.9072769508936669,-0.809372256098069,-0.2389106194690266,2026-05-25,-0.23761061946902662,18.277940173353134,0.056865832128321206,19.38,19.83165836768802,0.40983107882830755,19.321859999999997,19.438139999999997,False,win_rate_lt_55;avg_return_not_positive;profit_factor_lt_1_2;stop_risk_gt_expected_reward,16.460734208833344,False,0.0,,,观察,观察,-27.911153258610717,False,attack_checks_failed
000032.SZ,深桑达Ａ,专业工程,,2026-07-06,21.28,0.0148,1209436553.55,5.06,0.76,42239650.0,-0.023594736842105262,0.3157894736842105,11423739085.44,0.7546012269938658,0.24539877300613425,120,0.425,0.003529206924854324,-0.006016710782153632,1.1435345793942315,-0.7217187031806696,-0.14318836724048004,2026-05-22,-0.14919144496609305,19.896800000000002,0.065,21.28,21.640958025456555,0.2609586650206458,21.216160000000002,21.34384,False,win_rate_lt_55;profit_factor_lt_1_2;stop_risk_gt_expected_reward,16.381199542136265,False,0.0,,,观察,观察,-14.750559727341493,False,attack_checks_failed
301211.SZ,亨迪药业,化学制药,,2026-07-06,12.55,0.027000000000000003,306402417.43,5.89,1.08,3940666.0,0.0073,0.66,81207334931.26,0.637096774193549,0.36290322580645096,120,0.4166666666666667,0.004409073087232316,-0.009441348850859597,1.1844222745888597,-0.5360985332157848,-0.11158917283120365,2025-12-03,-0.12436548223350263,11.734250000000001,0.065,12.55,12.810814337539433,0.3197233681145366,12.512350000000001,12.58765,False,win_rate_lt_55;profit_factor_lt_1_2;stop_risk_gt_expected_reward,16.324046846877145,False,0.0,,,观察,观察,-7.6050955804167995,False,attack_checks_failed
002734.SZ,利民股份,农化制品,,2026-07-06,17.62,0.0346,468951579.47,6.12,1.47,18623260.0,0.00858813559322034,0.5932203389830508,20131545235.09,0.46610169491525494,0.533898305084745,120,0.5083333333333333,0.0012162649122241368,0.00528394406852736,1.0428165114635848,-0.6543519804187043,-0.25334731574158326,2026-03-16,-0.2547770700636943,16.821070679523366,0.0453421861791506,17.71310309448745,18.17615503286385,0.6961254501612902,17.567140000000002,17.67286,False,win_rate_lt_55;profit_factor_lt_1_2;stop_risk_gt_expected_reward;weak_tail_position,16.29557936596724,False,0.0,,,观察,观察,-23.235981466198954,False,attack_checks_failed
603496.SH,恒为科技,计算机设备,,2026-07-06,23.99,0.0554,567656857.0,7.66,1.97,34115339.0,-0.016757647058823526,0.23529411764705882,41460448694.2,0.8280701754385958,0.17192982456140413,120,0.475,-0.0007861906774485873,-0.008686563489271857,0.9740073642979583,-0.6686779989229885,-0.23766363636363633,2026-05-20,-0.24465709728867624,22.73455949945579,0.052331825783418454,23.99,24.519287336283185,0.42159491911703656,23.918029999999998,24.061969999999995,False,win_rate_lt_55;avg_return_not_positive;profit_factor_lt_1_2;stop_risk_gt_expected_reward,16.26342323096338,False,0.0,,,观察,观察,-23.314014608440857,False,attack_checks_failed
601319.SH,中国人保,保险Ⅱ,,2026-07-06,7.31,0.0083,758734837.0,0.29,0.74,83525295.0,0.01212,1.0,11475602142.0,0.7142857142857134,0.28571428571428664,120,0.425,-0.002681659614232074,-0.009480814400910118,0.8379825557701314,-0.4649006205379973,-0.08568287153652401,2026-03-24,-0.09689440993788834,7.028610156862203,0.0384938225906699,7.31,7.418654327586207,0.38613450426851276,7.288069999999999,7.331929999999999,False,win_rate_lt_55;avg_return_not_positive;profit_factor_lt_1_2;stop_risk_gt_expected_reward,16.21674595648087,False,0.0,,,观察,观察,-3.5405645639306376,False,attack_checks_failed
601601.SH,中国太保,保险Ⅱ,,2026-07-06,30.05,0.013500000000000002,1877643412.0,0.92,0.77,72291584.0,0.01212,1.0,11475602142.0,0.8289473684210535,0.1710526315789465,120,0.43333333333333335,-0.006220194935049202,-0.006154618382174547,0.6997624724801107,-0.7001692579459982,-0.0956041375604513,2026-05-12,-0.10796992481203005,28.886812937487022,0.03870838810359336,30.05,30.340889472415633,0.25007970066928775,29.95985,30.14015,False,win_rate_lt_55;avg_return_not_positive;profit_factor_lt_1_2;stop_risk_gt_expected_reward,16.082532781568755,False,0.0,,,观察,观察,-10.567572438707208,False,attack_checks_failed
601816.SH,京沪高铁,铁路公路,,2026-07-06,4.65,0.0043,719116075.0,0.32,0.75,58917383.0,0.007509090909090909,0.7272727272727273,3513604500.68,0.9000000000000027,0.09999999999999734,120,0.425,-0.00449379593020211,-0.0052293337501979386,0.5843749215480483,-0.4557367039489796,-0.08146032064128264,2026-06-11,-0.09600000000000009,4.53375,0.025,4.65,4.680859761904761,0.26546031746031634,4.63605,4.66395,False,win_rate_lt_55;avg_return_not_positive;profit_factor_lt_1_2;stop_risk_gt_expected_reward,15.898641239435044,False,0.0,,,观察,观察,-3.763320818429839,False,attack_checks_failed
301293.SZ,三博脑科,医疗服务,,2026-07-06,54.9,0.059800000000000006,868425525.46,7.88,1.69,69968713.0,0.012767924528301887,0.5849056603773585,38605015287.54,0.8601398601398598,0.13986013986014023,120,0.36666666666666664,-0.0018127486871501112,-0.017803497884424677,0.9498057135048819,-0.8227164169515753,-0.20783907496012757,2026-03-13,-0.20745044429254966,52.44913660573779,0.04464232047836439,54.9,55.54560761194029,0.2634204800854066,54.735299999999995,55.064699999999995,False,win_rate_lt_55;avg_return_not_positive;profit_factor_lt_1_2;stop_risk_gt_expected_reward,15.895927847122778,False,0.0,,,观察,观察,-25.974121535147564,False,attack_checks_failed
002437.SZ,誉衡药业,化学制药,,2026-07-06,3.03,0.0236,360925626.38,5.7,0.75,52478182.0,0.0073,0.66,81207334931.26,0.7058823529411747,0.2941176470588252,120,0.425,-0.0019895126158525575,-0.007276593163491084,0.898926055188418,-0.4753427981425996,-0.10245606936416188,2025-11-14,-0.1352941176470588,2.8858533617176407,0.04757314794797331,3.03,3.075249311688311,0.31391166819773925,3.0209099999999998,3.0390899999999994,False,win_rate_lt_55;avg_return_not_positive;profit_factor_lt_1_2;stop_risk_gt_expected_reward,15.780719615797155,False,0.0,,,观察,观察,-7.035185637263503,False,attack_checks_failed
600499.SH,科达制造,专用设备,,2026-07-06,16.39,0.059500000000000004,838175575.0,2.71,1.28,-9348172.0,-0.021527374301675978,0.17318435754189945,60843778299.05,0.9075630252100845,0.09243697478991553,120,0.45,-0.0006731944317587205,-0.009982892147947373,0.9762528061647138,-0.5131747911105448,-0.14651640091116172,2026-03-12,-0.15148063781321175,15.655896799766557,0.044789701051460795,16.39,16.89363961921708,0.6860610593400577,16.34083,16.439169999999997,False,win_rate_lt_55;avg_return_not_positive;profit_factor_lt_1_2;stop_risk_gt_expected_reward,15.668566846252737,False,0.0,,,观察,观察,-7.152739470660623,False,attack_checks_failed
301617.SZ,博苑新材,化学制品,,2026-07-06,65.38,0.0583,327771685.74,7.41,0.83,33750793.0,-0.01195654761904762,0.3333333333333333,75957998903.55,0.6877697841726614,0.31223021582733856,120,0.4666666666666667,0.00025824820692833296,-0.0023620168853444633,1.0093559948208919,-0.6753798613787252,-0.20185210489993102,2025-11-14,-0.20151828847481024,61.1303,0.065,65.38,67.33081481208157,0.4590476532653085,65.18386,65.57614,False,win_rate_lt_55;profit_factor_lt_1_2;stop_risk_gt_expected_reward,15.570346760650136,False,0.0,,,观察,观察,-19.21964942169982,False,attack_checks_failed
600216.SH,浙江医药,化学制药,,2026-07-06,12.85,0.045599999999999995,542261123.0,4.48,1.83,18080433.0,0.0073,0.66,81207334931.26,0.8333333333333338,0.16666666666666619,120,0.4583333333333333,-0.004043574886728601,-0.00295338537431553,0.7501097662095842,-0.4963500454159063,-0.14544414414414422,2026-03-13,-0.14639639639639646,12.452339827968682,0.03094631688959676,12.85,13.016492556008144,0.4186804908263051,12.811449999999999,12.888549999999999,False,win_rate_lt_55;avg_return_not_positive;profit_factor_lt_1_2;stop_risk_gt_expected_reward,15.472338651494999,False,0.0,,,观察,观察,-9.761056238617297,False,attack_checks_failed
300573.SZ,兴齐眼药,化学制药,,2026-07-06,42.25,0.0166,458648318.5,3.96,0.91,27594006.0,0.0073,0.66,81207334931.26,0.599173553719009,0.40082644628099096,120,0.48333333333333334,-0.001813071123865531,-0.002346657678259011,0.9232765021684765,-0.5450853768798922,-0.13135677785663583,2026-01-21,-0.14496096522356283,40.59055860213922,0.039276719475994856,42.25,43.04330635755258,0.47805626554529096,42.12325,42.376749999999994,False,win_rate_lt_55;avg_return_not_positive;profit_factor_lt_1_2;stop_risk_gt_expected_reward,15.42387670063842,False,0.0,,,观察,观察,-9.110850057212751,False,attack_checks_failed
301161.SZ,唯万密封,工程机械,,2026-07-06,40.35,0.0709,524323153.81,16.58,1.18,-7782596.0,-0.012246428571428573,0.39285714285714285,12033531276.1,0.4785276073619638,0.5214723926380361,120,0.5083333333333333,0.003396292351736852,0.0008830645320971565,1.1340455714089825,-0.5016228806069201,-0.12401341463414631,2025-09-29,-0.12863293864370273,37.727250000000005,0.065,40.38563165387012,41.829963032786885,0.5642791088692746,40.228950000000005,40.47105,False,win_rate_lt_55;profit_factor_lt_1_2;stop_risk_gt_expected_reward;weak_tail_position,15.418499841363403,False,0.0,,,观察,观察,-5.315701605643777,False,attack_checks_failed
301165.SZ,锐捷网络,通信设备,,2026-07-06,102.0,0.07490000000000001,4678950162.9,4.19,1.51,-136538256.0,-0.024461176470588236,0.17647058823529413,188572067489.88998,0.5969044414535669,0.40309555854643303,120,0.4,-0.002935344405659755,-0.016591761841697115,0.9162270013043325,-0.7736098872445525,-0.15080746742929765,2026-01-14,-0.1723863997457895,95.37,0.065,102.0,104.29299888092324,0.3458520182387992,101.694,102.30599999999998,False,win_rate_lt_55;avg_return_not_positive;profit_factor_lt_1_2;stop_risk_gt_expected_reward,15.376299133315143,False,0.0,,,观察,观察,-19.230053546015316,False,attack_checks_failed
600905.SH,三峡能源,电力,,2026-07-06,3.8,0.008,353387652.0,0.33,0.77,48674109.0,-0.011894495412844036,0.23853211009174313,45280047584.52,0.8571428571428535,0.14285714285714649,120,0.39166666666666666,-0.003576183262882142,-0.003669881168991561,0.6324103861182603,-0.37338593231474326,-0.09330968523002417,2026-06-17,-0.09653465346534651,3.7049999999999996,0.025,3.8,3.8132418181818184,0.13938755980861786,3.7885999999999997,3.8113999999999995,False,win_rate_lt_55;avg_return_not_positive;profit_factor_lt_1_2;stop_risk_gt_expected_reward,15.087566551203466,False,0.0,,,观察,观察,-4.759814557732272,False,attack_checks_failed
301520.SZ,万邦医药,医疗服务,,2026-07-06,38.03,0.0698,554870073.29,45.9,1.4,-15225136.0,0.012767924528301887,0.5849056603773585,38605015287.54,0.5787709497206707,0.4212290502793294,120,0.43333333333333335,0.0012636687576177486,-0.005883772171790679,1.0650915897211588,-0.5646539719488646,-0.10874891232696118,2026-03-16,-0.11586570111915728,35.55805,0.065,38.03,38.56604735409377,0.21685202131668113,37.915910000000004,38.14409,False,win_rate_lt_55;profit_factor_lt_1_2;stop_risk_gt_expected_reward,15.069707983148195,False,0.0,,,观察,观察,-9.037822766164382,False,attack_checks_failed
603928.SH,兴业股份,塑料,,2026-07-06,15.85,0.0782,979165865.0,18.13,1.31,101452450.0,-0.027616666666666664,0.2222222222222222,32033165223.58,0.7866666666666655,0.21333333333333446,120,0.5,-0.004112284456312644,-9.053365291903249e-05,0.8205346921368889,-0.5903424621668165,-0.139409305760709,2025-12-11,-0.15684830633284252,14.81975,0.065,15.85,16.137032130801686,0.2786043492372611,15.80245,15.897549999999997,False,win_rate_lt_55;avg_return_not_positive;profit_factor_lt_1_2;stop_risk_gt_expected_reward,15.005032315619324,False,0.0,,,观察,观察,-11.964885425322201,False,attack_checks_failed
600519.SH,贵州茅台,白酒Ⅱ,,2026-07-06,1206.91,0.0104,4913750668.0,0.33,0.78,174466528.0,0.004989473684210526,0.631578947368421,12721713336.77,0.7688571428571452,0.2311428571428548,120,0.3416666666666667,-0.008089496633946886,-0.009952390504912954,0.4423932979475878,-0.6501376036782689,-0.06311847995408706,2026-02-25,-0.06881654281459948,1176.7372500000001,0.025,1206.91,1210.3457174960477,0.11386822533735556,1203.28927,1210.53073,False,win_rate_lt_55;avg_return_not_positive;profit_factor_lt_1_2;stop_risk_gt_expected_reward,15.001662450052429,False,0.0,,,观察,观察,-9.383175298676337,False,attack_checks_failed
688488.SH,艾迪药业,生物制品,,2026-07-06,15.5,0.0915,311880332.0,4.83,1.56,22710307.0,0.010759259259259258,0.7962962962962963,21887347204.38,0.6775700934579434,0.3224299065420566,120,0.45,-0.0033531129263798874,-0.012804438554910789,0.899304841345711,-0.7516712061634678,-0.16796666666666663,2026-01-21,-0.19675090252707583,14.56868750871209,0.06008467685728448,15.5,15.939385256410254,0.4717914346908757,15.4535,15.546499999999998,False,win_rate_lt_55;avg_return_not_positive;profit_factor_lt_1_2;stop_risk_gt_expected_reward,14.756065761572518,False,0.0,,,观察,观察,-18.81590661060696,False,attack_checks_failed
002841.SZ,视源股份,消费电子,,2026-07-06,39.16,0.021400000000000002,598840081.78,3.0,1.74,83417253.0,-0.024791011235955056,0.24719101123595505,92830893530.03,0.6939313984168854,0.3060686015831145,120,0.48333333333333334,-0.0018313187797830842,-0.0012951195445381801,0.9040549636656398,-0.617485553963683,-0.09804882013633978,2026-02-25,-0.11316051844466601,37.681972467021815,0.0377432975734979,39.16,40.04893199999999,0.6014312860659853,39.042519999999996,39.27747999999999,False,win_rate_lt_55;avg_return_not_positive;profit_factor_lt_1_2;stop_risk_gt_expected_reward,14.722531945385349,False,0.0,,,观察,观察,-5.202224994729029,False,attack_checks_failed
300499.SZ,高澜股份,专用设备,,2026-07-06,40.3,0.1011,2446936075.52,22.09,2.14,171070912.0,-0.021527374301675978,0.17318435754189945,60843778299.05,0.5362962962962959,0.46370370370370406,120,0.4583333333333333,-0.002335789286406595,-0.005602662487199627,0.93240392542596,-0.7036698298867012,-0.21076822308690005,2026-05-25,-0.22330306960657154,37.6805,0.065,40.3,41.69245280198566,0.5315719801434119,40.1791,40.420899999999996,False,win_rate_lt_55;avg_return_not_positive;profit_factor_lt_1_2;stop_risk_gt_expected_reward,14.672389514126113,False,0.0,,,观察,观察,-22.205097996034386,False,attack_checks_failed
601169.SH,北京银行,银行Ⅱ,,2026-07-06,5.14,0.0219,870297540.0,0.81,1.36,31384342.0,0.023145238095238094,1.0,28675060405.88,0.9230769230769184,0.07692307692308166,120,0.4083333333333333,-0.0060830505681893875,-0.00584668014829801,0.44747057229341736,-0.5350228193973154,-0.055647826086956544,2026-01-12,-0.05786618444846303,5.0115,0.025,5.14,5.161715790055249,0.1689944751381254,5.12458,5.1554199999999994,False,win_rate_lt_55;avg_return_not_positive;profit_factor_lt_1_2;stop_risk_gt_expected_reward,14.659265411162501,False,0.0,,,观察,观察,-3.2287781989628783,False,attack_checks_failed
601216.SH,君正集团,化学原料,,2026-07-06,4.79,0.017,306024725.0,0.76,0.73,2460829.0,-0.002964406779661017,0.5084745762711864,21401048118.23,0.6000000000000012,0.3999999999999988,120,0.44166666666666665,-0.002027125698323717,-0.0030780938833570347,0.8748652244485176,-0.3918013630336682,-0.07977082494969814,2026-06-18,-0.09782608695652184,4.650603406588878,0.02910158526328215,4.79,4.84862793230174,0.42058368046936184,4.77563,4.80437,False,win_rate_lt_55;avg_return_not_positive;profit_factor_lt_1_2;stop_risk_gt_expected_reward,14.506236938797711,False,0.0,,,观察,观察,-1.446529849706904,False,attack_checks_failed
688235.SH,百济神州,化学制药,,2026-07-06,277.0,0.037599999999999995,2916622979.0,9.14,1.23,155808496.0,0.0073,0.66,81207334931.26,0.5797610681658473,0.4202389318341528,120,0.4,-0.005971285894920348,-0.014814776708885733,0.7776307430347972,-0.7020087544977152,-0.17306420027218697,2026-02-25,-0.1824367881956881,263.5534349456179,0.04854355615300406,277.0,281.3841180272534,0.32603999679640794,276.169,277.83099999999996,False,win_rate_lt_55;avg_return_not_positive;profit_factor_lt_1_2;stop_risk_gt_expected_reward,14.311326618501415,False,0.0,,,观察,观察,-20.896663004626333,False,attack_checks_failed
000595.SZ,宝塔实业,电力,,2026-07-06,6.42,0.0288,456717827.81,6.44,4.66,-128305155.0,-0.011894495412844036,0.23853211009174313,45280047584.52,0.6933333333333328,0.30666666666666725,120,0.49166666666666664,0.0031788732249581407,-0.0038078991313959297,1.143503232445055,-0.5564085264369019,-0.15006033057851234,2026-06-23,-0.1510903426791277,6.111802775801353,0.04800579816178295,6.42,6.638085535269708,0.7076168055593619,6.40074,6.439259999999999,False,win_rate_lt_55;profit_factor_lt_1_2;stop_risk_gt_expected_reward,14.294181795453234,False,0.0,,,观察,观察,-7.515416253574574,False,attack_checks_failed
000876.SZ,新 希 望,养殖业,,2026-07-06,7.29,0.07519999999999999,787730604.3,2.46,1.21,99338720.0,0.032104347826086954,0.9130434782608695,11120784873.9,0.8363636363636365,0.16363636363636344,120,0.4,-0.008832900128976374,-0.004372332749525397,0.4842359212647092,-0.7135949158801973,-0.10785737704918033,2026-06-05,-0.1311475409836066,7.002794332492849,0.039397210906330804,7.29,7.321849530612243,0.11089450597784783,7.26813,7.311869999999999,False,win_rate_lt_55;avg_return_not_positive;profit_factor_lt_1_2;stop_risk_gt_expected_reward,14.220083517973187,False,0.0,,,观察,观察,-15.257221065479179,False,attack_checks_failed
000729.SZ,燕京啤酒,非白酒,,2026-07-06,10.9,0.0158,321416990.84,1.18,0.7,3538841.0,0.00488125,0.5625,1682552640.99,0.6750000000000014,0.3249999999999987,120,0.43333333333333335,-0.0031509664042228725,-0.009064204485515957,0.8283527134724064,-0.4402028949146962,-0.12416689419795227,2026-06-12,-0.15017064846416384,10.565953281802642,0.030646487908014525,10.9,11.090524835680752,0.5703538616062309,10.8673,10.932699999999999,False,win_rate_lt_55;avg_return_not_positive;profit_factor_lt_1_2;stop_risk_gt_expected_reward,14.139241442715624,False,0.0,,,观察,观察,-6.892658018784298,False,attack_checks_failed
300145.SZ,南方泵业,通用设备,,2026-07-06,6.03,0.08650000000000001,1652972844.88,14.5,2.08,185864078.0,-0.022262272727272728,0.23636363636363636,116487098257.19,0.6984126984126992,0.30158730158730085,120,0.45,-0.0044541539984460045,-0.0032611537736828887,0.8060981502275221,-0.7469665708007565,-0.16215271317829463,2026-03-16,-0.19210053859964094,5.638050000000001,0.065,6.03,6.102205247787611,0.18422055820286112,6.01191,6.048089999999999,False,win_rate_lt_55;avg_return_not_positive;profit_factor_lt_1_2;stop_risk_gt_expected_reward,13.972466192095478,False,0.0,,,观察,观察,-20.596585775920886,False,attack_checks_failed
601021.SH,春秋航空,航空机场,,2026-07-06,47.89,0.025,506664196.0,1.08,0.95,-2097860.0,0.010523076923076923,0.8461538461538461,4101239383.8,0.6071428571428579,0.39285714285714207,120,0.45,-0.0038324329001310866,-0.007538149712711638,0.8010478477735767,-0.4547174061098055,-0.10625049504950493,2026-02-26,-0.11358024691358026,46.34020988903108,0.03236145564771183,47.89,48.814241127340814,0.5963653534755045,47.74633,48.033669999999994,False,win_rate_lt_55;avg_return_not_positive;profit_factor_lt_1_2;stop_risk_gt_expected_reward,13.900357439642615,False,0.0,,,观察,观察,-4.227081070651276,False,attack_checks_failed
000062.SZ,深圳华强,其他电子Ⅱ,,2026-07-06,32.32,0.0366,2015268329.45,5.98,1.23,257901175.0,-0.0037666666666666664,0.42424242424242425,33228433793.61,0.6036866359447004,0.3963133640552996,120,0.43333333333333335,-0.006277948096266239,-0.00902547610492269,0.763711768992731,-0.7738024581154956,-0.18190885136863646,2026-05-11,-0.20176893311221666,30.615199982098048,0.05274752530637231,32.32,32.67012490019569,0.20537593648466873,32.22304,32.416959999999996,False,win_rate_lt_55;avg_return_not_positive;profit_factor_lt_1_2;stop_risk_gt_expected_reward,13.895736920928933,False,0.0,,,观察,观察,-24.06011697255113,False,attack_checks_failed
605208.SH,永茂泰,工业金属,,2026-07-06,17.19,0.019,498908050.0,8.91,1.66,-10199721.0,-0.012443103448275861,0.3275862068965517,62006483751.31,0.794117647058826,0.2058823529411739,120,0.43333333333333335,-0.0012492818999054404,-0.007701348141514994,0.9458766652550463,-0.6643486160529336,-0.10623827160493818,2026-06-18,-0.12622549019607843,16.480842259525534,0.04125408612416907,17.19,17.60168622259136,0.5805284199759573,17.13843,17.24157,False,win_rate_lt_55;avg_return_not_positive;profit_factor_lt_1_2;stop_risk_gt_expected_reward,13.835907367301285,False,0.0,,,观察,观察,-7.8242247120060195,False,attack_checks_failed
000818.SZ,航锦科技,化学原料,,2026-07-06,15.41,0.056900000000000006,915846199.19,9.1,0.92,83677151.0,-0.002964406779661017,0.5084745762711864,21401048118.23,0.7281553398058257,0.2718446601941743,120,0.4083333333333333,-0.003769414763503005,-0.012022150419576858,0.8746030397605582,-0.631848349833377,-0.19197599067599072,2026-03-30,-0.19067599067599073,14.467653305760603,0.0611516349279297,15.41,15.764941262985493,0.3766567709689696,15.36377,15.456229999999998,False,win_rate_lt_55;avg_return_not_positive;profit_factor_lt_1_2;stop_risk_gt_expected_reward,13.760946569386267,False,0.0,,,观察,观察,-19.542206184073148,False,attack_checks_failed
600222.SH,太龙药业,中药Ⅱ,,2026-07-06,8.07,0.0202,314065498.0,6.76,1.13,-8799600.0,0.0048859375,0.6875,11691117380.06,0.5625000000000016,0.4374999999999985,120,0.4583333333333333,-0.00048759848053533657,-0.007319975992571258,0.9790902718604321,-0.6493715917359539,-0.19966639439906655,2025-12-01,-0.19836639439906656,7.602914552001737,0.05787923767016887,8.07,8.226762886010363,0.33561928910905897,8.04579,8.094209999999999,False,win_rate_lt_55;avg_return_not_positive;profit_factor_lt_1_2;stop_risk_gt_expected_reward,13.702491272194006,False,0.0,,,观察,观察,-20.33648544181665,False,attack_checks_failed
300498.SZ,温氏股份,养殖业,,2026-07-06,13.73,0.0513,1191547641.56,1.48,1.06,118898602.0,0.032104347826086954,0.9130434782608695,11120784873.9,0.9384615384615398,0.061538461538460196,120,0.36666666666666664,-0.011150542318572286,-0.011024498802168745,0.4614097605173913,-0.7798151034905412,-0.09453583180987193,2026-05-06,-0.10264483627204035,13.257135278094406,0.03444025651169652,13.73,13.804816916760402,0.15822055081397945,13.68881,13.771189999999999,False,win_rate_lt_55;avg_return_not_positive;profit_factor_lt_1_2;stop_risk_gt_expected_reward,13.681084076386377,False,0.0,,,观察,观察,-14.500307613708939,False,attack_checks_failed
603288.SH,海天味业,调味发酵品Ⅱ,,2026-07-06,34.36,0.0103,689194303.0,0.36,0.71,11317377.0,0.005328571428571428,0.6428571428571429,3882613524.52,0.6611570247933856,0.3388429752066144,120,0.38333333333333336,-0.002769207942963537,-0.007189174008608722,0.8055613799515035,-0.41562986345655384,-0.0601703261734288,2026-03-16,-0.09012381226605226,33.22710574536829,0.0329713112523781,34.36,34.70170229288703,0.30161887703995427,34.25692,34.46308,False,win_rate_lt_55;avg_return_not_positive;profit_factor_lt_1_2;stop_risk_gt_expected_reward,13.676284590076465,False,0.0,,,观察,观察,-2.094647319376495,False,attack_checks_failed
603068.SH,博通集成,半导体,,2026-07-06,39.16,0.0054,353151598.0,5.98,0.72,8557472.0,-0.005337931034482758,0.3850574712643678,516206970979.27,0.6264150943396217,0.37358490566037833,120,0.475,-0.0025523759029858605,-0.0037334380667419552,0.8892798671295461,-0.5821204193403335,-0.12274362486828241,2026-02-25,-0.13411458333333326,37.310066842627236,0.04724037684812968,39.16,40.00564146852003,0.4571200127690047,39.042519999999996,39.27747999999999,False,win_rate_lt_55;avg_return_not_positive;profit_factor_lt_1_2;stop_risk_gt_expected_reward,13.522948998612929,False,0.0,,,观察,观察,-9.090695268881518,False,attack_checks_failed
603456.SH,九洲药业,医疗服务,,2026-07-06,15.3,0.0451,597818338.0,4.46,1.03,30692140.0,0.012767924528301887,0.5849056603773585,38605015287.54,0.9038461538461543,0.09615384615384573,120,0.4,-0.007729583054069631,-0.012146305962291968,0.6612690645936024,-0.6699665208690667,-0.1782596199524941,2026-04-22,-0.18289786223277915,14.772334296436176,0.03448795448129577,15.3,15.48064970701619,0.342356355162165,15.254100000000001,15.345899999999999,False,win_rate_lt_55;avg_return_not_positive;profit_factor_lt_1_2;stop_risk_gt_expected_reward,13.409747648205933,False,0.0,,,观察,观察,-19.40024056020578,False,attack_checks_failed
601669.SH,中国电建,基础建设,,2026-07-06,4.83,0.0105,543928409.0,0.87,0.83,52978817.0,-0.004134090909090909,0.38636363636363635,6557621486.17,0.8750000000000028,0.12499999999999722,120,0.38333333333333336,-0.004372459932016782,-0.011704210375568267,0.7733880853498057,-0.5148175507816399,-0.08084545454545447,2026-06-03,-0.09770114942528729,4.697747045331455,0.027381564113570525,4.83,4.8787115123339655,0.36832078690451775,4.81551,4.8444899999999995,False,win_rate_lt_55;avg_return_not_positive;profit_factor_lt_1_2;stop_risk_gt_expected_reward,13.272360198399976,False,0.0,,,观察,观察,-4.705444014840394,False,attack_checks_failed
300623.SZ,捷捷微电,半导体,,2026-07-06,38.22,-0.0073,1271626164.52,4.35,0.53,-73906906.0,-0.005337931034482758,0.3850574712643678,516206970979.27,0.5849056603773577,0.41509433962264225,120,0.4083333333333333,0.00046199656565919055,-0.013449941902564742,1.020631809247371,-0.6088570712599353,-0.1572709821428572,2026-02-25,-0.1721540178571429,35.96506312136949,0.05899887175903995,38.22,38.710770852791875,0.2176428340157968,38.10534,38.33465999999999,False,win_rate_lt_55;profit_factor_lt_1_2;stop_risk_gt_expected_reward,13.242487455311277,False,0.0,,,观察,观察,-16.71131989820273,False,attack_checks_failed
300990.SZ,同飞股份,通用设备,,2026-07-06,104.6,0.045,735932325.28,8.95,1.03,-8427703.0,-0.022262272727272728,0.23636363636363636,116487098257.19,0.5039548022598866,0.49604519774011335,120,0.44166666666666665,0.003599435377543349,-0.012210820079027771,1.10518461305691,-0.6986221105234032,-0.21805224000805393,2026-05-25,-0.2172556126044498,97.801,0.065,104.6,108.33897454545453,0.5499300699300708,104.2862,104.91379999999998,False,win_rate_lt_55;profit_factor_lt_1_2;stop_risk_gt_expected_reward,13.178488162668788,False,0.0,,,观察,观察,-21.67600218602258,False,attack_checks_failed
601818.SH,光大银行,银行Ⅱ,,2026-07-06,3.06,0.0268,762520346.0,0.54,0.96,48348966.0,0.023145238095238094,1.0,28675060405.88,0.9000000000000018,0.09999999999999823,120,0.3416666666666667,-0.005430506883076171,-0.007333196229024873,0.5455658195145537,-0.5458940885520562,-0.07203954983922825,2026-06-23,-0.07395498392282962,2.9835,0.025,3.06,3.0752672830188676,0.19957232704402508,3.05082,3.06918,False,win_rate_lt_55;avg_return_not_positive;profit_factor_lt_1_2;stop_risk_gt_expected_reward,13.161053316590642,False,0.0,,,观察,观察,-6.324167421177821,False,attack_checks_failed
000999.SZ,华润三九,中药Ⅱ,,2026-07-06,24.28,0.0104,348686758.59,0.87,0.92,41085720.0,0.0048859375,0.6875,11691117380.06,0.7910447761194027,0.20895522388059734,120,0.39166666666666666,-0.004396724934415762,-0.008599177070034634,0.6464724552900533,-0.4827213019079596,-0.058813914656771805,2026-04-20,-0.09357952161141403,23.62145485825897,0.027122946529696452,24.28,24.40391091995731,0.18815858185472362,24.207160000000002,24.352839999999997,False,win_rate_lt_55;avg_return_not_positive;profit_factor_lt_1_2;stop_risk_gt_expected_reward,13.145261785943402,False,0.0,,,观察,观察,-4.087523537283305,False,attack_checks_failed
688047.SH,龙芯中科,半导体,,2026-07-06,140.13,0.0301,1446483082.0,2.6,0.97,-16803379.0,-0.005337931034482758,0.3850574712643678,516206970979.27,0.701973001038421,0.298026998961579,120,0.425,-0.004808091673777242,-0.012162346376047937,0.8331656124538709,-0.6025772965425977,-0.148759807073955,2026-03-16,-0.1524115755627009,134.03680608046196,0.04348243716219261,140.13,143.88262135960215,0.6158709880493471,139.70961,140.55039,False,win_rate_lt_55;avg_return_not_positive;profit_factor_lt_1_2;stop_risk_gt_expected_reward,13.046083383395032,False,0.0,,,观察,观察,-12.070681302372808,False,attack_checks_failed
002468.SZ,申通快递,物流,,2026-07-06,17.08,0.0472,728036250.67,2.93,0.93,45219599.0,0.00697391304347826,0.5217391304347826,7714808812.34,0.8653846153846148,0.13461538461538528,120,0.39166666666666666,-0.006990179950890548,-0.008506060836580762,0.7035222845646305,-0.6702831385331475,-0.1353845070422536,2025-10-15,-0.13802816901408443,16.381407016944067,0.04090122851615521,17.08,17.317096330033,0.33939122748677797,17.02876,17.131239999999995,False,win_rate_lt_55;avg_return_not_positive;profit_factor_lt_1_2;stop_risk_gt_expected_reward,13.04245713822371,False,0.0,,,观察,观察,-14.383842688942494,False,attack_checks_failed
601609.SH,金田股份,工业金属,,2026-07-06,11.38,-0.0044,600330871.0,3.06,0.65,54068300.0,-0.012443103448275861,0.3275862068965517,62006483751.31,0.6896551724137946,0.3103448275862054,120,0.4583333333333333,-0.004994730790507592,-0.0056270682208407795,0.8257982314024415,-0.7736676308472729,-0.20283846153846144,2026-06-18,-0.20307692307692315,10.757448940111814,0.054705717037626195,11.38,11.58755058259325,0.33338724478363013,11.34586,11.41414,False,win_rate_lt_55;avg_return_not_positive;profit_factor_lt_1_2;stop_risk_gt_expected_reward,13.007278576689686,False,0.0,,,观察,观察,-23.539184516055723,False,attack_checks_failed
600050.SH,中国联通,通信服务,,2026-07-06,4.11,0.0098,500849572.0,0.4,0.78,37998855.0,-0.027620512820512817,0.20512820512820512,15770206470.87,1.0,0.0,120,0.44166666666666665,-0.0052441186492401025,-0.0033768454378413125,0.5579578965334133,-0.49753505066133275,-0.0970230142566191,2026-03-19,-0.1095334685598377,4.00725,0.025,4.11,4.135328641791045,0.24650746268656357,4.09767,4.12233,False,win_rate_lt_55;avg_return_not_positive;profit_factor_lt_1_2;stop_risk_gt_expected_reward,12.996010357903067,False,0.0,,,观察,观察,-5.854307492658236,False,attack_checks_failed
000908.SZ,石药景峰,化学制药,,2026-07-06,7.17,0.042199999999999994,613837474.48,9.84,2.14,-35395634.0,0.0073,0.66,81207334931.26,0.6829268292682928,0.31707317073170715,120,0.375,-0.0002750470361355312,-0.011831982442094744,0.9907286760965905,-0.7746959417058525,-0.14944814814814814,2025-11-28,-0.16030534351145032,6.708873212837979,0.06431335943682309,7.17,7.250303999999999,0.17414733265492136,7.14849,7.191509999999999,False,win_rate_lt_55;avg_return_not_positive;profit_factor_lt_1_2;stop_risk_gt_expected_reward,12.874043988994295,False,0.0,,,观察,观察,-19.608470381350514,False,attack_checks_failed
002078.SZ,太阳纸业,造纸,,2026-07-06,12.85,0.038,393451648.49,1.11,0.97,-35412896.0,0.0046,0.391304347826087,3735348934.58,0.7833333333333319,0.2166666666666681,120,0.4666666666666667,-0.005271928963177036,-0.0045866962224588624,0.7000172018439468,-0.612024686944653,-0.12415012285012297,2026-03-16,-0.12960687960687967,12.42929999731896,0.032739299819536126,12.85,13.031495514138815,0.43141315184735207,12.811449999999999,12.888549999999999,False,win_rate_lt_55;avg_return_not_positive;profit_factor_lt_1_2;stop_risk_gt_expected_reward,12.84634735023015,False,0.0,,,观察,观察,-9.940789897924395,False,attack_checks_failed
601111.SH,中国国航,航空机场,,2026-07-06,6.19,0.0148,522769448.0,0.73,0.68,36072560.0,0.010523076923076923,0.8461538461538461,4101239383.8,0.6875000000000013,0.3124999999999986,120,0.43333333333333335,-0.006566797019359661,-0.008513367609254505,0.7318479939929414,-0.6973219957205169,-0.10981808634772464,2026-02-26,-0.11785297549591611,6.008801974829143,0.029272701966212955,6.19,6.342460328072154,0.8414017091433194,6.17143,6.20857,False,win_rate_lt_55;avg_return_not_positive;profit_factor_lt_1_2;stop_risk_gt_expected_reward,12.820041427937976,False,0.0,,,观察,观察,-8.000613126782596,False,attack_checks_failed
601658.SH,邮储银行,银行Ⅱ,,2026-07-06,4.98,0.008100000000000001,675817891.0,0.19,0.89,10183667.0,0.023145238095238094,1.0,28675060405.88,0.9000000000000027,0.09999999999999734,120,0.38333333333333336,-0.007354664375036623,-0.0059962041715248314,0.4565963690220062,-0.6016620414349221,-0.061906060606060666,2025-09-24,-0.08461538461538465,4.8555,0.025,4.98,5.0029354488188975,0.18422047244094444,4.96506,4.99494,False,win_rate_lt_55;avg_return_not_positive;profit_factor_lt_1_2;stop_risk_gt_expected_reward,12.768285384237029,False,0.0,,,观察,观察,-6.772824246315195,False,attack_checks_failed
002558.SZ,巨人网络,游戏Ⅱ,,2026-07-06,27.44,0.010700000000000001,1982752836.11,3.79,0.59,62723488.0,0.0037625,0.4583333333333333,12161285533.91,0.5696202531645577,0.43037974683544233,120,0.44166666666666665,-0.008016351050287767,-0.010912183142171603,0.7490230447040791,-0.7747194165135852,-0.15509901960784314,2026-05-11,-0.16340478409443926,26.115261264713123,0.04827765070287461,27.44,28.094557346485818,0.4941029721940396,27.357680000000002,27.522319999999997,False,win_rate_lt_55;avg_return_not_positive;profit_factor_lt_1_2;stop_risk_gt_expected_reward,12.728046568119069,False,0.0,,,观察,观察,-18.34832243309754,False,attack_checks_failed
002261.SZ,拓维信息,软件开发,,2026-07-06,30.1,0.0315,2488541323.25,7.31,0.99,107056016.0,-0.018426356589147284,0.15503875968992248,43989997360.36,0.8231707317073177,0.17682926829268233,120,0.38333333333333336,-0.00790490880444167,-0.018267974007890462,0.7337658557581136,-0.7870739503316251,-0.14040256410256405,2026-06-22,-0.15352564102564104,28.937949056599145,0.038606343634579904,30.1,30.515209622641507,0.3573075905143694,30.009700000000002,30.190299999999997,False,win_rate_lt_55;avg_return_not_positive;profit_factor_lt_1_2;stop_risk_gt_expected_reward,12.58895197038676,False,0.0,,,观察,观察,-18.033835159606248,False,attack_checks_failed
600704.SH,物产中大,物流,,2026-07-06,5.04,0.030699999999999998,357602360.0,1.39,1.58,12885211.0,0.00697391304347826,0.5217391304347826,7714808812.34,0.8181818181818178,0.18181818181818218,120,0.43333333333333335,-0.006259079537648287,-0.0047934737638595,0.5332467117714055,-0.5603655134637205,-0.07425373665480431,2026-03-13,-0.07295373665480431,4.914,0.025,5.04,5.078049769911504,0.3019823008849563,5.0248800000000005,5.05512,False,win_rate_lt_55;avg_return_not_positive;profit_factor_lt_1_2;stop_risk_gt_expected_reward,12.578766088632843,False,0.0,,,观察,观察,-4.639511419546987,False,attack_checks_failed
600061.SH,国投资本,多元金融,,2026-07-06,6.66,0.0137,300820468.0,0.71,0.74,2569270.0,-0.002923076923076923,0.5,4598546736.42,0.8181818181818211,0.18181818181817888,120,0.4666666666666667,-0.006138550349543778,-0.0038890499108495723,0.5528138006627769,-0.5645248963967897,-0.07262867132867137,2026-03-16,-0.07692307692307698,6.474447798733477,0.027860690880859337,6.66,6.7232448340080975,0.3408465842841408,6.64002,6.67998,False,win_rate_lt_55;avg_return_not_positive;profit_factor_lt_1_2;stop_risk_gt_expected_reward,12.547374059796521,False,0.0,,,观察,观察,-3.719083556752154,False,attack_checks_failed
600598.SH,北大荒,种植业,,2026-07-06,11.55,0.0176,302465004.0,1.48,0.74,-11915648.0,-0.004868421052631579,0.47368421052631576,2463564168.73,0.7500000000000012,0.24999999999999878,120,0.5083333333333333,-0.006718833617877412,8.408569645609442e-05,0.6144867686227611,-0.6609534052494346,-0.23444203730272598,2026-06-17,-0.25394548063127687,11.12870090482421,0.036476112136432134,11.550971189794069,11.657078023255815,0.25416153151512466,11.515350000000002,11.58465,False,win_rate_lt_55;avg_return_not_positive;profit_factor_lt_1_2;stop_risk_gt_expected_reward,12.526627835082888,False,0.0,,,观察,观察,-25.826766228748717,False,attack_checks_failed
600486.SH,扬农化工,农化制品,,2026-07-06,53.24,0.0276,433316005.0,2.0,1.17,-9500453.0,0.00858813559322034,0.5932203389830508,20131545235.09,0.5903614457831328,0.4096385542168673,120,0.5,-0.0071979607110398535,-0.0001329521005164801,0.7365706996848138,-0.7223328718060464,-0.15858178652899516,2026-03-13,-0.16208428382759033,51.391772430189505,0.034715018215824484,53.24,54.81409180108602,0.8516763989444324,53.08028,53.399719999999995,False,win_rate_lt_55;avg_return_not_positive;profit_factor_lt_1_2;stop_risk_gt_expected_reward,12.448385872117523,False,0.0,,,观察,观察,-13.313946784138585,False,attack_checks_failed
600298.SH,安琪酵母,调味发酵品Ⅱ,,2026-07-06,38.4,0.0345,557287706.0,1.71,1.23,3378170.0,0.005328571428571428,0.6428571428571429,3882613524.52,0.8432203389830494,0.15677966101695065,120,0.425,-0.0071009386091432595,-0.010109972462881787,0.6001345080289879,-0.61442229097848,-0.09202929542645247,2025-10-29,-0.09782016348773848,37.11247008401687,0.03352942489539393,38.4,38.69970063732928,0.23277178542328644,38.2848,38.51519999999999,False,win_rate_lt_55;avg_return_not_positive;profit_factor_lt_1_2;stop_risk_gt_expected_reward,12.420248242750553,False,0.0,,,观察,观察,-8.708173018024445,False,attack_checks_failed
603032.SH,德新科技,电池,,2026-07-06,29.75,0.0779,1079720027.0,15.79,1.35,11110294.0,-0.02283723404255319,0.19148936170212766,91437451195.01,0.7300884955752213,0.26991150442477874,120,0.45,-0.004690475712146381,-0.005263886336972866,0.8354499035163305,-0.7322586419779987,-0.23010658436213996,2025-11-19,-0.23621399176954738,27.98851005587286,0.059209746021080346,29.75,30.189663543992847,0.24959753273568322,29.66075,29.839249999999996,False,win_rate_lt_55;avg_return_not_positive;profit_factor_lt_1_2;stop_risk_gt_expected_reward,12.396519155399709,False,0.0,,,观察,观察,-26.793898555097865,False,attack_checks_failed
002289.SZ,宇顺电子,光学光电子,,2026-07-06,49.54,0.0592,352353646.68,2.63,1.12,2528459.0,-0.03446989247311828,0.15053763440860216,108925563005.49,0.7061403508771924,0.2938596491228076,120,0.4083333333333333,0.002634150995995454,-0.017604616423868045,1.0768939917328613,-0.7704560248759892,-0.2240632379793062,2025-12-10,-0.22585330428467687,46.50159205464901,0.061332417144751496,49.54,50.83261685450018,0.42542570903883753,49.39138,49.68861999999999,False,win_rate_lt_55;profit_factor_lt_1_2;stop_risk_gt_expected_reward,12.383630523242367,False,0.0,,,观察,观察,-24.771310000942893,False,attack_checks_failed
603983.SH,丸美生物,化妆品,,2026-07-06,31.12,0.0672,340000755.0,2.81,0.8,37831061.0,-0.001492857142857143,0.2857142857142857,2268089321.28,0.9361702127659576,0.06382978723404245,120,0.35833333333333334,-0.0062866586077394,-0.011398947237926869,0.7391917424068519,-0.7403252162368097,-0.09385698983795657,2025-10-29,-0.10974106041923548,29.450169833252463,0.05365778170782575,31.12,31.325454707230346,0.12303928346828817,31.02664,31.213359999999998,False,win_rate_lt_55;avg_return_not_positive;profit_factor_lt_1_2;stop_risk_gt_expected_reward,12.371386939560729,False,0.0,,,观察,观察,-13.211756064491798,False,attack_checks_failed
600941.SH,中国移动,通信服务,,2026-07-06,88.0,0.0059,663216337.0,0.84,0.7,38181925.0,-0.027620512820512817,0.20512820512820512,15770206470.87,0.7590361445783114,0.2409638554216886,120,0.425,-0.0035107423054275395,-0.003551432078559823,0.6201795215967956,-0.43120527169454625,-0.058086405678640575,2026-06-17,-0.0712498640269772,85.8,0.025,88.0,88.58287923627684,0.2649451073985652,87.736,88.264,False,win_rate_lt_55;avg_return_not_positive;profit_factor_lt_1_2;stop_risk_gt_expected_reward,12.32910622216005,False,0.0,,,观察,观察,-0.9223083236931702,False,attack_checks_failed
000786.SZ,北新建材,装修建材,,2026-07-06,18.65,0.0304,394248683.16,1.26,1.04,10518624.0,-0.011975757575757575,0.36363636363636365,5351898256.97,0.9402985074626827,0.05970149253731731,120,0.4166666666666667,-0.006303864328753045,-0.00810563100811926,0.6508693459439117,-0.6603575353198408,-0.11695468814539448,2026-05-20,-0.12515489467162333,18.120785371365262,0.028376119497840996,18.65,18.890464677419352,0.45438025407518295,18.59405,18.705949999999998,False,win_rate_lt_55;avg_return_not_positive;profit_factor_lt_1_2;stop_risk_gt_expected_reward,12.200224115563568,False,0.0,,,观察,观察,-10.417617312495167,False,attack_checks_failed
603129.SH,春风动力,摩托车及其他,,2026-07-06,269.2,0.023799999999999998,571788992.0,1.38,1.09,-42740964.0,0.00955,0.5,3915494335.27,0.5204081632653049,0.4795918367346951,120,0.4583333333333333,-0.0032184266765114015,-0.009567034935797723,0.8682185396038693,-0.5854816820567041,-0.1336649674831575,2026-03-17,-0.15378324701117652,258.58953651437884,0.039414797494877994,269.2,276.4417262814762,0.6825080064871716,268.3924,270.00759999999997,False,win_rate_lt_55;avg_return_not_positive;profit_factor_lt_1_2;stop_risk_gt_expected_reward,12.174694544546728,False,0.0,,,观察,观察,-10.007347774081925,False,attack_checks_failed
601177.SH,杭齿前进,通用设备,,2026-07-06,15.39,0.0755,503199862.0,8.43,3.68,41919361.0,-0.022262272727272728,0.23636363636363636,116487098257.19,0.8040540540540547,0.1959459459459453,120,0.48333333333333334,-0.008431151030952088,-0.0007058126562256338,0.627666668103429,-0.7063838607439645,-0.22129999999999997,2026-05-28,-0.2249154453213077,14.819834154301905,0.03704781323574374,15.39,15.599266743016763,0.36702784741611844,15.34383,15.436169999999999,False,win_rate_lt_55;avg_return_not_positive;profit_factor_lt_1_2;stop_risk_gt_expected_reward,11.907178219152478,False,0.0,,,观察,观察,-24.04585160928262,False,attack_checks_failed
000166.SZ,申万宏源,证券Ⅱ,,2026-07-06,4.66,0.0219,727758015.27,0.7,0.92,12531897.0,0.0011265306122448977,0.6122448979591837,50598036358.22,1.0,0.0,120,0.375,-0.007299457159343424,-0.006314718686512765,0.4450154766426348,-0.6111424579100295,-0.06419308176100627,2026-05-11,-0.07322175732217584,4.527722148551832,0.02838580503179567,4.66,4.680220195488721,0.15286153552807263,4.64602,4.673979999999999,False,win_rate_lt_55;avg_return_not_positive;profit_factor_lt_1_2;stop_risk_gt_expected_reward,11.829210053249803,False,0.0,,,观察,观察,-6.623172185172919,False,attack_checks_failed
688799.SH,华纳药厂,化学制药,,2026-07-06,57.28,0.0867,536540845.0,7.07,1.62,55106892.0,0.0073,0.66,81207334931.26,0.6040515653775325,0.39594843462246754,120,0.375,-0.003958413189985852,-0.017071579206868834,0.8672739640710806,-0.8103236798520245,-0.16227480106100792,2025-10-15,-0.1807029177718833,53.5568,0.065,57.28,58.139043170795304,0.23072710861498383,57.10816,57.45184,False,win_rate_lt_55;avg_return_not_positive;profit_factor_lt_1_2;stop_risk_gt_expected_reward,11.790055456549904,False,0.0,,,观察,观察,-22.83054548354492,False,attack_checks_failed
601995.SH,中金公司,证券Ⅱ,,2026-07-06,37.24,0.0236,1706721621.0,1.57,0.93,-76123652.0,0.0011265306122448977,0.6122448979591837,50598036358.22,0.7195121951219551,0.28048780487804487,120,0.38333333333333336,-0.004987642034210668,-0.005657742174644241,0.6083417034011281,-0.5345745907084343,-0.07269188495120696,2025-10-29,-0.07696793002915447,36.11011602529616,0.030340600824485694,37.24,37.466057339622644,0.2000712857989652,37.128280000000004,37.35172,False,win_rate_lt_55;avg_return_not_positive;profit_factor_lt_1_2;stop_risk_gt_expected_reward,11.58699627173501,False,0.0,,,观察,观察,-6.152471940408388,False,attack_checks_failed
600872.SH,中炬高新,调味发酵品Ⅱ,,2026-07-06,18.96,0.0085,391968504.0,2.68,0.65,-17047492.0,0.005328571428571428,0.6428571428571429,3882613524.52,0.6875000000000032,0.3124999999999968,120,0.39166666666666666,-0.002963772926884525,-0.00550842744212313,0.7688877114534076,-0.48295862310228044,-0.10889816420193779,2026-06-01,-0.12391636919938809,18.383448613213922,0.03040882841698722,18.96,19.090462683349372,0.22628110232571402,18.90312,19.01688,False,win_rate_lt_55;avg_return_not_positive;profit_factor_lt_1_2;stop_risk_gt_expected_reward,11.583376385158035,False,0.0,,,观察,观察,-9.094113271825266,False,attack_checks_failed
002931.SZ,锋龙股份,通用设备,,2026-07-06,79.6,0.0565,2699156188.89,17.62,1.62,27438567.0,-0.022262272727272728,0.23636363636363636,116487098257.19,0.7788461538461529,0.22115384615384712,120,0.425,-0.012355322400245476,-0.014900715758835812,0.743609555729115,-0.9550997904816536,-0.2635317596566524,2026-02-05,-0.26223175965665235,74.426,0.065,79.6,82.02908738842244,0.4694795880213465,79.3612,79.83879999999999,False,win_rate_lt_55;avg_return_not_positive;profit_factor_lt_1_2;stop_risk_gt_expected_reward,11.557945478497057,False,0.0,,,观察,观察,-34.6427122956035,False,attack_checks_failed
600019.SH,宝钢股份,普钢,,2026-07-06,5.65,0.010700000000000001,379684013.0,0.32,0.7,-26027516.0,0.0006304347826086958,0.4782608695652174,3527456205.2400002,0.833333333333337,0.16666666666666297,120,0.43333333333333335,-0.00595170497123762,-0.0056042404281598,0.5607422051982002,-0.5626681331058307,-0.07922207792207794,2026-03-13,-0.08369408369408371,5.50875,0.025,5.65,5.680676534320323,0.2171790040376851,5.633050000000001,5.66695,False,win_rate_lt_55;avg_return_not_positive;profit_factor_lt_1_2;stop_risk_gt_expected_reward,11.427661556931177,False,0.0,,,观察,观察,-6.0203641138758535,False,attack_checks_failed
000880.SZ,潍柴重机,汽车零部件,,2026-07-06,24.05,0.038,506772013.21,9.28,1.52,22136967.0,-0.017244398340248962,0.24896265560165975,88060367382.52,0.6404494382022471,0.3595505617977529,120,0.4666666666666667,-0.006398444627676973,-0.007597469562230539,0.8221036770309887,-0.7607089604416752,-0.16524066184861155,2026-06-22,-0.1895182636315511,23.17406060742499,0.03642159636486521,24.05,24.823589208084822,0.8831538056653634,23.97785,24.122149999999998,False,win_rate_lt_55;avg_return_not_positive;profit_factor_lt_1_2;stop_risk_gt_expected_reward,11.270882620831813,False,0.0,,,观察,观察,-15.600942179853025,False,attack_checks_failed
600016.SH,民生银行,银行Ⅱ,,2026-07-06,3.34,0.0183,881252811.0,0.75,0.94,-13891081.0,0.023145238095238094,1.0,28675060405.88,0.8888888888888867,0.1111111111111133,120,0.35,-0.007749907379896655,-0.0066333712595289295,0.3908931663052257,-0.6518399616924311,-0.059439534883720814,2026-06-22,-0.07848837209302328,3.2565,0.025,3.34,3.344734086956521,0.05669565217390687,3.32998,3.3500199999999993,False,win_rate_lt_55;avg_return_not_positive;profit_factor_lt_1_2;stop_risk_gt_expected_reward,11.255863450124014,False,0.0,,,观察,观察,-9.259188873207643,False,attack_checks_failed
600233.SH,圆通速递,物流,,2026-07-06,17.41,0.012199999999999999,779813086.0,1.31,0.87,-50440797.0,0.00697391304347826,0.5217391304347826,7714808812.34,0.6027397260273987,0.39726027397260133,120,0.4583333333333333,-0.006748085536179207,-0.003941308540581755,0.6652836542387185,-0.6525831463798171,-0.08889521218715993,2026-06-01,-0.11182294700058248,16.708847841778613,0.04027295567038403,17.41,17.69733732640949,0.4098073763880011,17.35777,17.462229999999998,False,win_rate_lt_55;avg_return_not_positive;profit_factor_lt_1_2;stop_risk_gt_expected_reward,11.157502724947804,False,0.0,,,观察,观察,-8.724057285910627,False,attack_checks_failed
002736.SZ,国信证券,证券Ⅱ,,2026-07-06,10.54,0.0184,460604440.75,0.46,0.78,19867978.0,0.0011265306122448977,0.6122448979591837,50598036358.22,0.8235294117646991,0.17647058823530087,120,0.39166666666666666,-0.007184870973648555,-0.007244991910575126,0.5985772583004071,-0.6137565794963145,-0.0960986577181209,2026-04-16,-0.09563758389261745,10.253561575849396,0.027176321076907373,10.54,10.639725152317881,0.34815563803496113,10.508379999999999,10.571619999999998,False,win_rate_lt_55;avg_return_not_positive;profit_factor_lt_1_2;stop_risk_gt_expected_reward,11.077273196340446,False,0.0,,,观察,观察,-8.78918077661764,False,attack_checks_failed
603338.SH,浙江鼎力,工程机械,,2026-07-06,52.99,0.0255,921495661.0,3.42,1.7,-77167378.0,-0.012246428571428573,0.39285714285714285,12033531276.1,0.5768115942028986,0.4231884057971014,120,0.49166666666666664,-0.005878684244302547,-0.0023863575058971397,0.7406521449422314,-0.6312532361422141,-0.11737738492328223,2026-02-25,-0.12052226314027459,50.93759377318246,0.03873195370480352,52.99,53.86315744444444,0.4254311027882413,52.83103,53.14897,False,win_rate_lt_55;avg_return_not_positive;profit_factor_lt_1_2;stop_risk_gt_expected_reward,10.988299794393207,False,0.0,,,观察,观察,-9.998230577538958,False,attack_checks_failed
603380.SH,易德龙,消费电子,,2026-07-06,45.92,0.0647,364633097.0,4.97,1.18,29708750.0,-0.024791011235955056,0.24719101123595505,92830893530.03,0.6616915422885576,0.33830845771144236,120,0.43333333333333335,-0.004271363308611174,-0.007642830240257612,0.8556903175066148,-0.6619383801847503,-0.1778293882447022,2025-09-29,-0.1863254698120752,43.09361157121892,0.06155027066160884,45.92,46.684606678818,0.27052427438211374,45.78224,46.057759999999995,False,win_rate_lt_55;avg_return_not_positive;profit_factor_lt_1_2;stop_risk_gt_expected_reward,10.923125642946864,False,0.0,,,观察,观察,-19.622715477694047,False,attack_checks_failed
001979.SZ,招商蛇口,房地产开发,,2026-07-06,6.72,0.0105,393507460.92,0.7,0.67,-15443115.0,0.004330487804878049,0.4878048780487805,14926127400.36,0.7272727272727258,0.2727272727272742,120,0.425,-0.007401465330800763,-0.011621114490986826,0.7010521204737866,-0.7453248135433732,-0.12463736396614258,2026-06-11,-0.1433823529411764,6.4923064660111764,0.0338829663673844,6.72,6.824777513513511,0.4601690336918185,6.69984,6.740159999999999,False,win_rate_lt_55;avg_return_not_positive;profit_factor_lt_1_2;stop_risk_gt_expected_reward,10.780675272393527,False,0.0,,,观察,观察,-14.355149851964274,False,attack_checks_failed
688798.SH,艾为电子,半导体,,2026-07-06,69.6,-0.0102,344410847.0,3.69,0.86,346234.0,-0.005337931034482758,0.3850574712643678,516206970979.27,0.720496894409936,0.27950310559006397,120,0.49166666666666664,-0.010787333338993744,-0.0073563377322244695,0.5738815541538317,-0.8050405531352998,-0.117423865456487,2026-06-01,-0.14388681260010683,66.60833353518409,0.04298371357494127,69.6,70.98911183673468,0.46432710767447616,69.3912,69.80879999999999,False,win_rate_lt_55;avg_return_not_positive;profit_factor_lt_1_2;stop_risk_gt_expected_reward,10.57456321522001,False,0.0,,,观察,观察,-14.354348362211928,False,attack_checks_failed
002352.SZ,顺丰控股,物流,,2026-07-06,32.93,0.014199999999999999,755598893.56,0.48,0.68,-16030002.0,0.00697391304347826,0.5217391304347826,7714808812.34,0.6842105263157889,0.315789473684211,120,0.4166666666666667,-0.00634367625753115,-0.005903167371777128,0.489057524114159,-0.5709007331143683,-0.0768096181452769,2026-06-10,-0.10069848661233993,32.10675,0.025,32.93,33.1198813951845,0.23064852132949157,32.83121,33.028789999999994,False,win_rate_lt_55;avg_return_not_positive;profit_factor_lt_1_2;stop_risk_gt_expected_reward,10.557210430836818,False,0.0,,,观察,观察,-7.837712308105635,False,attack_checks_failed
601390.SH,中国中铁,基础建设,,2026-07-06,4.3,0.004699999999999999,399338417.0,0.46,0.69,641484.0,-0.004134090909090909,0.38636363636363635,6557621486.17,0.8333333333333358,0.1666666666666642,120,0.375,-0.0054892757943871585,-0.00582187939317239,0.6519713270021007,-0.5381926383819775,-0.08732150537634412,2026-06-22,-0.11182795698924741,4.1925,0.025,4.3,4.326499552238805,0.24650746268656357,4.2871,4.312899999999999,False,win_rate_lt_55;avg_return_not_positive;profit_factor_lt_1_2;stop_risk_gt_expected_reward,10.554316134704184,False,0.0,,,观察,观察,-7.993628308423918,False,attack_checks_failed
688091.SH,上海谊众,化学制药,,2026-07-06,48.11,0.0828,518590701.0,5.26,1.77,41041062.0,0.0073,0.66,81207334931.26,0.6597325408618128,0.34026745913818723,120,0.36666666666666664,-0.00733691181540069,-0.024716308346933866,0.8038389038568956,-0.7726558121003264,-0.2852726918075424,2026-05-27,-0.3236345903771132,45.50138766554024,0.05422183193639066,48.11,48.469233253097,0.13771047861406435,47.965669999999996,48.254329999999996,False,win_rate_lt_55;avg_return_not_positive;profit_factor_lt_1_2;stop_risk_gt_expected_reward,10.398043966363815,False,0.0,,,观察,观察,-38.83275606342783,False,attack_checks_failed
300363.SZ,博腾股份,医疗服务,,2026-07-06,17.97,0.0633,919143152.18,10.24,1.37,91628422.0,0.012767924528301887,0.5849056603773585,38605015287.54,0.5381165919282507,0.4618834080717493,120,0.4083333333333333,-0.010377506924621128,-0.01372699114029172,0.6797755012909006,-0.8837813857094106,-0.3049551077788191,2026-05-11,-0.3206650831353919,16.923347899516894,0.058244412937290095,17.97,18.28049873060845,0.296658966685431,17.91609,18.023909999999997,False,win_rate_lt_55;avg_return_not_positive;profit_factor_lt_1_2;stop_risk_gt_expected_reward,10.115178759464182,False,0.0,,,观察,观察,-41.65764319973699,False,attack_checks_failed
601058.SH,赛轮轮胎,汽车零部件,,2026-07-06,12.95,0.0546,1020597254.0,2.43,1.3,8703604.0,-0.017244398340248962,0.24896265560165975,88060367382.52,0.8850574712643663,0.11494252873563368,120,0.38333333333333336,-0.008654329220621478,-0.01139376902689718,0.6111454716903875,-0.7065165961983716,-0.09697901234567899,2026-06-15,-0.1342592592592593,12.400740803262213,0.04241383758592938,12.95,13.137811017699114,0.34193513520498325,12.91115,12.988849999999998,False,win_rate_lt_55;avg_return_not_positive;profit_factor_lt_1_2;stop_risk_gt_expected_reward,10.002764902112744,False,0.0,,,观察,观察,-12.334360032663774,False,attack_checks_failed
600600.SH,青岛啤酒,非白酒,,2026-07-06,54.44,0.0199,367371681.0,0.96,0.93,24664480.0,0.00488125,0.5625,1682552640.99,0.9594594594594579,0.04054054054054216,120,0.3333333333333333,-0.007787505310615232,-0.007020082503953283,0.34338450183664293,-0.6673104625667574,-0.11318004613610147,2026-06-11,-0.13061426684280053,53.07899999999999,0.025,54.44,54.56233989938729,0.08988971299581076,54.27668,54.60331999999999,False,win_rate_lt_55;avg_return_not_positive;profit_factor_lt_1_2;stop_risk_gt_expected_reward,9.85544000048461,False,0.0,,,观察,观察,-15.767708634711541,False,attack_checks_failed
300458.SZ,全志科技,半导体,,2026-07-06,37.12,-0.0141,1787739882.87,5.95,0.76,-118387580.0,-0.005337931034482758,0.3850574712643678,516206970979.27,0.574007220216606,0.425992779783394,120,0.44166666666666665,-0.009842920689253805,-0.012879864970759745,0.647440207240633,-0.8182820809688102,-0.12503871481678167,2026-05-28,-0.1396707381837493,35.14598754287152,0.05317921490109043,37.12,37.57959299923993,0.23282173199073164,37.00864,37.231359999999995,False,win_rate_lt_55;avg_return_not_positive;profit_factor_lt_1_2;stop_risk_gt_expected_reward,9.727166861539096,False,0.0,,,观察,观察,-18.37432431684822,False,attack_checks_failed
600109.SH,国金证券,证券Ⅱ,,2026-07-06,8.97,0.0067,377359965.0,1.14,0.76,46349016.0,0.0011265306122448977,0.6122448979591837,50598036358.22,0.6470588235294191,0.3529411764705809,120,0.38333333333333336,-0.006783456368822629,-0.006170907639073718,0.5519723326145481,-0.5938489924170086,-0.11125370370370372,2026-06-01,-0.12929061784897022,8.710755118469377,0.028901324585353716,8.97,9.017287521358158,0.18240484085535164,8.94309,8.99691,False,win_rate_lt_55;avg_return_not_positive;profit_factor_lt_1_2;stop_risk_gt_expected_reward,9.688674358087198,False,0.0,,,观察,观察,-13.365606010156549,False,attack_checks_failed
688208.SH,道通科技,计算机设备,,2026-07-06,26.25,0.01,496631748.0,2.85,1.26,26760867.0,-0.016757647058823526,0.23529411764705882,41460448694.2,0.7821782178217829,0.21782178217821713,120,0.43333333333333335,-0.010412261288977263,-0.007824108868471378,0.6344569037109438,-0.8026206342391552,-0.24184121773991477,2026-05-22,-0.2468053119518917,25.323163516829222,0.03530805650174395,26.25,26.751281492387243,0.5408521368001423,26.17125,26.328749999999996,False,win_rate_lt_55;avg_return_not_positive;profit_factor_lt_1_2;stop_risk_gt_expected_reward,9.658501486117295,False,0.0,,,观察,观察,-28.45222789202039,False,attack_checks_failed
601668.SH,中国建筑,房屋建设Ⅱ,,2026-07-06,4.53,0.011200000000000002,931583894.0,0.5,0.96,-22584646.0,0.0033857142857142866,0.7142857142857143,1878980994.4,0.8181818181818211,0.18181818181817888,120,0.38333333333333336,-0.008194638036605504,-0.007019863028637362,0.3524153467232213,-0.63641701692637,-0.06261078224101482,2026-06-17,-0.0795698924731183,4.41675,0.025,4.53,4.5485095637342905,0.1634398563734272,4.5164100000000005,4.54359,False,win_rate_lt_55;avg_return_not_positive;profit_factor_lt_1_2;stop_risk_gt_expected_reward,9.649156473953255,False,0.0,,,观察,观察,-8.2153762594824,False,attack_checks_failed
001298.SZ,好上好,其他电子Ⅱ,,2026-07-06,20.87,0.0404,412574286.09,4.92,1.53,20229205.0,-0.0037666666666666664,0.42424242424242425,33228433793.61,0.7267441860465121,0.2732558139534879,120,0.4083333333333333,-0.009582520624426622,-0.010979772701316146,0.6496788093757461,-0.8019536137843568,-0.17216614173228342,2025-11-14,-0.20055489496630985,20.058363627546324,0.038890099303003176,20.87,21.17538071508903,0.3762531171019713,20.80739,20.93261,False,win_rate_lt_55;avg_return_not_positive;profit_factor_lt_1_2;stop_risk_gt_expected_reward,9.570119645018611,False,0.0,,,观察,观察,-22.97051694163118,False,attack_checks_failed
601788.SH,光大证券,证券Ⅱ,,2026-07-06,15.42,0.0321,1209724543.0,2.02,1.42,165299922.0,0.0011265306122448977,0.6122448979591837,50598036358.22,0.7962962962962971,0.20370370370370297,120,0.325,-0.00916162230342049,-0.011451735563906638,0.4280524325891037,-0.6823560961079214,-0.05964885164494097,2026-03-16,-0.06913580246913575,14.977446215832924,0.028699986003052944,15.42,15.443960849315067,0.05414223123222125,15.37374,15.466259999999998,False,win_rate_lt_55;avg_return_not_positive;profit_factor_lt_1_2;stop_risk_gt_expected_reward,9.489740275925115,False,0.0,,,观察,观察,-10.604748855446335,False,attack_checks_failed
300249.SZ,依米康,计算机设备,,2026-07-06,15.78,0.06480000000000001,600934863.0,10.26,1.93,66742612.0,-0.016757647058823526,0.23529411764705882,41460448694.2,0.5806451612903228,0.4193548387096772,120,0.4083333333333333,-0.006585670782603942,-0.0069754571577372625,0.7562461356415267,-0.7488866689587925,-0.16731887840088847,2026-05-22,-0.1726818434203221,14.95018488870136,0.05258650895428638,15.78,16.05170822222222,0.3274322418604877,15.73266,15.827339999999998,False,win_rate_lt_55;avg_return_not_positive;profit_factor_lt_1_2;stop_risk_gt_expected_reward,9.44788827436729,False,0.0,,,观察,观察,-20.92481191051309,False,attack_checks_failed
600660.SH,福耀玻璃,汽车零部件,,2026-07-06,53.78,0.055999999999999994,1504469985.0,1.41,1.62,178643230.0,-0.017244398340248962,0.24896265560165975,88060367382.52,0.8918128654970768,0.10818713450292318,120,0.39166666666666666,-0.013127452890878745,-0.012928791134849158,0.3058416867818763,-0.8108767675827337,-0.08459827513672694,2025-09-30,-0.09998597672135734,52.224723386386906,0.02891923788793417,53.78,54.09089676296689,0.1998980504468853,53.61866,53.94134,False,win_rate_lt_55;avg_return_not_positive;profit_factor_lt_1_2;stop_risk_gt_expected_reward,9.361456378305977,False,0.0,,,观察,观察,-14.188139869303805,False,attack_checks_failed
301489.SZ,思泉新材,电子化学品Ⅱ,,2026-07-06,176.57,0.0621,1952181347.0,15.68,1.23,8163456.0,-0.023262857142857144,0.2571428571428571,65969844145.97,0.5851377952755901,0.41486220472440993,120,0.4166666666666667,-0.009408175193788863,-0.02497520949945706,0.7909870174598728,-0.8401899785741579,-0.23654027459954233,2025-10-27,-0.2732265446224257,165.09295,0.065,176.57,181.99946424564996,0.4730714116998678,176.04029,177.09971,False,win_rate_lt_55;avg_return_not_positive;profit_factor_lt_1_2;stop_risk_gt_expected_reward,9.331525252505987,False,0.0,,,观察,观察,-31.253578461306155,False,attack_checks_failed
002771.SZ,真视通,IT服务Ⅱ,,2026-07-06,14.29,0.030299999999999997,405071045.99,16.4,2.12,26022326.0,-0.021754471544715447,0.13008130081300814,45247115167.22,0.7169811320754712,0.28301886792452885,120,0.44166666666666665,-0.00915399762106209,-0.010029821811492454,0.6460460415308531,-0.7510401621981351,-0.18326544276457882,2026-04-17,-0.19291553133514994,13.632123739036015,0.04603752700937612,14.29,14.488069452395388,0.30107402280355827,14.247129999999999,14.332869999999998,False,win_rate_lt_55;avg_return_not_positive;profit_factor_lt_1_2;stop_risk_gt_expected_reward,9.309759039161847,False,0.0,,,观察,观察,-22.469756350072213,False,attack_checks_failed
000756.SZ,新华制药,化学制药,,2026-07-06,14.87,0.0262,360942057.98,4.92,0.71,-9105896.0,0.0073,0.66,81207334931.26,0.8723404255319138,0.12765957446808623,120,0.35,-0.00892875887783239,-0.011393093265838348,0.5701795680424108,-0.722046266279788,-0.1093300404390525,2025-11-14,-0.10918544194107449,14.049444681095048,0.05518193133187295,14.87,14.94780082897862,0.09481484939059168,14.825389999999999,14.914609999999998,False,win_rate_lt_55;avg_return_not_positive;profit_factor_lt_1_2;stop_risk_gt_expected_reward,9.252188628567339,False,0.0,,,观察,观察,-15.454904833612026,False,attack_checks_failed
601006.SH,大秦铁路,铁路公路,,2026-07-06,4.78,0.0192,561972313.0,0.6,0.95,-29817595.0,0.007509090909090909,0.7272727272727273,3513604500.68,0.9230769230769247,0.07692307692307535,120,0.3416666666666667,-0.007546682279695571,-0.006866341705221467,0.35882407385167303,-0.6055432658468121,-0.05941623246492992,2026-06-17,-0.09236947791164674,4.6605,0.025,4.78,4.790212116838488,0.08545704467353903,4.7656600000000005,4.79434,False,win_rate_lt_55;avg_return_not_positive;profit_factor_lt_1_2;stop_risk_gt_expected_reward,9.187824142397591,False,0.0,,,观察,观察,-8.689989273147312,False,attack_checks_failed
300003.SZ,乐普医疗,医疗器械,,2026-07-06,12.83,0.0215,569813915.36,2.85,1.06,16296117.0,-0.0022519685039370076,0.47244094488188976,24932658260.82,0.9600000000000009,0.03999999999999915,120,0.35833333333333334,-0.01305318838283057,-0.01119293874659508,0.5396250630071255,-0.8468618573223325,-0.1596561643835617,2026-03-16,-0.164931506849315,12.32724514370346,0.03918588123901338,12.83,12.889560388794568,0.11846805266747694,12.79151,12.86849,False,win_rate_lt_55;avg_return_not_positive;profit_factor_lt_1_2;stop_risk_gt_expected_reward,8.90043786580679,False,0.0,,,观察,观察,-24.010243846851424,False,attack_checks_failed
600737.SH,中粮糖业,农产品加工,,2026-07-06,12.12,0.0271,519359151.0,2.02,0.66,40647438.0,-0.0067090909090909085,0.5454545454545454,2278869494.63,0.5352112676056331,0.4647887323943669,120,0.43333333333333335,-0.008953363883554824,-0.00707167439088061,0.6522817448611844,-0.8008290822153118,-0.1927062500000001,2026-06-18,-0.1914062500000001,11.448293533299841,0.05542132563532649,12.12,12.248439366311832,0.19121353251638096,12.083639999999999,12.156359999999998,False,win_rate_lt_55;avg_return_not_positive;profit_factor_lt_1_2;stop_risk_gt_expected_reward,8.852519784507585,False,0.0,,,观察,观察,-26.076274194620126,False,attack_checks_failed
603222.SH,济民健康,医疗器械,,2026-07-06,8.68,0.0637,336669333.0,7.51,1.32,65170023.0,-0.0022519685039370076,0.47244094488188976,24932658260.82,0.6938775510204076,0.30612244897959245,120,0.39166666666666666,-0.013321888312073819,-0.017893835079636187,0.596382947961981,-0.8755127859742922,-0.19370506329113915,2025-11-14,-0.19409282700421937,8.184575005646234,0.05707661225273791,8.68,8.813809411996067,0.27009015193230007,8.65396,8.706039999999998,False,win_rate_lt_55;avg_return_not_positive;profit_factor_lt_1_2;stop_risk_gt_expected_reward,8.672220838855079,False,0.0,,,观察,观察,-27.846011143697613,False,attack_checks_failed
600196.SH,复星医药,化学制药,,2026-07-06,24.08,0.0339,1271215481.0,2.51,1.19,89477496.0,0.0073,0.66,81207334931.26,0.8699186991869914,0.1300813008130086,120,0.3,-0.011110980244494759,-0.014660768386220078,0.382818977538011,-0.7532410340141439,-0.07197551737602495,2026-03-16,-0.08346273291925477,23.301074342143924,0.03234741104053477,24.08,24.08,0.0,24.007759999999998,24.152239999999995,False,win_rate_lt_55;avg_return_not_positive;profit_factor_lt_1_2;stop_risk_gt_expected_reward,8.536316593119885,False,0.0,,,观察,观察,-14.490567367908405,False,attack_checks_failed
603049.SH,中策橡胶,汽车零部件,,2026-07-06,48.9,0.0482,332472286.0,1.36,2.13,-14224963.0,-0.017244398340248962,0.24896265560165975,88060367382.52,0.8490566037735836,0.15094339622641637,120,0.36666666666666664,-0.006825512245039563,-0.01103858149727924,0.6372025098783576,-0.6095305135235722,-0.09481246243592004,2026-01-26,-0.09474986742089442,47.49070843411461,0.02881986842301404,48.9,49.32950737056428,0.3047682828460315,48.753299999999996,49.046699999999994,False,win_rate_lt_55;avg_return_not_positive;profit_factor_lt_1_2;stop_risk_gt_expected_reward,8.341749255375369,False,0.0,,,观察,观察,-9.16175091930975,False,attack_checks_failed
300735.SZ,光弘科技,消费电子,,2026-07-06,23.05,0.0383,779337820.06,4.55,1.56,111677582.0,-0.024791011235955056,0.24719101123595505,92830893530.03,0.7466063348416296,0.25339366515837036,120,0.4166666666666667,-0.013104868528678012,-0.016555826796692073,0.5737222250918783,-0.8456813432438394,-0.12936287563569118,2026-06-05,-0.14470642625982433,21.814592269699,0.05359686465514099,23.05,23.423135158982515,0.30203401664938845,22.98085,23.119149999999998,False,win_rate_lt_55;avg_return_not_positive;profit_factor_lt_1_2;stop_risk_gt_expected_reward,8.292954493516945,False,0.0,,,观察,观察,-19.12446528393285,False,attack_checks_failed
002602.SZ,世纪华通,游戏Ⅱ,,2026-07-06,14.09,0.046799999999999994,2471465539.47,2.59,1.1,251975024.0,0.0037625,0.4583333333333333,12161285533.91,0.7676767676767673,0.2323232323232327,120,0.35,-0.018971324021656973,-0.01796589514615402,0.4087134135829936,-0.9184623346387246,-0.13257853881278528,2026-04-29,-0.16324200913242004,13.484035132432288,0.04300673297144867,14.09,14.130707536205865,0.0671780467558485,14.04773,14.132269999999998,False,win_rate_lt_55;avg_return_not_positive;profit_factor_lt_1_2;stop_risk_gt_expected_reward,8.199393102553106,False,0.0,,,观察,观察,-25.778247246312908,False,attack_checks_failed
002517.SZ,恺英网络,游戏Ⅱ,,2026-07-06,17.29,0.0219,1722052390.14,5.25,0.95,247045295.0,0.0037625,0.4583333333333333,12161285533.91,0.5795454545454529,0.4204545454545471,120,0.39166666666666666,-0.016671329794803538,-0.02020720704890042,0.5347939138315843,-0.9243660087242461,-0.14213044982698966,2025-09-25,-0.17262330235882783,16.61398985196448,0.03909833129181722,17.29,17.420362779005522,0.1928414527272363,17.238129999999998,17.341869999999997,False,win_rate_lt_55;avg_return_not_positive;profit_factor_lt_1_2;stop_risk_gt_expected_reward,8.168341378256123,False,0.0,,,观察,观察,-25.586581072780014,False,attack_checks_failed
300531.SZ,优博讯,计算机设备,,2026-07-06,15.84,0.053899999999999997,315635560.7,6.38,2.26,14477226.0,-0.016757647058823526,0.23529411764705882,41460448694.2,0.6198347107438013,0.3801652892561988,120,0.425,-0.008841449116155352,-0.01025396943747334,0.6569461588863676,-0.7645324280980983,-0.18152088353413667,2026-05-20,-0.1887550200803213,15.20931553785769,0.03981593826656008,15.84,16.062961530751707,0.35352310725136654,15.79248,15.887519999999999,False,win_rate_lt_55;avg_return_not_positive;profit_factor_lt_1_2;stop_risk_gt_expected_reward,8.073135169889404,False,0.0,,,观察,观察,-22.770657703503275,False,attack_checks_failed
000538.SZ,云南白药,中药Ⅱ,,2026-07-06,49.28,0.0086,514208662.67,0.59,0.89,-10799808.0,0.0048859375,0.6875,11691117380.06,0.733944954128442,0.26605504587155804,120,0.325,-0.00540568573825423,-0.005508152392680575,0.42734221042861587,-0.4903688102435668,-0.04608694469628286,2026-03-19,-0.06205533596837942,48.048,0.025,49.28,49.35139504343045,0.057950522264981034,49.13216,49.427839999999996,False,win_rate_lt_55;avg_return_not_positive;profit_factor_lt_1_2;stop_risk_gt_expected_reward,8.051612430178704,False,0.0,,,观察,观察,-5.191270995662903,False,attack_checks_failed
688709.SH,成都华微,半导体,,2026-07-06,36.38,0.0036,306005664.0,3.85,0.88,-24859353.0,-0.005337931034482758,0.3850574712643678,516206970979.27,0.7414965986394563,0.2585034013605437,120,0.4166666666666667,-0.010531415868740972,-0.00989100554007619,0.6391043662556436,-0.8038573526218027,-0.1374454912856782,2026-05-26,-0.19976771196283383,34.65641071162633,0.047377385606753114,36.38,36.787848364106985,0.23662734901991425,36.27086,36.48914,False,win_rate_lt_55;avg_return_not_positive;profit_factor_lt_1_2;stop_risk_gt_expected_reward,8.004979790770179,False,0.0,,,观察,观察,-21.220535045538774,False,attack_checks_failed
002550.SZ,千红制药,化学制药,,2026-07-06,6.93,0.0132,312692857.12,4.8,0.88,-14617855.0,0.0073,0.66,81207334931.26,0.5897435897435891,0.41025641025641096,120,0.36666666666666664,-0.006450830842804483,-0.01382955778608511,0.6634764221181081,-0.5914438824608471,-0.10726026490066234,2025-11-14,-0.12903225806451613,6.604864616817153,0.04691708271036759,6.93,6.967868113866968,0.11646875678760596,6.90921,6.950789999999999,False,win_rate_lt_55;avg_return_not_positive;profit_factor_lt_1_2;stop_risk_gt_expected_reward,7.879107220278183,False,0.0,,,观察,观察,-13.868842992826814,False,attack_checks_failed
603444.SH,吉比特,游戏Ⅱ,,2026-07-06,361.5,0.0097,554385159.0,2.13,0.55,-21331300.0,0.0037625,0.4583333333333333,12161285533.91,0.6987951807228917,0.3012048192771083,120,0.36666666666666664,-0.009587346939623332,-0.012293906276140885,0.6212447091201646,-0.7612598229879399,-0.175140194577065,2025-09-30,-0.20059454103233942,349.1381782804271,0.03419591070421268,361.5,365.024617866843,0.28512123429691716,360.4155,362.58449999999993,False,win_rate_lt_55;avg_return_not_positive;profit_factor_lt_1_2;stop_risk_gt_expected_reward,7.8651629446273645,False,0.0,,,观察,观察,-24.15578023980515,False,attack_checks_failed
600585.SH,海螺水泥,水泥,,2026-07-06,17.2,0.0034999999999999996,376618778.0,0.55,0.58,-3882373.0,0.001539130434782609,0.43478260869565216,3120838214.98,0.8888888888888845,0.11111111111111549,120,0.325,-0.009276452267569037,-0.011981523297899064,0.46559993715636466,-0.709336532341553,-0.09519093890938904,2026-03-16,-0.10016353229762875,16.75694671546621,0.025758911891499387,17.2,17.26916993348115,0.15612102628680213,17.1484,17.251599999999996,False,win_rate_lt_55;avg_return_not_positive;profit_factor_lt_1_2;stop_risk_gt_expected_reward,7.839503990069677,False,0.0,,,观察,观察,-13.889873317219742,False,attack_checks_failed
000513.SZ,丽珠集团,化学制药,,2026-07-06,31.19,0.0263,329614884.06,1.87,1.37,29937843.0,0.0073,0.66,81207334931.26,0.942622950819672,0.05737704918032799,120,0.3,-0.010982846784554422,-0.011630948121645644,0.29843901813587353,-0.7463220495925271,-0.06591262339216278,2026-03-16,-0.0844155844155845,30.374003645044265,0.02616211461865138,31.19,31.19,0.0,31.09643,31.283569999999997,False,win_rate_lt_55;avg_return_not_positive;profit_factor_lt_1_2;stop_risk_gt_expected_reward,7.76267886019307,False,0.0,,,观察,观察,-13.693851531468912,False,attack_checks_failed
600562.SH,国睿科技,军工电子Ⅱ,,2026-07-06,23.82,0.054900000000000004,658968535.0,2.26,1.94,43746573.0,-0.026903225806451613,0.1774193548387097,46435263402.72,0.7237569060773479,0.2762430939226521,120,0.4083333333333333,-0.01105196524220569,-0.015584813423057429,0.6449776804085929,-0.8047091464515443,-0.141706976744186,2025-10-10,-0.1424418604651162,22.866660835832185,0.04002263493567658,23.82,24.256621768969424,0.4579920613568424,23.748540000000002,23.89146,False,win_rate_lt_55;avg_return_not_positive;profit_factor_lt_1_2;stop_risk_gt_expected_reward,7.6993510535898935,False,0.0,,,观察,观察,-17.82582791993182,False,attack_checks_failed
601633.SH,长城汽车,乘用车,,2026-07-06,15.77,0.026000000000000002,365293747.0,0.38,0.94,9940128.0,-0.006137499999999999,0.375,8444482166.83,0.8500000000000002,0.14999999999999986,120,0.35833333333333334,-0.010482596624021762,-0.011411844378060951,0.41978867330182174,-0.7389231139271044,-0.14577592067988668,2026-06-18,-0.14447592067988668,15.227598021163248,0.03439454526548834,15.77,15.813866346938775,0.08087423838838706,15.72269,15.817309999999997,False,win_rate_lt_55;avg_return_not_positive;profit_factor_lt_1_2;stop_risk_gt_expected_reward,7.5892997762313605,False,0.0,,,观察,观察,-20.679072400873913,False,attack_checks_failed
002311.SZ,海大集团,饲料,,2026-07-06,47.16,0.039,679118147.62,0.89,1.13,6817811.0,0.011993333333333332,0.7333333333333333,2500906996.65,0.8874458874458854,0.11255411255411465,120,0.35833333333333334,-0.01560536748257711,-0.014984167762741227,0.32891512681274915,-0.8597312382805469,-0.10334802259887002,2026-03-16,-0.11546610169491522,45.62834117577716,0.03247792248140032,47.16,47.42399090343119,0.17235620573997254,47.018519999999995,47.30147999999999,False,win_rate_lt_55;avg_return_not_positive;profit_factor_lt_1_2;stop_risk_gt_expected_reward,7.556776770065138,False,0.0,,,观察,观察,-18.4692324106108,False,attack_checks_failed
600048.SH,保利发展,房地产开发,,2026-07-06,4.76,0.0171,588267972.0,1.04,0.73,30116001.0,0.004330487804878049,0.4878048780487805,14926127400.36,0.8461538461538425,0.15384615384615752,120,0.325,-0.012660410544359835,-0.021524527618601217,0.48614575145414934,-0.8197364117453669,-0.08528133748055991,2026-03-16,-0.09582689335394123,4.630491503900063,0.02720766724788582,4.76,4.784275999999999,0.18744716162302588,4.7457199999999995,4.774279999999999,False,win_rate_lt_55;avg_return_not_positive;profit_factor_lt_1_2;stop_risk_gt_expected_reward,7.465762336524936,False,0.0,,,观察,观察,-15.493526311614843,False,attack_checks_failed
688068.SH,热景生物,医疗器械,,2026-07-06,135.0,0.0978,1289900139.0,10.4,1.42,65810196.0,-0.0022519685039370076,0.47244094488188976,24932658260.82,0.6801849875489148,0.3198150124510852,120,0.4166666666666667,-0.018868720129205332,-0.02510526826609891,0.604032116730519,-0.945030311461046,-0.1946537940522806,2026-01-14,-0.26291403785488965,126.22500000000001,0.065,135.0,137.36253339517629,0.2692345749488643,134.595,135.40499999999997,False,win_rate_lt_55;avg_return_not_positive;profit_factor_lt_1_2;stop_risk_gt_expected_reward,7.378815078620963,False,0.0,,,观察,观察,-32.346205780265784,False,attack_checks_failed
688197.SH,首药控股-U,化学制药,,2026-07-06,43.0,0.1467,429065079.0,15.47,3.99,25190522.0,0.0073,0.66,81207334931.26,0.75,0.25,120,0.35,-0.014165144096349077,-0.01660106310595214,0.582803075209947,-0.8813385315406207,-0.1348833138036091,2026-05-21,-0.1741159135559921,40.377874456994576,0.06097966379082377,43.0,43.45184907749078,0.17232167952297137,42.871,43.129,False,win_rate_lt_55;avg_return_not_positive;profit_factor_lt_1_2;stop_risk_gt_expected_reward,7.188112077576626,False,0.0,,,观察,观察,-23.929361423262538,False,attack_checks_failed
002124.SZ,天邦食品,养殖业,,2026-07-06,2.42,0.0661,345174295.2,7.34,1.18,20663668.0,0.032104347826086954,0.9130434782608695,11120784873.9,0.8124999999999987,0.1875000000000014,120,0.325,-0.01718175182360837,-0.014499072732541283,0.40781184490933464,-0.9207032992003592,-0.18757450980392146,2026-04-20,-0.20394736842105265,2.3140072410745347,0.04379866071300211,2.42,2.425783889298893,0.0545687210855666,2.41274,2.4272599999999995,False,win_rate_lt_55;avg_return_not_positive;profit_factor_lt_1_2;stop_risk_gt_expected_reward,7.177387971547994,False,0.0,,,观察,观察,-31.996875783728903,False,attack_checks_failed
002385.SZ,大北农,饲料,,2026-07-06,2.97,0.0241,316635608.52,3.09,0.94,512425.0,0.011993333333333332,0.7333333333333333,2500906996.65,0.6666666666666683,0.3333333333333317,120,0.35,-0.009663064930158742,-0.0062876552423242514,0.44322460476102893,-0.7104021864821354,-0.11881152073732718,2026-03-16,-0.12211981566820274,2.879404430556424,0.030503558735210795,2.97,2.9735270597014933,0.03893192264429687,2.96109,2.97891,False,win_rate_lt_55;avg_return_not_positive;profit_factor_lt_1_2;stop_risk_gt_expected_reward,7.008095868951347,False,0.0,,,观察,观察,-18.32271853226785,False,attack_checks_failed
002940.SZ,昂利康,化学制药,,2026-07-06,30.4,0.0361,839581631.76,14.96,1.33,85535541.0,0.0073,0.66,81207334931.26,0.4983498349834975,0.5016501650165025,120,0.39166666666666666,-0.015266395189735433,-0.017832111579706243,0.6542637541249312,-0.9245090788914494,-0.22437692307692306,2026-05-21,-0.24615384615384617,28.79353485294359,0.052844248258434506,30.4,30.96829581338988,0.35375545770861855,30.308799999999998,30.491199999999996,False,win_rate_lt_55;avg_return_not_positive;profit_factor_lt_1_2;stop_risk_gt_expected_reward;weak_tail_position,6.869475162331874,False,0.0,,,观察,观察,-33.80746696663266,False,attack_checks_failed
300474.SZ,景嘉微,军工电子Ⅱ,,2026-07-06,58.09,0.015,850506861.95,3.62,0.72,55293854.0,-0.026903225806451613,0.1774193548387097,46435263402.72,0.5795454545454548,0.42045454545454514,120,0.4166666666666667,-0.01033534064417253,-0.009014427744782925,0.5882869309947569,-0.7682296244928792,-0.15700469798657715,2026-05-25,-0.15704697986577176,55.52825331558404,0.04409961584465426,58.09,58.72439826804627,0.24764285708089387,57.91573,58.264269999999996,False,win_rate_lt_55;avg_return_not_positive;profit_factor_lt_1_2;stop_risk_gt_expected_reward,6.804863525001032,False,0.0,,,观察,观察,-21.161664482459784,False,attack_checks_failed
601799.SH,星宇股份,汽车零部件,,2026-07-06,102.26,0.0194,463762098.0,1.59,0.49,41853907.0,-0.017244398340248962,0.24896265560165975,88060367382.52,0.6799276672694402,0.3200723327305598,120,0.35833333333333334,-0.010378557474702656,-0.013902329325306693,0.6237301481929881,-0.7849357876260217,-0.19828715108551168,2026-06-23,-0.22658396101019052,97.76344737540828,0.04397176437112975,102.26,102.61602160428689,0.07917656792001061,101.95322,102.56678,False,win_rate_lt_55;avg_return_not_positive;profit_factor_lt_1_2;stop_risk_gt_expected_reward,6.6302800096230925,False,0.0,,,观察,观察,-29.527080908720407,False,attack_checks_failed
002027.SZ,分众传媒,广告营销,,2026-07-06,5.06,0.0327,1245112334.27,1.73,1.18,50020080.0,-0.03129,0.1,14432638844.33,0.9545454545454516,0.04545454545454839,120,0.35,-0.013716134714323204,-0.012183677655367795,0.36810868142120523,-0.822805979015445,-0.0816738317757009,2026-06-15,-0.09724770642201841,4.921577665012363,0.027356192685303787,5.06,5.073085212435233,0.0945310772022586,5.04482,5.075179999999999,False,win_rate_lt_55;avg_return_not_positive;profit_factor_lt_1_2;stop_risk_gt_expected_reward,6.483442085815824,False,0.0,,,观察,观察,-15.397838638919985,False,attack_checks_failed
300768.SZ,迪普科技,软件开发,,2026-07-06,15.63,0.0633,303025344.2,4.71,2.07,34035547.0,-0.018426356589147284,0.15503875968992248,43989997360.36,0.6095238095238101,0.3904761904761898,120,0.375,-0.010153091121532612,-0.017231189098410902,0.6308509860351881,-0.7741210778021106,-0.10490934182590242,2025-11-04,-0.13053479010925828,14.954512995846715,0.04321733871742075,15.63,15.8112402028136,0.2683104215169666,15.583110000000001,15.676889999999998,False,win_rate_lt_55;avg_return_not_positive;profit_factor_lt_1_2;stop_risk_gt_expected_reward,6.418681067072484,False,0.0,,,观察,观察,-16.460657960458814,False,attack_checks_failed
300486.SZ,东杰智能,自动化设备,,2026-07-06,22.98,0.0431,610447796.59,5.61,1.46,51854375.0,-0.03055375,0.1625,82664755514.05,0.5492227979274605,0.45077720207253946,120,0.38333333333333336,-0.00877528577330377,-0.02143312489919472,0.7678322089591829,-0.8893297555419386,-0.20098615143193413,2025-09-25,-0.23064043532858947,21.936724403585895,0.045399286179900133,22.98,23.390168553191486,0.3931545553267968,22.91106,23.048939999999998,False,win_rate_lt_55;avg_return_not_positive;profit_factor_lt_1_2;stop_risk_gt_expected_reward,6.3130266369074555,False,0.0,,,观察,观察,-29.138210272229863,False,attack_checks_failed
002262.SZ,恩华药业,化学制药,,2026-07-06,20.45,0.0235,403725359.08,2.23,1.24,52670510.0,0.0073,0.66,81207334931.26,0.676767676767676,0.32323232323232404,120,0.3333333333333333,-0.012729399922329564,-0.012894185117558164,0.3644442986662667,-0.8068887482773597,-0.07612078853046603,2026-03-16,-0.09438528557599224,19.827827569244107,0.030424079743564425,20.45,20.5010732278481,0.08208854221658708,20.38865,20.511349999999997,False,win_rate_lt_55;avg_return_not_positive;profit_factor_lt_1_2;stop_risk_gt_expected_reward,6.264364404243548,False,0.0,,,观察,观察,-16.22156947535673,False,attack_checks_failed
000521.SZ,长虹美菱,白色家电,,2026-07-06,6.14,0.044199999999999996,323792683.9,6.18,0.97,-2134292.0,0.00221,0.5,8547042819.51,0.6615384615384607,0.33846153846153926,120,0.38333333333333336,-0.011169581207947291,-0.006395785440613065,0.34734811510505614,-0.7842025090055242,-0.10293934426229492,2026-04-01,-0.12295081967213117,5.861894362803616,0.045294077719280755,6.14,6.170940345483359,0.1112539314027336,6.12158,6.158419999999999,False,win_rate_lt_55;avg_return_not_positive;profit_factor_lt_1_2;stop_risk_gt_expected_reward,6.191997292080316,False,0.0,,,观察,观察,-17.73018940922152,False,attack_checks_failed
688036.SH,传音控股,消费电子,,2026-07-06,60.6,0.005600000000000001,993836339.0,1.43,0.84,-6159434.0,-0.024791011235955056,0.24719101123595505,92830893530.03,0.7062146892655383,0.2937853107344617,120,0.39166666666666666,-0.013475051097930742,-0.016670653325110116,0.5760665254051676,-0.8904381855122708,-0.15310840664711636,2025-09-25,-0.16060279870828853,57.743069328075144,0.04714407049380953,60.6,61.80226621999283,0.4208244294506476,60.4182,60.7818,False,win_rate_lt_55;avg_return_not_positive;profit_factor_lt_1_2;stop_risk_gt_expected_reward,5.845642378466978,False,0.0,,,观察,观察,-22.350169567000723,False,attack_checks_failed
688271.SH,联影医疗,医疗器械,,2026-07-06,106.75,0.0173,1006297877.0,1.15,1.09,-28457626.0,-0.0022519685039370076,0.47244094488188976,24932658260.82,0.7814569536423853,0.2185430463576147,120,0.325,-0.013597622663507138,-0.014338196373254761,0.4347134461026498,-0.8363359724249421,-0.0961260639237154,2026-06-15,-0.12997719698298538,103.42428655869367,0.031154224274532367,106.75,107.04049005817933,0.08734668915588686,106.42975,107.07024999999999,False,win_rate_lt_55;avg_return_not_positive;profit_factor_lt_1_2;stop_risk_gt_expected_reward,5.590749473494551,False,0.0,,,观察,观察,-19.408098214307092,False,attack_checks_failed
603369.SH,今世缘,白酒Ⅱ,,2026-07-06,25.58,0.0195,431084208.0,1.36,0.82,11517683.0,0.004989473684210526,0.631578947368421,12721713336.77,0.8041237113402047,0.19587628865979537,120,0.325,-0.014315915927615353,-0.015200653418595365,0.3727739313694689,-0.8381576679237771,-0.13774397313538347,2026-06-03,-0.14457405443619653,24.535366919530514,0.040837884302950885,25.58,25.594630687383,0.014005575408760698,25.503259999999997,25.656739999999996,False,win_rate_lt_55;avg_return_not_positive;profit_factor_lt_1_2;stop_risk_gt_expected_reward,5.584725894049164,False,0.0,,,观察,观察,-24.04849143463403,False,attack_checks_failed
601766.SH,中国中车,轨交设备Ⅱ,,2026-07-06,5.44,0.0149,1023528569.0,0.78,0.87,-107906312.0,-0.015196666666666666,0.2,5257546222.77,0.7692307692307739,0.23076923076922604,120,0.35833333333333334,-0.010925983347250407,-0.010011610036187366,0.3553155399681872,-0.743733005622261,-0.08171958041958041,2026-06-16,-0.09700176366843027,5.304,0.025,5.44,5.456614502177069,0.12216545718432985,5.42368,5.45632,False,win_rate_lt_55;avg_return_not_positive;profit_factor_lt_1_2;stop_risk_gt_expected_reward,5.304777261478851,False,0.0,,,观察,观察,-14.011899677659867,False,attack_checks_failed
600009.SH,上海机场,航空机场,,2026-07-06,23.25,0.0144,301584210.0,0.63,0.84,-12497540.0,0.010523076923076923,0.8461538461538461,4101239383.8,0.671874999999999,0.32812500000000105,120,0.30833333333333335,-0.009195361799055165,-0.006727847943957065,0.3894318766064502,-0.7328043398775903,-0.07575077298616753,2026-06-01,-0.07834416695176183,22.66875,0.025,23.25,23.2543603477129,0.007501673484563258,23.18025,23.31975,False,win_rate_lt_55;avg_return_not_positive;profit_factor_lt_1_2;stop_risk_gt_expected_reward,5.187926981814229,False,0.0,,,观察,观察,-14.680393540636784,False,attack_checks_failed
605499.SH,东鹏饮料,饮料乳品,,2026-07-06,127.9,0.0123,882741912.0,1.02,0.6,4859464.0,0.012361538461538462,0.6923076923076923,4520170440.1,0.6615905245346876,0.3384094754653124,120,0.375,-0.018704888924175097,-0.016920675088751422,0.3704701649410594,-0.9113524385416392,-0.13407601614298073,2026-03-30,-0.13578463558765597,122.94309640962048,0.03875608749319416,127.9,129.4367830948799,0.3100288449956017,127.5163,128.28369999999998,False,win_rate_lt_55;avg_return_not_positive;profit_factor_lt_1_2;stop_risk_gt_expected_reward,5.169160384167505,False,0.0,,,观察,观察,-22.787027333399873,False,attack_checks_failed
002773.SZ,康弘药业,生物制品,,2026-07-06,23.31,0.0434,563395838.47,3.51,1.34,56824119.0,0.010759259259259258,0.7962962962962963,21887347204.38,0.6778846153846149,0.32211538461538514,120,0.2916666666666667,-0.014998238298142052,-0.021604001439409135,0.4598988745527089,-0.8947959429620941,-0.11169794608472408,2026-05-11,-0.1172106824925816,22.29396887876989,0.043587778688550294,23.31,23.31,0.0,23.24007,23.379929999999995,False,win_rate_lt_55;avg_return_not_positive;profit_factor_lt_1_2;stop_risk_gt_expected_reward,4.833493007637291,False,0.0,,,观察,观察,-23.327398665119713,False,attack_checks_failed
002148.SZ,北纬科技,通信服务,,2026-07-06,6.99,0.0655,481801767.42,15.6,4.63,-4345736.0,-0.027620512820512817,0.20512820512820512,15770206470.87,0.7222222222222232,0.2777777777777768,120,0.39166666666666666,-0.012935971172511168,-0.012289615477500158,0.4389059697510215,-0.8183330365257022,-0.11768591117917318,2026-06-22,-0.13935681470137828,6.689683956845281,0.04296366854860079,6.99,7.039714261829652,0.16553981368234927,6.96903,7.0109699999999995,False,win_rate_lt_55;avg_return_not_positive;profit_factor_lt_1_2;stop_risk_gt_expected_reward,4.623120222764426,False,0.0,,,观察,观察,-19.390907571924195,False,attack_checks_failed
300765.SZ,石药创新,化学制药,,2026-07-06,36.73,0.0005,1363004885.06,2.62,1.29,85716102.0,0.0073,0.66,81207334931.26,0.47138964577656567,0.5286103542234343,120,0.375,-0.020082674998156934,-0.04138988518474394,0.5818402912048662,-0.9602481632496551,-0.24956539462272323,2026-01-29,-0.2519514310494362,34.342549999999996,0.065,36.73,37.27768329497774,0.2294009487016468,36.619809999999994,36.84018999999999,False,win_rate_lt_55;avg_return_not_positive;profit_factor_lt_1_2;stop_risk_gt_expected_reward;weak_tail_position,4.51970467140211,False,0.0,,,观察,观察,-39.00316342564308,False,attack_checks_failed
002249.SZ,大洋电机,电机Ⅱ,,2026-07-06,8.67,0.0408,1505797638.41,9.42,3.17,41106903.0,-0.033292,0.12,14307400951.31,0.7380952380952394,0.2619047619047606,120,0.35833333333333334,-0.016239355414085287,-0.016448448043184825,0.48453914297269884,-0.9118857253098362,-0.12934878048780488,2026-05-22,-0.15234042553191485,8.400743759438694,0.031056083109723822,8.67,8.740987064516128,0.26364129710845696,8.64399,8.69601,False,win_rate_lt_55;avg_return_not_positive;profit_factor_lt_1_2;stop_risk_gt_expected_reward,4.253661900567881,False,0.0,,,观察,观察,-22.854998650372877,False,attack_checks_failed
600104.SH,上汽集团,乘用车,,2026-07-06,10.26,0.0148,643999326.0,0.55,0.81,9675570.0,-0.006137499999999999,0.375,8444482166.83,0.9583333333333343,0.04166666666666574,120,0.26666666666666666,-0.014594922783918813,-0.014621606162769061,0.2400253428009489,-0.8527725517099534,-0.08579197860962554,2025-09-23,-0.10802139037433156,10.003499999999999,0.025,10.26,10.26,0.0,10.22922,10.290779999999998,False,win_rate_lt_55;avg_return_not_positive;profit_factor_lt_1_2;stop_risk_gt_expected_reward,4.060452646592665,False,0.0,,,观察,观察,-19.531954214249915,False,attack_checks_failed
600129.SH,太极集团,中药Ⅱ,,2026-07-06,14.32,0.0163,334350016.0,4.29,0.99,13236767.0,0.0048859375,0.6875,11691117380.06,0.7200000000000012,0.27999999999999875,120,0.325,-0.01618715491746153,-0.01703719016199626,0.2935682091496016,-0.8741792539337623,-0.09851398933017189,2026-03-16,-0.11145272867025358,13.758846988593126,0.03918666280774266,14.32,14.34911733333333,0.05188840252381568,14.27704,14.36296,False,win_rate_lt_55;avg_return_not_positive;profit_factor_lt_1_2;stop_risk_gt_expected_reward,3.7470641491793337,False,0.0,,,观察,观察,-20.824899872679406,False,attack_checks_failed
688192.SH,迪哲医药-U,化学制药,,2026-07-06,49.5,0.021,705196450.0,3.06,1.27,47753704.0,0.0073,0.66,81207334931.26,0.5199306759098784,0.4800693240901216,120,0.36666666666666664,-0.0201279753386069,-0.016221944466329772,0.4857789774001687,-0.9509942353859561,-0.2901528723212678,2026-05-29,-0.29083378354042855,46.556374652581084,0.059467178735735676,49.5,50.18040157452764,0.23114408058900857,49.3515,49.64849999999999,False,win_rate_lt_55;avg_return_not_positive;profit_factor_lt_1_2;stop_risk_gt_expected_reward,3.416594783963662,False,0.0,,,观察,观察,-43.72840531666145,False,attack_checks_failed
600415.SH,小商品城,一般零售,,2026-07-06,10.62,0.0,464740164.0,0.8,0.54,-11563329.0,-0.005606896551724138,0.41379310344827586,6104679137.4800005,0.8461538461538425,0.15384615384615752,120,0.2916666666666667,-0.016099581968275486,-0.018564504512433442,0.4520248322153637,-0.8990040692376369,-0.1449597110754415,2026-06-01,-0.14802631578947378,10.238886068814319,0.03588643419827494,10.62,10.62,0.0,10.58814,10.651859999999997,False,win_rate_lt_55;avg_return_not_positive;profit_factor_lt_1_2;stop_risk_gt_expected_reward,3.3845298480616925,False,0.0,,,观察,观察,-26.62270432970955,False,attack_checks_failed
000963.SZ,华东医药,化学制药,,2026-07-06,30.44,0.013000000000000001,1053722904.21,1.96,0.97,33140500.0,0.0073,0.66,81207334931.26,0.5460526315789488,0.45394736842105127,120,0.275,-0.01446671228925161,-0.01699750012304749,0.34954048167109053,-0.8385476838272545,-0.11234313245640862,2026-05-13,-0.11899663505659219,29.220126307049565,0.040074694249357334,30.44,30.44,0.0,30.34868,30.531319999999997,False,win_rate_lt_55;avg_return_not_positive;profit_factor_lt_1_2;stop_risk_gt_expected_reward,2.5244319778460707,False,0.0,,,观察,观察,-23.46959815168725,False,attack_checks_failed
000858.SZ,五 粮 液,白酒Ⅱ,,2026-07-06,73.76,0.0075,2548673274.84,0.89,0.83,74380486.0,0.004989473684210526,0.631578947368421,12721713336.77,0.5803108808290202,0.4196891191709799,120,0.2,-0.015594023986610587,-0.01558105180846173,0.18555649307247776,-0.8580738955991367,-0.09027007998420059,2026-04-24,-0.11029920015799355,71.88582549721815,0.025409090330556657,73.76,73.76,0.0,73.53872,73.98128,False,win_rate_lt_55;avg_return_not_positive;profit_factor_lt_1_2;stop_risk_gt_expected_reward,1.6014342124583418,False,0.0,,,观察,观察,-23.549608045007844,False,attack_checks_failed
600809.SH,山西汾酒,白酒Ⅱ,,2026-07-06,111.74,0.022799999999999997,1311738912.0,0.96,0.93,35640570.0,0.004989473684210526,0.631578947368421,12721713336.77,0.7337278106508863,0.26627218934911373,120,0.23333333333333334,-0.018562389687429022,-0.018102084452816556,0.25436795918563154,-0.9050568417240956,-0.08597471495640499,2026-06-15,-0.11308411214953273,107.60706005624387,0.03698711243740934,111.74,111.74,0.0,111.40477999999999,112.07521999999999,False,win_rate_lt_55;avg_return_not_positive;profit_factor_lt_1_2;stop_risk_gt_expected_reward,1.4963845706099725,False,0.0,,,观察,观察,-23.071547538049032,False,attack_checks_failed
688062.SH,迈威生物-U,化学制药,,2026-07-06,33.88,0.056799999999999996,775249469.0,9.77,1.49,29722041.0,0.0073,0.66,81207334931.26,0.46530612244897995,0.53469387755102,120,0.31666666666666665,-0.019718094374711764,-0.02898377001455602,0.46505264226143567,-0.9371220531571507,-0.14829470569915906,2026-05-27,-0.1613204609156026,31.89664203969864,0.05854067179165773,33.88,34.07235702827764,0.09698553268135718,33.77836,33.98164,False,win_rate_lt_55;avg_return_not_positive;profit_factor_lt_1_2;stop_risk_gt_expected_reward;weak_tail_position,1.2421997618598368,False,0.0,,,观察,观察,-29.25633473286041,False,attack_checks_failed
300204.SZ,舒泰神,化学制药,,2026-07-06,25.35,0.0493,1810012672.3,15.62,1.18,86202004.0,0.0073,0.66,81207334931.26,0.4786324786324791,0.521367521367521,120,0.31666666666666665,-0.02540050463386421,-0.03629560788542583,0.474986357125394,-0.9709080399366842,-0.18908625954198457,2025-11-14,-0.20407601211787396,23.702250000000003,0.065,25.35,25.38216426605505,0.019520112914609866,25.273950000000003,25.42605,False,win_rate_lt_55;avg_return_not_positive;profit_factor_lt_1_2;stop_risk_gt_expected_reward;weak_tail_position,1.0713634328087487,False,0.0,,,观察,观察,-36.177538305146356,False,attack_checks_failed
603590.SH,康辰药业,生物制品,,2026-07-06,33.21,0.0473,302729092.0,5.69,2.07,46783282.0,0.010759259259259258,0.7962962962962963,21887347204.38,0.5059171597633135,0.4940828402366865,120,0.30833333333333335,-0.02199824119196536,-0.02516745166654436,0.3427852806451104,-0.9550410900046575,-0.11770058055152402,2026-05-29,-0.14498141263940512,31.778092956489047,0.043116743255373534,33.21,33.25864342244954,0.033971075615545056,33.11037,33.30963,False,win_rate_lt_55;avg_return_not_positive;profit_factor_lt_1_2;stop_risk_gt_expected_reward,0.8411470943091253,False,0.0,,,观察,观察,-27.522304473048955,False,attack_checks_failed
000568.SZ,泸州老窖,白酒Ⅱ,,2026-07-06,78.23,0.013300000000000001,1050464069.76,0.91,0.84,36664470.0,0.004989473684210526,0.631578947368421,12721713336.77,0.6625514403292199,0.33744855967078013,120,0.225,-0.01755812064957658,-0.021341983180488276,0.3064192725001512,-0.8957283490234559,-0.07973137254901955,2026-02-05,-0.09720684139288782,76.0089316098211,0.028391517195179655,78.23,78.23,0.0,77.99531,78.46468999999999,False,win_rate_lt_55;avg_return_not_positive;profit_factor_lt_1_2;stop_risk_gt_expected_reward,0.7797344321656237,False,0.0,,,观察,观察,-22.038310377904747,False,attack_checks_failed
300760.SZ,迈瑞医疗,医疗器械,,2026-07-06,140.6,0.0040999999999999995,1735279183.51,1.02,0.97,-54468305.0,-0.0022519685039370076,0.47244094488188976,24932658260.82,0.55180722891566,0.44819277108434,120,0.26666666666666666,-0.017466581939596038,-0.017001352653748723,0.3014027690845237,-0.8997870075135574,-0.08272046988927897,2025-10-28,-0.09341896186440668,136.18587039721157,0.03139494738825328,140.6,140.6,0.0,140.1782,141.02179999999998,False,win_rate_lt_55;avg_return_not_positive;profit_factor_lt_1_2;stop_risk_gt_expected_reward,0.7192531327742344,False,0.0,,,观察,观察,-21.92561685205654,False,attack_checks_failed
600436.SH,片仔癀,中药Ⅱ,,2026-07-06,114.95,0.0066,569825507.0,0.83,0.75,-4414242.0,0.0048859375,0.6875,11691117380.06,0.7704402515723263,0.2295597484276737,120,0.24166666666666667,-0.017867276243243146,-0.015100494167988563,0.17789444956233894,-0.8903213237329566,-0.08752563582349096,2026-05-14,-0.08847184986595169,111.28052422402743,0.03192236429728202,114.95,114.95,0.0,114.60515000000001,115.29485,False,win_rate_lt_55;avg_return_not_positive;profit_factor_lt_1_2;stop_risk_gt_expected_reward,0.5805803325447201,False,0.0,,,观察,观察,-21.628773756478445,False,attack_checks_failed
