secucode,name,industry,quote_time,latest_date,price,pct,amount,turnover,volume_ratio,main_net,industry_avg_pct,industry_adv_ratio,industry_amount,close_pos,upper_shadow,samples,win_rate,avg_return,median_return,profit_factor,max_drawdown,worst_return,worst_sample_date,worst_hold_drawdown,stop_loss,stop_risk,target_low,target_high,reward_risk,buy_low,buy_high,formal,reject_reason,score,rechecked,recheck_price,recheck_time,recheck_reject_reason,risk_tier,action_tier,attack_mode_score,attack_mode_preferred,attack_mode_reason
600176.SH,中国巨石,玻璃玻纤,,2026-07-03,70.62,0.041299999999999996,16208290366.0,5.69,1.09,1322376480.0,-0.00033333333333333365,0.5333333333333333,39043545970.12,0.5621562156215628,0.43784378437843724,120,0.6666666666666666,0.052075267340132174,0.03208022707036314,4.362868708923998,-0.24843507773440154,-0.11722550361079423,2026-03-12,-0.14217884463202302,66.0297,0.065,72.88550563570904,76.68171111026616,1.3205479184946876,70.40814,70.83185999999999,True,,81.3775697753365,True,70.62,,,核心,正式核心,22.170124302631336,False,attack_checks_failed
002384.SZ,东山精密,元件,,2026-07-03,231.68,0.0451,27109932527.64,8.74,1.75,1514531328.0,0.0022508196721311474,0.4918032786885246,164084358066.68,0.7198959687906376,0.2801040312093624,120,0.575,0.03295717473187263,0.009009121124670862,2.289864983011731,-0.33037597126380025,-0.1975291515591008,2026-06-25,-0.1962291515591008,216.62080000000003,0.065,233.76723318216372,249.74813489626266,1.1998070877777476,230.98496,232.37503999999998,False,,79.97951758237544,True,231.68,,,进取,进取研究,3.30308161497397,False,attack_checks_failed
688766.SH,普冉股份,半导体,,2026-07-03,815.7,0.0397,8107898159.0,6.65,1.18,-173351728.0,-0.023851744186046513,0.2441860465116279,504819466583.53,0.6145122979082066,0.38548770209179334,120,0.6666666666666666,0.08240103530541691,0.03903524525302789,4.373499801278104,-0.2885426923501123,-0.21104710890837455,2025-11-17,-0.23827678231033167,762.6795000000001,0.065,847.5410495528948,933.4897408242721,2.2215886463589,813.2529000000001,818.1470999999999,False,,76.74223199791014,True,815.7,,,进取,进取研究,21.45204433392049,False,attack_checks_failed
688257.SH,新锐股份,通用设备,,2026-07-03,110.22,0.0159,2491065917.0,6.46,1.1,-62243904.0,0.024774545454545455,0.7227272727272728,116562527662.72,0.6044117647058825,0.39558823529411746,120,0.6916666666666667,0.06667335724129933,0.04955510793545522,4.9117627612504595,-0.26974445053647456,-0.20009518072289148,2026-03-16,-0.21517319277108438,103.0557,0.065,115.68196399664588,122.3419221756245,1.6919897513538673,109.88934,110.55066,False,,69.84635415434637,True,110.22,,,进取,进取研究,18.872940952159333,False,attack_checks_failed
688525.SH,佰维存储,半导体,,2026-07-03,427.58,0.021,15419403360.0,7.66,0.97,-203075072.0,-0.023851744186046513,0.2441860465116279,504819466583.53,0.5793374019180468,0.4206625980819532,120,0.65,0.04993485922457741,0.040846772057545576,3.230801563865942,-0.3836896559162398,-0.21728369934344574,2025-11-17,-0.24684929439287595,399.7873,0.065,445.04526279636536,462.7399369151005,1.2650781289727353,426.29726,428.8627399999999,False,,69.07731024890009,True,427.58,,,进取,进取研究,4.039986026783572,False,attack_checks_failed
600667.SH,太极实业,工程咨询服务Ⅱ,,2026-07-03,29.87,0.0339,11423630863.0,18.75,0.9,258268368.0,0.01384390243902439,0.7804878048780488,14869620291.9,0.7041884816753929,0.29581151832460706,120,0.6666666666666666,0.04478770705476131,0.038069913860748726,2.959541435921683,-0.3992676647703407,-0.17603118279569888,2026-01-30,-0.1982758620689654,27.92845,0.065,31.007148327020566,32.50791034419552,1.3586620711264277,29.78039,29.959609999999998,False,,64.93753600702904,True,29.87,,,进取,进取研究,9.466174697862716,False,attack_checks_failed
301308.SZ,江波龙,半导体,,2026-07-03,619.0,0.033,12315200686.78,7.12,0.96,-125129632.0,-0.023851744186046513,0.2441860465116279,504819466583.53,0.6171821305841921,0.38281786941580787,120,0.5916666666666667,0.04125400569904783,0.022252994176199938,2.4786390249152856,-0.2698858474339446,-0.1882209367656195,2026-01-28,-0.20541256887772896,578.765,0.065,632.7746033950677,670.971988819719,1.291710918844761,617.143,620.857,False,,59.2835662459006,True,619.0,,,进取,进取研究,6.901335482681564,False,attack_checks_failed
300604.SZ,长川科技,半导体,,2026-07-03,302.6,0.0038,9999651114.53,6.82,1.01,-462172080.0,-0.023851744186046513,0.2441860465116279,504819466583.53,0.6100698272693875,0.3899301727306124,120,0.6,0.04602703734310527,0.03260392032661271,3.328863118764646,-0.3517470561989102,-0.18024312222670438,2026-05-25,-0.18059701492537317,282.9702853156934,0.06487017410544155,312.465946290833,331.86734541166004,1.4909715134605812,301.6922,303.5078,False,,59.07934630897622,True,302.6,,,进取,进取研究,10.941090837035082,False,attack_checks_failed
603588.SH,高能环境,环境治理,,2026-07-03,19.78,0.0493,2514105881.0,8.38,1.25,123794000.0,0.013590476190476191,0.7333333333333333,15391047699.97,0.6198347107438021,0.38016528925619786,120,0.65,0.0492976326703944,0.043604740057114864,3.52341057482916,-0.28020915240073907,-0.18277448015122869,2026-03-16,-0.19407687460617518,18.607052113501222,0.059299690925115195,20.642501758329733,21.536927975308643,1.4978738574251838,19.720660000000002,19.83934,False,,56.786604518224706,True,19.78,,,进取,进取研究,13.54846136556999,False,attack_checks_failed
002463.SZ,沪电股份,元件,,2026-07-03,135.72,0.039900000000000005,11440051278.11,4.4,1.03,901720512.0,0.0022508196721311474,0.4918032786885246,164084358066.68,0.6538205980066443,0.34617940199335573,120,0.5666666666666667,0.03099409687414369,0.015373458991339652,2.5843364770876045,-0.31570784077894354,-0.12017628009964024,2025-10-10,-0.13374441845630447,126.8982,0.065,137.8064858543046,145.17288997556167,1.0715375519238364,135.31284,136.12715999999998,False,,56.53768516744155,False,0.0,,,进取,进取研究,11.094606324768867,False,attack_checks_failed
002281.SZ,光迅科技,通信设备,,2026-07-03,217.93,-0.0012,8509083315.15,4.98,0.8,308834064.0,0.0064333333333333334,0.5595238095238095,182120179812.87,0.5492716366752359,0.45072836332476407,120,0.6166666666666667,0.03483346934779629,0.01575026437992907,2.7854354141222926,-0.2461003719138296,-0.16679376577679175,2026-06-25,-0.16549376577679176,203.76455,0.065,221.36245511631793,233.48429261886326,1.0980443698479943,217.27621000000002,218.58379,False,,56.045402835381495,False,0.0,,,进取,进取研究,9.07800898745997,False,attack_checks_failed
688519.SH,南亚新材,元件,,2026-07-03,372.64,0.0556,2895479292.0,3.38,1.12,174755312.0,0.0022508196721311474,0.4918032786885246,164084358066.68,0.7732214381079535,0.22677856189204648,120,0.6,0.05685208957790522,0.05208883974900388,3.256066132222261,-0.4011902631294302,-0.19604136871851566,2025-10-13,-0.23340186237755467,348.4184,0.065,392.05038524406876,414.8491924776924,1.7426261055294634,371.52207999999996,373.75791999999996,False,,55.75773488120404,False,0.0,,,进取,进取研究,10.66683068917563,False,attack_checks_failed
688627.SH,精智达,通用设备,,2026-07-03,579.99,-0.0036,3186373925.0,7.62,0.91,-93450496.0,0.024774545454545455,0.7227272727272728,116562527662.72,0.5931949497111068,0.4068050502888933,120,0.6333333333333333,0.05164032157113666,0.02943758157782458,3.0200508501527215,-0.41891421786402316,-0.1901930163447251,2026-05-25,-0.19758346137728733,542.29065,0.065,597.0635029393225,641.509560927177,1.6318467275212163,578.25003,581.72997,False,,53.17622397745971,False,0.0,,,进取,进取研究,9.943694619995176,False,attack_checks_failed
603618.SH,杭电股份,电网设备,,2026-07-03,49.11,0.0319,2561817565.0,7.55,0.85,221240352.0,0.021565625,0.8515625,44492773293.6,0.5892018779342721,0.4107981220657279,120,0.575,0.05354213520898018,0.011468994290733305,3.0346466196356867,-0.3773363444387633,-0.1757142804016363,2026-04-07,-0.21297429620563035,45.91785,0.065,49.67324230961791,52.832675691588776,1.166196980589503,48.96267,49.257329999999996,False,,52.90520901560753,False,0.0,,,进取,进取研究,6.682514881694802,False,attack_checks_failed
688409.SH,富创精密,半导体,,2026-07-03,245.8,-0.0092,3105992402.0,4.17,0.94,64986272.0,-0.023851744186046513,0.2441860465116279,504819466583.53,0.6705767350928648,0.32942326490713525,120,0.5833333333333334,0.05595274086522803,0.02605086066014647,3.2298189597496,-0.3514130871633664,-0.18199649446494462,2026-05-25,-0.18115774907749072,229.82300000000004,0.065,252.203301550264,271.38788559067194,1.6015450704557783,245.0626,246.5374,False,,52.640318507148486,False,0.0,,,进取,进取研究,12.73111387419354,False,attack_checks_failed
301396.SZ,宏景科技,IT服务Ⅱ,,2026-07-03,292.51,0.015700000000000002,3060695277.21,7.44,0.81,-178121984.0,0.003804065040650407,0.6178861788617886,44173804339.81,0.6116468842729965,0.38835311572700343,120,0.5916666666666667,0.05198118454151913,0.026638824559497145,2.886846202632688,-0.34361110066501244,-0.2134538047862328,2026-05-22,-0.22308864390069005,273.49685,0.065,300.30212257189845,313.0887542278778,1.0823432323354027,291.63247,293.38752999999997,False,,51.048448592849056,False,0.0,,,进取,进取研究,3.2094878568179244,False,attack_checks_failed
603045.SH,福达合金,金属新材料,,2026-07-03,75.15,0.0634,1170679902.0,11.54,1.36,138744979.0,0.0015242424242424238,0.5757575757575758,26117824661.73,0.731048805815162,0.26895119418483804,120,0.5833333333333334,0.047571544682162195,0.023298941057249802,3.573505421990916,-0.38901259882048467,-0.21199587628865982,2026-06-24,-0.24226804123711343,70.26525000000001,0.065,76.90091542045232,80.80703472972974,1.1581011781011799,74.92455000000001,75.37545,False,,51.03742346172478,False,0.0,,,进取,进取研究,3.487388044227811,False,attack_checks_failed
688387.SH,信科移动-U,通信设备,,2026-07-03,21.14,0.10800000000000001,2151908698.0,5.22,1.18,48898976.0,0.0064333333333333334,0.5595238095238095,182120179812.87,0.833333333333334,0.166666666666666,120,0.6416666666666667,0.046461931185965775,0.03238281094800651,2.7410484551286953,-0.4077477324077159,-0.1842855537720707,2026-05-25,-0.2341106538637403,19.783534733354834,0.06416581204565593,21.824572623440858,22.837226624708624,1.2512127412640912,21.07658,21.203419999999998,False,,50.62401350017496,False,0.0,,,进取,进取研究,6.269624790076084,False,attack_checks_failed
688200.SH,华峰测控,半导体,,2026-07-03,463.56,0.0301,3605325740.0,3.97,1.3,-2427536.0,-0.023851744186046513,0.2441860465116279,504819466583.53,0.7127998657943297,0.2872001342056702,120,0.6416666666666667,0.03939593763535044,0.03183442779776354,2.902580504565162,-0.2614412635726493,-0.18598150619026235,2026-05-25,-0.19289242414523056,433.4286,0.065,478.3171673499313,502.0632174647256,1.277843627070951,462.16932,464.95068,False,,50.041189457585475,False,0.0,,,进取,进取研究,9.723671848115274,False,attack_checks_failed
688090.SH,瑞松科技,自动化设备,,2026-07-03,103.16,0.0582,1051382169.0,6.46,1.08,-60185843.0,0.02777,0.7,84263316202.25,0.6247086247086245,0.37529137529137546,120,0.5916666666666667,0.04079497641770058,0.02469321117833209,3.0304733471648175,-0.22935660904435995,-0.14439102815979035,2025-11-14,-0.14603798297314996,96.4546,0.065,105.70735166515672,111.78211075773325,1.2858458492756972,102.85052,103.46947999999999,False,,49.03631748854042,False,0.0,,,进取,进取研究,14.628003127116319,False,attack_checks_failed
600301.SH,华锡有色,小金属,,2026-07-03,61.89,0.0318,1041634955.0,6.21,0.92,75208175.0,-0.024070833333333333,0.375,59176327919.17,0.7707736389684818,0.22922636103151814,120,0.6416666666666667,0.04764746055699456,0.03911382556699768,3.039260019532798,-0.3778042525452999,-0.17313144777832437,2026-03-12,-0.19257703081232502,58.39082429988699,0.05653862821316879,64.31075466434149,68.00319988487584,1.747039991355223,61.70433,62.075669999999995,False,,48.59410883830473,False,0.0,,,进取,进取研究,13.826529264827464,False,attack_checks_failed
300342.SZ,天银机电,家电零部件Ⅱ,,2026-07-03,49.63,0.0855,1904737861.28,9.33,1.15,217671665.0,0.03828387096774194,0.7741935483870968,24094395447.51,0.8275000000000006,0.17249999999999943,120,0.55,0.03922478093125151,0.01921760575382622,2.2801315457522033,-0.33971659898539286,-0.19032210565754973,2026-06-12,-0.21910204081632656,46.43396979801111,0.06439714289721721,50.5837697735624,54.434618115839235,1.5033081079300572,49.48111,49.77889,False,,47.892474665078375,False,0.0,,,进取,进取研究,6.03926741104266,False,attack_checks_failed
300762.SZ,上海瀚讯,军工电子Ⅱ,,2026-07-03,46.55,0.057999999999999996,2594799037.18,8.95,1.05,154652672.0,0.02855079365079365,0.7777777777777778,43192229483.97,0.7270114942528725,0.2729885057471275,120,0.6416666666666667,0.029703202518393815,0.022968464094045484,2.2965459713954908,-0.2721820504669261,-0.20729318141037137,2026-01-14,-0.2113762784855553,43.67388313856365,0.061785539450834495,47.61918200357782,49.874707283205275,1.1559708604972703,46.410349999999994,46.68964999999999,False,,47.43105095840674,False,0.0,,,进取,进取研究,3.6885192971675895,False,attack_checks_failed
301588.SZ,美新科技,家居用品,,2026-07-03,53.15,0.0874,485410617.45,13.02,1.41,39934537.0,0.014936986301369864,0.7397260273972602,7543491073.01,0.8365853658536582,0.16341463414634183,120,0.5583333333333333,0.03327405793378354,0.016820482365333702,2.591607036999724,-0.2516008073296857,-0.14395025343953663,2026-03-10,-0.1884498480243162,49.69525,0.065,54.04400863771749,56.664757523659304,1.017369570492601,52.99055,53.30944999999999,False,,44.84195676018291,False,0.0,,,进取,进取研究,8.911361322537783,False,attack_checks_failed
688630.SH,芯碁微装,专用设备,,2026-07-03,483.94,0.0341,2586702225.0,4.07,0.93,-12322304.0,0.024452808988764042,0.7921348314606742,58842080476.52,0.685639686684073,0.314360313315927,120,0.5916666666666667,0.03249361301861762,0.021868451496171306,2.380930123625685,-0.34676389083060133,-0.18262449396995553,2025-10-29,-0.20064884688624018,452.4839,0.065,494.52301841705713,516.955461581556,1.0495726292056566,482.48818,485.39181999999994,False,,44.356245039509766,False,0.0,,,进取,进取研究,3.0729515304125394,False,attack_checks_failed
002080.SZ,中材科技,玻璃玻纤,,2026-07-03,85.17,0.0359,3958088521.3,2.75,0.71,181636128.0,-0.00033333333333333365,0.5333333333333333,39043545970.12,0.5121693121693124,0.4878306878306876,120,0.55,0.03325443163299767,0.008241872443065925,2.448653389777102,-0.38068856004436646,-0.14520243902439026,2026-03-16,-0.17536203134298745,79.63395000000001,0.065,85.87196027597592,91.32675075572519,1.1121197886083383,84.91449,85.42550999999999,False,,41.81095126646865,False,0.0,,,进取,进取研究,5.433740184999117,False,attack_checks_failed
688141.SH,杰华特,半导体,,2026-07-03,157.13,0.08960000000000001,2845345092.0,4.12,1.39,167645792.0,-0.023851744186046513,0.2441860465116279,504819466583.53,0.7450495049504948,0.2549504950495051,120,0.55,0.034026772734303094,0.02189757972913339,2.1831627958115565,-0.3322941746819472,-0.1594932347579501,2025-11-03,-0.17703058537573413,146.91655,0.065,160.57076670283874,170.24812686410633,1.2843972275877724,156.65860999999998,157.60138999999998,False,,40.895704478196805,False,0.0,,,进取,进取研究,7.303665703232852,False,attack_checks_failed
002921.SZ,联诚精密,汽车零部件,,2026-07-03,29.98,0.049699999999999994,310195476.0,8.07,0.85,-13408500.0,0.04167593360995851,0.9004149377593361,89835496839.03,0.6577181208053701,0.3422818791946299,120,0.5833333333333334,0.022893855893315163,0.021963049512042167,1.9306237895217195,-0.3369355693558441,-0.13332846975088966,2026-04-14,-0.1917910447761194,28.04308855775193,0.06460678593222394,30.638452224371026,32.24062827272727,1.1671304239410536,29.890060000000002,30.069939999999995,False,,36.440922755432226,False,0.0,,,进取,进取研究,6.053118749163527,False,attack_checks_failed
000933.SZ,神火股份,工业金属,,2026-07-03,22.02,0.04019999999999999,1620358809.1,3.28,1.38,49060701.0,0.012063793103448276,0.7068965517241379,68598255724.91,0.5443037974683547,0.45569620253164533,120,0.575,0.008416583983462463,0.011830711234612958,1.3415735032604823,-0.287613147053686,-0.16967606837606833,2026-03-16,-0.18205128205128207,21.079161646102246,0.04272653741588345,22.28051226138618,23.12935849612403,1.1791169987151606,21.95394,22.086059999999996,False,,28.951291874973972,False,0.0,,,进取,进取研究,0.8233582082236763,False,attack_checks_failed
601857.SH,中国石油,炼化及贸易,,2026-07-03,8.96,0.0159,1266567845.0,0.09,0.89,93157004.0,0.014886666666666666,0.7333333333333333,10378948578.05,0.7368421052631628,0.2631578947368372,120,0.5583333333333333,0.004342586604233199,0.008874168108588845,1.2579481098890983,-0.40239901345998375,-0.09630000000000008,2026-04-29,-0.10250000000000004,8.736,0.025,9.039512546252958,9.200379158098933,1.073121241513094,8.93312,8.98688,False,,26.448431049041567,False,0.0,,,进取,进取研究,6.664299334216063,False,attack_checks_failed
603986.SH,兆易创新,半导体,,2026-07-03,680.0,-0.0213,41152732866.0,8.99,1.25,-2947301376.0,-0.023851744186046513,0.2441860465116279,504819466583.53,0.4999336077546143,0.5000663922453856,120,0.6416666666666667,0.04347876376537714,0.038627712594734596,3.0509058990743108,-0.2740898199961759,-0.1569313993174062,2026-02-24,-0.17256866470893073,635.8000000000001,0.065,706.2668445644194,746.75721663563,1.5103442677744356,677.96,682.04,False,weak_tail_position,105.29350429226184,False,0.0,,,观察,观察,14.230751668276293,False,attack_checks_failed
301526.SZ,国际复材,玻璃玻纤,,2026-07-03,47.1,0.042300000000000004,10018222505.21,14.92,1.18,667394880.0,-0.00033333333333333365,0.5333333333333333,39043545970.12,0.49388379204893035,0.5061162079510697,120,0.6833333333333333,0.09187969332465952,0.04347490051671917,6.652992612751378,-0.2481948137011074,-0.12697463377023901,2026-03-10,-0.1819354838709678,44.038500000000006,0.065,49.147667814337474,52.69807232558139,1.8285390578413834,46.9587,47.241299999999995,False,weak_tail_position,94.91165278370241,False,0.0,,,观察,观察,32.30947189136814,False,attack_checks_failed
688498.SH,源杰科技,半导体,,2026-07-03,1663.02,0.0147,6230447312.0,3.02,0.78,47911376.0,-0.023851744186046513,0.2441860465116279,504819466583.53,0.49065734641752934,0.5093426535824707,120,0.7583333333333333,0.07330027006453836,0.0633046255856394,7.398220281456813,-0.20559287352113453,-0.1584008218622113,2025-09-30,-0.2124666012784524,1554.9237,0.065,1768.2968584414298,1861.6125164264438,1.837181443087728,1658.0309399999999,1668.0090599999999,False,weak_tail_position,86.30712184932237,False,0.0,,,观察,观察,28.563852781308437,False,attack_checks_failed
001309.SZ,德明利,半导体,,2026-07-03,873.08,0.0765,16568424358.55,11.71,1.18,714485632.0,-0.023851744186046513,0.2441860465116279,504819466583.53,0.8041194644696191,0.19588053553038082,120,0.5916666666666667,0.054136643896921535,0.034483675762646625,2.9106770047880914,-0.6061455706303344,-0.17736623371691165,2025-11-19,-0.20479368932038833,816.3298000000001,0.065,903.1870076348515,988.5913117894737,2.0354344440984122,870.46076,875.6992399999999,False,,69.87166877683217,True,873.08,,,观察,观察,10.492566241869554,False,attack_checks_failed
002428.SZ,云南锗业,小金属,,2026-07-03,105.16,-0.016200000000000003,5673493079.07,8.22,0.66,-313186240.0,-0.024070833333333333,0.375,59176327919.17,0.481081081081081,0.518918918918919,120,0.6416666666666667,0.05949543388421027,0.03542495821010668,4.247736773730137,-0.2351249381669609,-0.12663215234720984,2026-03-12,-0.15807991957778333,98.3246,0.065,108.88528860537483,116.2644010842758,1.624542979822075,104.84452,105.47547999999999,False,weak_tail_position,63.20521734668881,False,0.0,,,观察,观察,23.308694795495608,False,attack_checks_failed
603256.SH,宏和科技,玻璃玻纤,,2026-07-03,239.34,0.0262,4004082371.0,1.89,1.11,-521017024.0,-0.00033333333333333365,0.5333333333333333,39043545970.12,0.4586206896551727,0.5413793103448273,120,0.6583333333333333,0.06816288404091937,0.04012763823111428,4.00841032333518,-0.39560419691910553,-0.15858428963723084,2026-06-25,-0.16903390914907235,223.7829,0.065,248.94414893423487,268.3357967755102,1.8638304552590255,238.62198,240.05801999999997,False,weak_tail_position,60.99301600580124,False,0.0,,,观察,观察,19.888225853681146,False,attack_checks_failed
688012.SH,中微公司,半导体,,2026-07-03,414.91,0.0147,13567637886.0,3.53,0.92,237058736.0,-0.023851744186046513,0.2441860465116279,504819466583.53,0.6245910577971653,0.37540894220283477,120,0.55,0.033692677808854946,0.0078260660822734,2.4926709933285482,-0.28349712549794104,-0.1625130150244263,2026-05-25,-0.16582173472209427,387.94085000000007,0.065,418.15711307819606,438.8484515373237,0.8876235082427026,413.66527,416.15473,False,stop_risk_gt_expected_reward,57.45713022935353,False,0.0,,,观察,观察,5.285480355938994,False,attack_checks_failed
003036.SZ,泰坦股份,专用设备,,2026-07-03,87.9,0.055099999999999996,547065263.04,2.88,0.8,-32438672.0,0.024452808988764042,0.7921348314606742,58842080476.52,0.6542553191489368,0.34574468085106325,120,0.6916666666666667,0.047546591263024775,0.019699220700220423,4.092554264794334,-0.2807085596193666,-0.11361687466087902,2025-11-14,-0.1578947368421053,82.18650000000001,0.065,89.63156149954938,92.59093,0.8210256410256406,87.6363,88.16369999999999,False,stop_risk_gt_expected_reward,56.87377062175267,False,0.0,,,观察,观察,17.01966981212316,False,attack_checks_failed
688017.SH,绿的谐波,自动化设备,,2026-07-03,487.1,0.1793,12184136672.0,14.31,1.56,849634112.0,0.02777,0.7,84263316202.25,0.8922728416813491,0.10772715831865087,120,0.6,0.024887420660864915,0.020487294140334535,2.020892047826146,-0.410162903692885,-0.1780908309455587,2026-05-25,-0.18743724460011668,455.43850000000003,0.065,497.0793609757569,512.7289943241898,0.8094687340836595,485.63870000000003,488.56129999999996,False,stop_risk_gt_expected_reward,56.70876889361982,False,0.0,,,观察,观察,0.2662485291336889,False,attack_checks_failed
301232.SZ,飞沃科技,风电设备,,2026-07-03,181.69,0.115,2128465124.11,19.36,1.54,120352592.0,0.03459,0.9,14736612976.03,0.7698760029175782,0.2301239970824218,120,0.5916666666666667,0.06541799612534231,0.030939748385204156,2.7571715838215693,-0.49211093885940294,-0.23086774427896842,2026-02-09,-0.2935397827076963,169.88015000000001,0.065,187.31144288410772,202.60502506896552,1.7709814323607438,181.14493,182.23506999999998,False,,56.05686701823971,False,0.0,,,观察,观察,3.8160178429314273,False,attack_checks_failed
600183.SH,生益科技,元件,,2026-07-03,161.2,0.060899999999999996,12030610964.0,3.15,1.1,632912400.0,0.0022508196721311474,0.4918032786885246,164084358066.68,0.7522255192878329,0.24777448071216715,120,0.5333333333333333,0.02735805127825555,0.014803415741399064,2.037357593885293,-0.25330789972488865,-0.18960128205128204,2026-06-25,-0.1955662393162393,150.722,0.065,163.5863106175135,172.75902895705516,1.103171307220384,160.7164,161.68359999999998,False,win_rate_lt_55,54.93291254365876,False,0.0,,,观察,观察,2.8275164435628004,False,attack_checks_failed
000021.SZ,深科技,消费电子,,2026-07-03,56.04,0.0002,12297329071.8,14.53,0.97,-56096864.0,0.02053370786516854,0.7640449438202247,100992507941.77,0.75,0.25,120,0.5416666666666666,0.029123772221808494,0.010652282844634122,2.096755559335603,-0.4604377034188677,-0.16553923148435093,2026-01-30,-0.20132541133455195,52.397400000000005,0.065,56.63695393061329,60.30460930030959,1.1707597046915934,55.87188,56.208119999999994,False,win_rate_lt_55,53.16466157131384,False,0.0,,,观察,观察,1.4241034378648827,False,attack_checks_failed
002937.SZ,兴瑞科技,汽车零部件,,2026-07-03,45.2,0.024900000000000002,547084050.68,3.86,0.93,57087265.0,0.04167593360995851,0.9004149377593361,89835496839.03,0.6666666666666681,0.33333333333333187,120,0.6833333333333333,0.02645045482858961,0.028341484005564656,3.3115137975575046,-0.18968924247906827,-0.08755840179238242,2026-03-13,-0.13038416763678695,42.57568882807451,0.058059981679767586,46.48103507705153,47.563031985592076,0.9004389459876,45.064400000000006,45.3356,False,stop_risk_gt_expected_reward,51.074779493369974,False,0.0,,,观察,观察,18.25127459228903,False,attack_checks_failed
000988.SZ,华工科技,自动化设备,,2026-07-03,154.7,-0.0096,8654138488.17,5.54,0.62,-266559728.0,0.02777,0.7,84263316202.25,0.4819277108433714,0.5180722891566286,120,0.5666666666666667,0.026299603030025518,0.012310489710982444,2.454872931345162,-0.2434354624799533,-0.13477870997360267,2025-10-29,-0.1501205095833812,145.61164359670764,0.05874826375754594,156.60443275828897,162.83542428680883,0.8951480252096742,154.2359,155.16409999999996,False,stop_risk_gt_expected_reward;weak_tail_position,50.86971420738352,False,0.0,,,观察,观察,7.577023914998694,False,attack_checks_failed
300223.SZ,北京君正,半导体,,2026-07-03,260.0,0.1079,14076932446.0,13.12,1.01,226876176.0,-0.023851744186046513,0.2441860465116279,504819466583.53,0.7144694533762059,0.2855305466237941,120,0.5833333333333334,0.025946893163049413,0.016981142227031256,1.9350458419890022,-0.5552790374843489,-0.17773923240938164,2025-11-17,-0.1952789699570815,243.10000000000002,0.065,264.4150969790281,279.08794215600346,1.1294640328996148,259.22,260.78,False,,50.83471840383042,False,0.0,,,观察,观察,-1.6179641488017262,False,attack_checks_failed
688008.SH,澜起科技,半导体,,2026-07-03,268.0,-0.0043,18864873188.0,6.12,0.8,-239467776.0,-0.023851744186046513,0.2441860465116279,504819466583.53,0.489013184178985,0.510986815821015,120,0.48333333333333334,0.02065403782085092,-0.0038607267112930376,1.707684635680044,-0.4536373370461414,-0.1603998043052838,2025-10-29,-0.18356164383561657,250.58,0.065,268.0,283.092659602649,0.8663983698420785,267.196,268.804,False,win_rate_lt_55;stop_risk_gt_expected_reward;weak_tail_position,50.639268678103676,False,0.0,,,观察,观察,-4.103883104401268,False,attack_checks_failed
600118.SH,中国卫星,航天装备Ⅱ,,2026-07-03,86.22,0.0579,5509488882.0,5.43,0.83,642751168.0,0.06301111111111111,1.0,15226717821.77,0.7080459770114936,0.29195402298850637,120,0.6,0.030659773211731457,0.01633327811003601,2.0088763095276034,-0.4247083624961644,-0.23022857142857148,2026-05-13,-0.24249999999999994,81.81783105084713,0.05105739908551232,87.62825523864731,92.43667047668393,1.4121835278221737,85.96133999999999,86.47865999999999,False,,49.82446635898436,False,0.0,,,观察,观察,-1.7712317199938488,False,attack_checks_failed
002371.SZ,北方华创,半导体,,2026-07-03,816.1,-0.0297,13063663615.44,2.22,1.24,570058160.0,-0.023851744186046513,0.2441860465116279,504819466583.53,0.5757915382460076,0.42420846175399235,120,0.5833333333333334,0.01895079600893276,0.00636621377637422,1.9997496923123517,-0.3395552512045069,-0.10486666447987061,2025-10-09,-0.13669662577357922,773.8420053307958,0.051780412534253396,821.2954670628991,855.0570497319386,0.9218859067235593,813.6517,818.5482999999999,False,stop_risk_gt_expected_reward,49.22231290774616,False,0.0,,,观察,观察,7.73551126404819,False,attack_checks_failed
300475.SZ,香农芯创,其他电子Ⅱ,,2026-07-03,264.9,0.0109,8267846640.34,6.95,0.82,-693152368.0,0.004231250000000001,0.59375,27106051348.63,0.5354002776492351,0.4645997223507648,120,0.625,0.039948510219626615,0.04182770055148107,2.228006665667673,-0.5614594758335143,-0.27726082249842493,2025-11-14,-0.2930293831261813,247.6815,0.065,275.98015787608733,288.5954205759162,1.3761605584642238,264.1053,265.69469999999995,False,,48.899906876843914,False,0.0,,,观察,观察,-9.29562512574476,False,attack_checks_failed
605178.SH,时空科技,专业工程,,2026-07-03,119.52,0.0645,1076571374.0,9.59,1.04,65421235.0,0.011494736842105264,0.7894736842105263,13719866751.51,0.8235649546827793,0.17643504531722068,120,0.5583333333333333,0.05383042813487828,0.021412342568173228,2.7440517493393517,-0.4772689630793129,-0.28969976204640097,2025-11-17,-0.2966091612135634,111.7512,0.065,122.07920318374805,133.29326153213367,1.7728943378814839,119.16144,119.87855999999998,False,,48.39924449196117,False,0.0,,,观察,观察,-2.6320213744955527,False,attack_checks_failed
301511.SZ,德福科技,电池,,2026-07-03,153.35,0.053200000000000004,5444483912.8,9.39,0.9,22993408.0,-0.0027957446808510636,0.4574468085106383,89503258817.39,0.4942820838627698,0.5057179161372302,120,0.575,0.04695434157560434,0.021885273390708195,2.686664218339436,-0.4714990608519991,-0.1818103148751358,2026-01-06,-0.22775189997548417,143.38225,0.065,156.7061066744651,170.57678136363634,1.7282517482517468,152.88995,153.81005,False,weak_tail_position,47.92881482518746,False,0.0,,,观察,观察,6.189934840765045,False,attack_checks_failed
603186.SH,华正新材,元件,,2026-07-03,200.93,0.0252,2686561863.0,8.53,0.99,240118496.0,0.0022508196721311474,0.4918032786885246,164084358066.68,0.5545408422120752,0.4454591577879248,120,0.5833333333333334,0.04827928507169689,0.024184444788770656,3.1240628474634677,-0.49788173591056406,-0.19151806085992354,2026-03-02,-0.22077122089441914,187.86955,0.065,205.7893804914077,221.37362551015005,1.565307895987508,200.32721,201.53278999999998,False,,47.58545940251955,False,0.0,,,观察,观察,5.376338377092709,False,attack_checks_failed
002916.SZ,深南电路,元件,,2026-07-03,455.53,0.0766,7683294106.34,2.57,1.35,680978896.0,0.0022508196721311474,0.4918032786885246,164084358066.68,0.8040071414401895,0.1959928585598105,120,0.5833333333333334,0.021423078350534485,0.01325954470995391,1.95452405444155,-0.3357564959667837,-0.15729830436625694,2025-10-09,-0.19542178889359896,425.92055,0.065,461.5701204017253,481.4352243663366,0.8748971820258973,454.16341,456.89658999999995,False,stop_risk_gt_expected_reward,46.73243298298482,False,0.0,,,观察,观察,2.264062300147189,False,attack_checks_failed
600110.SH,诺德股份,电池,,2026-07-03,15.46,0.064,3502409147.0,13.14,1.18,544106000.0,-0.0027957446808510636,0.4574468085106383,89503258817.39,0.646258503401361,0.353741496598639,120,0.5333333333333333,0.03329732357324875,0.00608294993234101,2.5196679773004793,-0.24722573813099324,-0.16039090909090895,2025-11-17,-0.19019138755980858,14.455100000000002,0.065,15.554042405953991,16.35088986828423,0.88654579389415,15.413620000000002,15.50638,False,win_rate_lt_55;stop_risk_gt_expected_reward,45.8342788183449,False,0.0,,,观察,观察,4.974870561665044,False,attack_checks_failed
000338.SZ,潍柴动力,汽车零部件,,2026-07-03,28.13,0.0655,3458253603.51,2.51,1.06,77575312.0,0.04167593360995851,0.9004149377593361,89835496839.03,0.7619047619047613,0.2380952380952387,120,0.6333333333333333,0.020502309913102628,0.011332913829896731,2.042869399174247,-0.273006761528385,-0.18416899822169533,2026-06-04,-0.19887374036751626,26.634249991747296,0.05317276957883767,28.448794866034994,29.55280693984962,0.9512331151592038,28.04561,28.214389999999995,False,stop_risk_gt_expected_reward,45.25197287555422,False,0.0,,,观察,观察,2.6884897815119615,False,attack_checks_failed
601869.SH,长飞光纤,通信设备,,2026-07-03,474.96,0.022799999999999997,5746588817.0,2.97,0.92,2256864.0,0.0064333333333333334,0.5595238095238095,182120179812.87,0.539459459459459,0.4605405405405411,120,0.5333333333333333,0.036765039762860746,0.020633417586367688,2.2199154268494854,-0.3911918097741912,-0.1942891046897204,2025-09-29,-0.1951681667456181,445.99271993563815,0.060988883409890976,484.76004801682114,511.1303042364398,1.2486607011798763,473.53512,476.38487999999995,False,win_rate_lt_55,44.45666122642022,False,0.0,,,观察,观察,1.3988443557876615,False,attack_checks_failed
300420.SZ,五洋自控,通用设备,,2026-07-03,9.92,0.044199999999999996,1535659617.95,14.01,0.9,-6027427.0,0.024774545454545455,0.7227272727272728,116562527662.72,0.6269841269841264,0.3730158730158736,120,0.5416666666666666,0.028634928359844145,0.006071407872494573,2.938610193413162,-0.21235653887970862,-0.13379999999999995,2026-03-16,-0.14249999999999996,9.2752,0.065,9.980228366095146,10.210539294117645,0.4505882352941167,9.89024,9.94976,False,win_rate_lt_55;stop_risk_gt_expected_reward,44.29557949607559,False,0.0,,,观察,观察,6.521590146618797,False,attack_checks_failed
002008.SZ,大族激光,自动化设备,,2026-07-03,129.69,0.0374,7312457702.82,5.87,0.59,-221120016.0,0.02777,0.7,84263316202.25,0.5262605042016807,0.47373949579831925,120,0.48333333333333334,0.026311548457586324,-0.005471965930550747,2.022945787988148,-0.302054216610109,-0.14586362749878104,2025-09-29,-0.15163334958556818,121.26015000000001,0.065,129.69,137.75798238718662,0.9570730662095567,129.30093,130.07906999999997,False,win_rate_lt_55;stop_risk_gt_expected_reward,43.910244280403546,False,0.0,,,观察,观察,3.645438077286653,False,attack_checks_failed
600879.SH,航天电子,航天装备Ⅱ,,2026-07-03,22.2,0.060700000000000004,4131843075.0,5.69,1.08,506998928.0,0.06301111111111111,1.0,15226717821.77,0.8450704225352097,0.15492957746479025,120,0.5166666666666667,0.02688182856445172,0.008424504310586913,1.8103458488266935,-0.5597953178073172,-0.18280031786395426,2026-01-23,-0.1973935155753338,21.063693497998315,0.05118497756764334,22.387023995695028,23.818635361781073,1.4244707382468882,22.133399999999998,22.266599999999997,False,win_rate_lt_55,43.06643383868814,False,0.0,,,观察,观察,-0.6458916452594332,False,attack_checks_failed
688416.SH,恒烁股份,半导体,,2026-07-03,129.8,0.0692,950953166.0,6.94,0.87,-31561043.0,-0.023851744186046513,0.2441860465116279,504819466583.53,0.7066090179122918,0.29339098208770825,120,0.6,0.042487788388683896,0.027415009147617377,2.3934645031428814,-0.2954771260266674,-0.23088781832501984,2026-03-16,-0.27772087067861717,121.36300000000001,0.065,133.35846818736073,143.13798463768117,1.580891861761429,129.41060000000002,130.1894,False,,42.7875333106264,False,0.0,,,观察,观察,3.0011186667879377,False,attack_checks_failed
300390.SZ,天华新能,电池,,2026-07-03,92.53,0.0129,4970154446.4,7.99,0.88,327938640.0,-0.0027957446808510636,0.4574468085106383,89503258817.39,0.56049822064057,0.43950177935943,120,0.55,0.030152226736037686,0.014669320247290032,2.0168428618261167,-0.29310379401276354,-0.1482418670706306,2026-02-25,-0.17782738095238082,86.53141166688003,0.0648285781165024,93.88735220248175,97.99436188757394,0.9109413055407722,92.25241,92.80758999999999,False,stop_risk_gt_expected_reward,42.75494501972637,False,0.0,,,观察,观察,4.208976262865212,False,attack_checks_failed
300503.SZ,昊志机电,通用设备,,2026-07-03,109.9,0.1583,5308965872.94,21.2,1.57,271107824.0,0.024774545454545455,0.7227272727272728,116562527662.72,0.7884726224783868,0.21152737752161319,120,0.55,0.024991431409144702,0.015398020107928203,1.8228519289564176,-0.5165815403974314,-0.22603794549266246,2026-01-23,-0.2607966457023061,102.75650000000002,0.065,111.59224240986131,116.66521363297377,0.9470446745956141,109.5703,110.2297,False,stop_risk_gt_expected_reward,40.879207704943695,False,0.0,,,观察,观察,-9.433221825195377,False,attack_checks_failed
688523.SH,航天环宇,航天装备Ⅱ,,2026-07-03,58.78,0.16210000000000002,713294546.0,3.14,1.78,59943833.0,0.06301111111111111,1.0,15226717821.77,0.8615560640732265,0.1384439359267735,120,0.5,0.0355345757758,0.0011403876525338487,1.9026725192285487,-0.5442558529070691,-0.27223433230498023,2026-01-12,-0.31489643014543856,55.421293870435946,0.05714028801572055,58.84703198621594,61.91137674143771,0.9323163803688141,58.60366,58.95634,False,win_rate_lt_55;stop_risk_gt_expected_reward,40.61456274999742,False,0.0,,,观察,观察,-15.068569595729597,False,attack_checks_failed
688596.SH,正帆科技,专用设备,,2026-07-03,77.05,-0.0365,2750833305.0,12.54,0.71,-137202384.0,0.024452808988764042,0.7921348314606742,58842080476.52,0.7082494969818907,0.2917505030181093,120,0.5083333333333333,0.03694296899613614,0.0012155537383465543,2.222824515766401,-0.4775693739958775,-0.20971733870967738,2025-10-28,-0.21370967741935487,72.04175000000001,0.065,77.14365841553959,81.11612521218343,0.8118854314747539,76.81885,77.28114999999998,False,win_rate_lt_55;stop_risk_gt_expected_reward,40.18615275447805,False,0.0,,,观察,观察,-5.425929069061288,False,attack_checks_failed
601991.SH,大唐发电,电力,,2026-07-03,7.64,0.042300000000000004,4256070961.0,4.6,0.85,406335216.0,0.002226605504587156,0.5779816513761468,46596846788.42,0.9387755102040811,0.06122448979591885,120,0.5833333333333334,0.018143507131913934,0.009659233153932214,1.8612105435231592,-0.4069082718335869,-0.18311818181818187,2026-06-17,-0.24727668845315898,7.1434,0.065,7.713796541296042,7.933931636363636,0.5918881118881122,7.61708,7.662919999999999,False,stop_risk_gt_expected_reward,40.061613299307595,False,0.0,,,观察,观察,-5.501961393265545,False,attack_checks_failed
301005.SZ,超捷股份,汽车零部件,,2026-07-03,119.36,0.1241,2393362229.03,11.11,1.56,114355456.0,0.04167593360995851,0.9004149377593361,89835496839.03,0.8993993993993992,0.1006006006006008,120,0.5166666666666667,0.03040745390159929,0.005001394410208272,1.8242762074648313,-0.5203232077724498,-0.1969912028725315,2025-10-16,-0.20902795588612466,111.82160775328643,0.06315677150396758,119.95696643680246,126.88354535232031,0.9980304959058457,119.00192,119.71807999999999,False,win_rate_lt_55;stop_risk_gt_expected_reward,39.83562826502605,False,0.0,,,观察,观察,-4.110782900981839,False,attack_checks_failed
688112.SH,鼎阳科技,通用设备,,2026-07-03,84.69,0.0547,550643433.0,4.12,1.29,45573668.0,0.024774545454545455,0.7227272727272728,116562527662.72,0.6253443526170801,0.37465564738291995,120,0.6083333333333333,0.022486548549321476,0.01899846531786772,2.2578308638670705,-0.26088126979073034,-0.1162377593360995,2026-05-25,-0.17458729364682335,79.18515000000001,0.065,86.29898002777021,88.92532563029974,0.7693807515735659,84.43593,84.94406999999998,False,stop_risk_gt_expected_reward,39.823006266860844,False,0.0,,,观察,观察,7.387209592911027,False,attack_checks_failed
688531.SH,日联科技,专用设备,,2026-07-03,179.6,0.0565,1606881949.0,7.8,1.15,-21686800.0,0.024452808988764042,0.7921348314606742,58842080476.52,0.6208985360928815,0.3791014639071186,120,0.48333333333333334,0.02868048430303509,-0.002914628471490298,2.244049191472206,-0.2802599177360088,-0.1519405933917735,2026-03-16,-0.16115981119352663,167.92600000000002,0.065,179.6,185.86657813953488,0.5367978533094823,179.06119999999999,180.13879999999997,False,win_rate_lt_55;stop_risk_gt_expected_reward,38.349738921757165,False,0.0,,,观察,观察,1.0752652421427835,False,attack_checks_failed
601899.SH,紫金矿业,工业金属,,2026-07-03,27.86,0.0593,14650459759.0,2.54,1.47,711789776.0,0.012063793103448276,0.7068965517241379,68598255724.91,0.5056179775280888,0.4943820224719112,120,0.5083333333333333,0.0007468963183861045,0.0017795169750180707,1.0279265745488604,-0.7386718773865282,-0.15138319467554076,2026-06-17,-0.17298735861610115,26.631707496288218,0.04408802956610842,27.909577342924003,28.829363695133733,0.7891961338235103,27.776419999999998,27.943579999999997,False,win_rate_lt_55;profit_factor_lt_1_2;stop_risk_gt_expected_reward,38.10594095270931,False,0.0,,,观察,观察,-12.64231217103476,False,attack_checks_failed
002056.SZ,横店东磁,光伏设备,,2026-07-03,32.83,0.0708,3951603912.17,7.53,1.38,423042176.0,-0.006188524590163934,0.4098360655737705,43943517012.36,0.8051948051948054,0.1948051948051946,120,0.575,0.01565170078685089,0.010366634331205628,1.7569840468740452,-0.31295829090783644,-0.16432462712452303,2026-06-04,-0.1741241762053417,30.69605,0.065,33.17033660509348,34.095570865374256,0.5930649103185444,32.73151,32.92849,False,stop_risk_gt_expected_reward,38.05169574424874,False,0.0,,,观察,观察,-0.5509205317711512,False,attack_checks_failed
603259.SH,药明康德,医疗服务,,2026-07-03,124.15,0.0235,8443345228.0,2.78,0.79,367394640.0,0.017707547169811322,0.8301886792452831,27148554101.57,0.8357400722021668,0.16425992779783313,120,0.5,0.004511642781978025,-0.0001609242785854158,1.215399604468344,-0.3150281630194378,-0.11510715255771845,2025-09-30,-0.16176867080075497,119.23719254172076,0.03957154618025968,124.15,128.34678729166666,0.8542543804752811,123.77755,124.52244999999999,False,win_rate_lt_55;stop_risk_gt_expected_reward,38.014261709717104,False,0.0,,,观察,观察,2.0501658783704864,False,attack_checks_failed
300151.SZ,昌红科技,专用设备,,2026-07-03,26.66,0.0694,1284581198.38,13.06,1.47,-6689868.0,0.024452808988764042,0.7921348314606742,58842080476.52,0.5927272727272723,0.4072727272727276,120,0.5916666666666667,0.01948949327102386,0.024149721805451354,2.0077837114518804,-0.25261081413210884,-0.1853796019900498,2026-03-16,-0.19347705914870095,25.019937533528708,0.06151772192315427,27.303831583333334,28.275309426710095,0.9849072579445999,26.58002,26.739979999999996,False,stop_risk_gt_expected_reward,37.30853224929388,False,0.0,,,观察,观察,1.6037625008691605,False,attack_checks_failed
603678.SH,火炬电子,军工电子Ⅱ,,2026-07-03,85.31,0.049699999999999994,3550751676.0,8.82,0.91,26002912.0,0.02855079365079365,0.7777777777777778,43192229483.97,0.6434176111595463,0.3565823888404537,120,0.5,0.021371184055525773,-0.0017551242456070636,1.7720227822424623,-0.3445401475783384,-0.15224339622641506,2026-03-02,-0.16841369671558348,79.76485000000001,0.065,85.31,89.23184956618043,0.7072576154261715,85.05407,85.56593,False,win_rate_lt_55;stop_risk_gt_expected_reward,36.7948018477814,False,0.0,,,观察,观察,-0.6093740473929299,False,attack_checks_failed
000551.SZ,创元科技,环保设备Ⅱ,,2026-07-03,20.53,0.0421,1230808116.43,12.39,1.0,64393855.0,0.011032,0.76,6562688128.9800005,0.5730337078651686,0.4269662921348314,120,0.575,0.02353857880976558,0.007701629367835995,2.3571453934900704,-0.3609151672552844,-0.10244777618364423,2026-03-16,-0.11439842209072981,19.286852062420742,0.060552749029676604,20.688114450921674,21.084740534726905,0.4462385513080049,20.468410000000002,20.59159,False,stop_risk_gt_expected_reward,36.681073607669816,False,0.0,,,观察,观察,5.719320658613129,False,attack_checks_failed
601698.SH,中国卫通,航天装备Ⅱ,,2026-07-03,31.33,0.0552,1832124966.0,1.4,1.03,184875291.0,0.06301111111111111,1.0,15226717821.77,0.9100529100529092,0.08994708994709082,120,0.5,0.01385799776395407,-0.0003746470943625001,1.5113185043215234,-0.3558863462792339,-0.14034861474124408,2026-03-10,-0.13930998431782537,30.006814885863083,0.04223380511129634,31.33,32.589085020028605,0.951556215813301,31.236009999999997,31.423989999999996,False,win_rate_lt_55;stop_risk_gt_expected_reward,36.67652751706521,False,0.0,,,观察,观察,3.068875517130813,False,attack_checks_failed
688025.SH,杰普特,自动化设备,,2026-07-03,399.0,0.0313,1539975954.0,4.08,0.86,1709527.0,0.02777,0.7,84263316202.25,0.5982758620689651,0.4017241379310349,120,0.48333333333333334,0.029281401857424682,-0.004287707014106999,2.1289846383366173,-0.3613353051946092,-0.21085896343087643,2026-03-10,-0.21119525096084335,373.065,0.065,399.0,424.03265640785787,0.9652074959652167,397.803,400.19699999999995,False,win_rate_lt_55;stop_risk_gt_expected_reward,36.563146649252054,False,0.0,,,观察,观察,-4.098975753924364,False,attack_checks_failed
002202.SZ,金风科技,风电设备,,2026-07-03,24.62,0.0472,4964440082.18,6.08,0.82,355127888.0,0.03459,0.9,14736612976.03,0.7567567567567572,0.24324324324324278,120,0.5083333333333333,0.017646110992897177,0.0017012839036868134,1.6231377851154285,-0.6462878810385073,-0.1755424242424242,2026-03-30,-0.17748917748917747,23.41852682187767,0.04880069773039521,24.66188560970877,25.99578655319149,1.1450830349301506,24.54614,24.693859999999997,False,win_rate_lt_55,36.41546096450375,False,0.0,,,观察,观察,-5.417333930532031,False,attack_checks_failed
688102.SH,斯瑞新材,金属新材料,,2026-07-03,48.76,0.0536,1793627207.0,4.8,1.04,168677870.0,0.0015242424242424238,0.5757575757575758,26117824661.73,0.8313253012048186,0.1686746987951814,120,0.55,0.02689338139591454,0.024798483322392175,1.8521373544297455,-0.453467079272161,-0.17448321392016378,2026-01-23,-0.2180312787488501,45.72632129653005,0.0622165443697692,49.96917404679984,52.51664557582539,1.2383135931727103,48.61372,48.906279999999995,False,,36.31795334741001,False,0.0,,,观察,观察,0.5142996927238315,False,attack_checks_failed
600360.SH,华微电子,半导体,,2026-07-03,14.95,0.0603,2675886410.0,18.87,1.54,314456640.0,-0.023851744186046513,0.2441860465116279,504819466583.53,0.7113402061855667,0.2886597938144333,120,0.6166666666666667,0.013949327122148756,0.008994328628342454,1.9804580912384508,-0.27245087322609085,-0.1839150474799123,2026-06-04,-0.19211102994886775,13.978250000000001,0.065,15.08446521299372,15.448182107942971,0.5126648911170295,14.905149999999999,14.994849999999998,False,stop_risk_gt_expected_reward,36.24932096909628,False,0.0,,,观察,观察,-2.080980259315869,False,attack_checks_failed
001896.SZ,豫能控股,电力,,2026-07-03,15.77,0.0038,1820016534.95,7.7,0.86,193615295.0,0.002226605504587156,0.5779816513761468,46596846788.42,0.7253521126760559,0.2746478873239441,120,0.5,0.030887019163970176,-0.0004843393148450713,2.0869068304598675,-0.4599985030550291,-0.23769661426844005,2026-03-27,-0.26541717049576774,14.744950000000001,0.065,15.77,16.506216850287906,0.7182253063635021,15.72269,15.817309999999997,False,win_rate_lt_55;stop_risk_gt_expected_reward,36.18359897501301,False,0.0,,,观察,观察,-11.270696855882344,False,attack_checks_failed
002028.SZ,思源电气,电网设备,,2026-07-03,168.05,0.08109999999999999,2668768397.29,2.66,1.27,105853651.0,0.021565625,0.8515625,44492773293.6,0.8768441308531117,0.1231558691468882,120,0.55,0.013582925046909517,0.0074923348217272555,1.6634534466209223,-0.34474788540792234,-0.17912407407407407,2026-06-01,-0.2129629629629629,159.89230943456744,0.04854323454586472,169.3090868667913,176.1765255344401,0.9961796747814233,167.54585,168.55415,False,stop_risk_gt_expected_reward,35.906362330165194,False,0.0,,,观察,观察,-1.2970569507458594,False,attack_checks_failed
300476.SZ,胜宏科技,元件,,2026-07-03,307.88,0.0058,9899268535.59,3.71,0.72,129859136.0,0.0022508196721311474,0.4918032786885246,164084358066.68,0.5804311774461027,0.41956882255389727,120,0.48333333333333334,0.012556117822656442,-0.002947623777550733,1.4382960223193373,-0.5280823503984801,-0.13865673972507878,2025-09-29,-0.16404886561954635,291.02457062612984,0.05474674994761001,307.88,321.0775665771771,0.7829860802974525,306.95636,308.80364,False,win_rate_lt_55;stop_risk_gt_expected_reward,35.61228601558059,False,0.0,,,观察,观察,-4.874542252896947,False,attack_checks_failed
002436.SZ,兴森科技,元件,,2026-07-03,46.41,0.022000000000000002,5418139377.95,7.71,0.86,422773280.0,0.0022508196721311474,0.4918032786885246,164084358066.68,0.6025316455696198,0.39746835443038026,120,0.5,0.020731548636498832,0.0007197486535008525,1.6871107999629318,-0.4429825466331895,-0.1632686800894855,2025-09-29,-0.17578994214508226,43.39335,0.065,46.443403535008976,49.58974233902561,1.0540640574894724,46.27077,46.549229999999994,False,win_rate_lt_55,35.25771775336224,False,0.0,,,观察,观察,-1.4382494151913288,False,attack_checks_failed
301529.SZ,福赛科技,汽车零部件,,2026-07-03,124.25,0.1094,768547604.04,10.11,1.4,59351904.0,0.04167593360995851,0.9004149377593361,89835496839.03,0.9319816873773704,0.06801831262262956,120,0.5083333333333333,0.024573920001991614,0.0010857447170485547,1.6940670459513811,-0.6200812630147322,-0.1496268482490273,2025-09-24,-0.16404690618762463,116.35820571750689,0.0635154469415944,124.38490378109327,131.00833886138614,0.8563754476442238,123.87725,124.62274999999998,False,win_rate_lt_55;stop_risk_gt_expected_reward,35.206113761168275,False,0.0,,,观察,观察,-2.673326990852832,False,attack_checks_failed
688375.SH,国博电子,军工电子Ⅱ,,2026-07-03,107.8,0.10289999999999999,1037108699.0,1.65,1.43,-54613452.0,0.02855079365079365,0.7777777777777778,43192229483.97,0.9339622641509431,0.06603773584905691,120,0.5166666666666667,0.026922180361828543,0.002855720317320477,1.901527224732859,-0.5672294190242722,-0.17714235860409147,2026-05-08,-0.18802647412755724,102.15782135186745,0.05233931955596044,108.10784665020715,112.25201445908671,0.7890594638580373,107.47659999999999,108.12339999999999,False,win_rate_lt_55;stop_risk_gt_expected_reward,35.18162788090185,False,0.0,,,观察,观察,-4.418477772459275,False,attack_checks_failed
000630.SZ,铜陵有色,工业金属,,2026-07-03,6.45,0.038599999999999995,3054098471.09,4.26,1.17,241876224.0,0.012063793103448276,0.7068965517241379,68598255724.91,0.5333333333333341,0.4666666666666659,120,0.5833333333333334,0.023748592762948377,0.013003272840483051,1.905397931892446,-0.5631901463093372,-0.1882281045751635,2026-06-18,-0.19084967320261437,6.128876658167647,0.04978656462517109,6.533871109821115,6.7442849029126215,0.9164232697424307,6.43065,6.4693499999999995,False,stop_risk_gt_expected_reward,35.10515626097198,False,0.0,,,观察,观察,-5.393205806063434,False,attack_checks_failed
300857.SZ,协创数据,消费电子,,2026-07-03,300.75,0.024399999999999998,5072453327.75,3.48,0.81,-39313360.0,0.02053370786516854,0.7640449438202247,100992507941.77,0.560038891589693,0.43996110841030694,120,0.4583333333333333,0.021617470305777462,-0.0028764528710565106,1.6688672884170646,-0.40797641167226517,-0.16586247279059632,2026-03-19,-0.22175663909447108,281.20125,0.065,300.75,312.9702847066436,0.625118470830291,299.84775,301.65225,False,win_rate_lt_55;stop_risk_gt_expected_reward,34.606317423316256,False,0.0,,,观察,观察,-7.182977012629194,False,attack_checks_failed
300139.SZ,晓程科技,贵金属,,2026-07-03,43.6,0.11710000000000001,2962329126.05,29.42,2.92,283724320.0,0.06531538461538461,0.8461538461538461,23982843671.39,0.6220095693779908,0.3779904306220092,120,0.4666666666666667,0.020620579471860728,-0.008120454567520006,1.5104377445814416,-0.61540196970992,-0.1820283420040715,2026-06-22,-0.1970142501696449,41.2088242708274,0.05484348002689458,43.6,45.751308587731806,0.8996865272115352,43.4692,43.730799999999995,False,win_rate_lt_55;stop_risk_gt_expected_reward,34.10554841263659,False,0.0,,,观察,观察,-9.408452542889568,False,attack_checks_failed
300900.SZ,广联航空,航空装备Ⅱ,,2026-07-03,41.54,0.08800000000000001,1482095871.88,14.23,1.27,19678400.0,0.043147826086956526,0.9347826086956522,25531918306.77,0.841666666666667,0.15833333333333302,120,0.49166666666666664,0.02382754114227948,-0.0007453688297282312,1.6917944523350157,-0.6785604673747723,-0.2250595419847329,2026-03-19,-0.23902671755725202,38.94756213403926,0.06240822980165472,41.54,44.042305692307686,0.9652326580951084,41.41538,41.66461999999999,False,win_rate_lt_55;stop_risk_gt_expected_reward,34.08122790735158,False,0.0,,,观察,观察,-12.892344223970259,False,attack_checks_failed
002938.SZ,鹏鼎控股,元件,,2026-07-03,96.65,0.0446,3833216489.08,1.73,0.76,-52643920.0,0.0022508196721311474,0.4918032786885246,164084358066.68,0.7153846153846163,0.2846153846153837,120,0.6,0.016075403075020398,0.0166382815666993,1.5891797526490794,-0.44398954486907183,-0.19071650604520765,2026-06-25,-0.19257052742246372,90.36775000000002,0.065,98.25808991342149,101.16969760178749,0.7194393094492395,96.36005,96.93995,False,stop_risk_gt_expected_reward,34.04971949933301,False,0.0,,,观察,观察,-5.239333020328788,False,attack_checks_failed
600482.SH,中国动力,其他电源设备Ⅱ,,2026-07-03,33.54,0.0508,1367488128.0,1.81,1.04,141932202.0,0.0084875,0.6875,19716340715.03,0.7569721115537849,0.24302788844621512,120,0.5833333333333334,0.015244159625860345,0.015200172388111634,1.7078209283553984,-0.3502792041692936,-0.2133070334086913,2026-06-04,-0.21929163526752082,31.854305269702806,0.05025923465406055,34.049813781897264,34.95943884720121,0.8420497624448097,33.43938,33.64062,False,stop_risk_gt_expected_reward,33.99901326147054,False,0.0,,,观察,观察,-5.256504234715301,False,attack_checks_failed
688661.SH,和林微纳,半导体,,2026-07-03,172.17,0.1001,1122630413.0,4.48,1.22,77708386.0,-0.023851744186046513,0.2441860465116279,504819466583.53,0.7944680851063824,0.20553191489361755,120,0.525,0.02875798855685003,0.010491469569210512,2.022489013670698,-0.4162112818505448,-0.1943103858691532,2026-05-20,-0.2033962550223637,160.97895,0.065,173.97631631573094,182.89758824876617,0.9585863925874873,171.65348999999998,172.68650999999997,False,win_rate_lt_55;stop_risk_gt_expected_reward,33.99371253597987,False,0.0,,,观察,观察,-2.0803586014739897,False,attack_checks_failed
600999.SH,招商证券,证券Ⅱ,,2026-07-03,21.82,0.0055000000000000005,3623586774.0,2.27,0.94,98992704.0,0.004226530612244898,0.7551020408163265,49427468154.33,0.800000000000001,0.1999999999999989,120,0.45,0.007862821327435578,-0.0019106173253582203,1.8447923907958772,-0.1960123560566357,-0.05416343612334799,2026-03-16,-0.06978193146417455,20.914247976585195,0.041510175225243084,21.82,22.12972696781883,0.3419555902852062,21.75454,21.88546,False,win_rate_lt_55;stop_risk_gt_expected_reward,33.75760234255421,False,0.0,,,观察,观察,9.402797006872499,False,attack_checks_failed
600150.SH,中国船舶,航海装备Ⅱ,,2026-07-03,37.21,0.08289999999999999,6650402799.0,2.43,1.71,1124321072.0,0.04899,1.0,10950827334.58,0.8426573426573442,0.15734265734265587,120,0.475,0.002321565447377329,-0.004333956680727423,1.1330034748687785,-0.5558636184610433,-0.1014875167425662,2026-06-22,-0.11947495312081435,35.75957366565957,0.038979476870207586,37.21,37.72733906950046,0.35668069260182184,37.09837,37.32163,False,win_rate_lt_55;profit_factor_lt_1_2;stop_risk_gt_expected_reward,33.60654540791305,False,0.0,,,观察,观察,-4.880729121460831,False,attack_checks_failed
002674.SZ,兴业科技,纺织制造,,2026-07-03,29.55,0.046,1115528661.21,13.64,1.28,-3720514.0,0.017819354838709677,0.7419354838709677,5501928281.83,0.801980198019802,0.198019801980198,120,0.5416666666666666,0.018259112038471935,0.004471935893001179,1.8534055305597288,-0.3855092171680936,-0.15460021291696238,2026-03-16,-0.1639460610361959,27.629250000000003,0.065,29.682145705638188,30.50790683908046,0.4987150014736224,29.46135,29.63865,False,win_rate_lt_55;stop_risk_gt_expected_reward,33.42941832626994,False,0.0,,,观察,观察,-1.7225938568245702,False,attack_checks_failed
301018.SZ,申菱环境,通用设备,,2026-07-03,117.81,0.0953,3196698600.32,9.6,1.39,-196888016.0,0.024774545454545455,0.7227272727272728,116562527662.72,0.6522740356937251,0.34772596430627495,120,0.55,0.02137665861743641,0.013241791167767327,1.6754552991038216,-0.5152081507363536,-0.20698267538345486,2026-05-25,-0.21138211382113825,110.15235000000001,0.065,119.37001541747468,124.6301035647869,0.8906261796748235,117.45657,118.16342999999999,False,stop_risk_gt_expected_reward,33.367493129220186,False,0.0,,,观察,观察,-7.801805763907399,False,attack_checks_failed
601138.SH,工业富联,消费电子,,2026-07-03,64.7,0.0106,8164544309.0,0.63,0.66,523277376.0,0.02053370786516854,0.7640449438202247,100992507941.77,0.5294117647058831,0.47058823529411686,120,0.5,0.003963447208588819,0.00032339624074692163,1.1467735760651074,-0.4058163464338723,-0.16976343680997533,2026-06-25,-0.17352902974412254,61.56976307147076,0.04838078714882904,64.72092373677633,66.88582697478992,0.6982944181854459,64.5059,64.8941,False,win_rate_lt_55;profit_factor_lt_1_2;stop_risk_gt_expected_reward,32.68251900687448,False,0.0,,,观察,观察,-7.596353604980631,False,attack_checks_failed
301528.SZ,多浦乐,通用设备,,2026-07-03,77.81,0.054299999999999994,349105863.03,9.83,0.81,9108956.0,0.024774545454545455,0.7227272727272728,116562527662.72,0.7579831932773115,0.24201680672268858,120,0.5166666666666667,0.017190295617347987,0.006307551312459715,1.9428441594802432,-0.34956688185166374,-0.11463333333333328,2026-02-26,-0.12680990191499297,72.75235,0.065,78.3007905676225,80.75496874661216,0.5822800602280049,77.57657,78.04343,False,win_rate_lt_55;stop_risk_gt_expected_reward,32.64301928897353,False,0.0,,,观察,观察,3.667516150459999,False,attack_checks_failed
688020.SH,方邦股份,元件,,2026-07-03,245.33,0.0701,1229681950.0,6.18,1.02,19896372.0,0.0022508196721311474,0.4918032786885246,164084358066.68,0.6951428571428575,0.3048571428571425,120,0.5333333333333333,0.027578351849853654,0.010009046985995553,1.9142263095853764,-0.5975187795989083,-0.1767442303575252,2026-03-16,-0.19270072992700737,229.38355,0.065,247.7855194970743,261.258861808026,0.9988970465543107,244.59401000000003,246.06599,False,win_rate_lt_55;stop_risk_gt_expected_reward,32.44714641598555,False,0.0,,,观察,观察,-4.250747533193309,False,attack_checks_failed
002475.SZ,立讯精密,消费电子,,2026-07-03,64.51,0.0593,12957261864.55,2.75,0.84,1433318624.0,0.02053370786516854,0.7640449438202247,100992507941.77,0.5966850828729297,0.4033149171270704,120,0.4166666666666667,-0.004456610594216462,-0.012279130928797708,0.8310030430888367,-0.745865533616604,-0.1527542079207921,2025-09-29,-0.1753147067853853,60.74705714597826,0.058331155697128156,64.51,65.80626812491373,0.34448254337115675,64.31647000000001,64.70353,False,win_rate_lt_55;avg_return_not_positive;profit_factor_lt_1_2;stop_risk_gt_expected_reward,32.41582815869357,False,0.0,,,观察,观察,-18.99496977381409,False,attack_checks_failed
002317.SZ,众生药业,中药Ⅱ,,2026-07-03,27.41,0.0347,1820984258.17,8.94,1.17,60022152.0,0.0185234375,0.875,10102883290.23,0.8065843621399181,0.19341563786008187,120,0.475,0.015403516410675774,-0.0047002758974687186,1.669101300793577,-0.327457473341628,-0.184757985041795,2026-01-26,-0.183457985041795,25.820678227238204,0.05798328247945259,27.41,28.644115237663645,0.7765043295915457,27.32777,27.492229999999996,False,win_rate_lt_55;stop_risk_gt_expected_reward,32.377295277158716,False,0.0,,,观察,观察,-3.5824914894410007,False,attack_checks_failed
688729.SH,屹唐股份,半导体,,2026-07-03,43.0,0.0673,2164639413.0,24.18,1.35,41030624.0,-0.023851744186046513,0.2441860465116279,504819466583.53,0.8561046511627904,0.14389534883720953,120,0.525,0.017233607491931657,0.00325307536989491,1.8251512696342311,-0.34529358838752466,-0.17157119807758317,2026-05-25,-0.1716443529007896,40.205000000000005,0.065,43.139882240905486,44.43039320619785,0.5117685889795522,42.871,43.129,False,win_rate_lt_55;stop_risk_gt_expected_reward,32.265911492981516,False,0.0,,,观察,观察,-2.731998249118785,False,attack_checks_failed
600259.SH,中稀有色,小金属,,2026-07-03,102.1,0.0481,2285630160.0,6.65,1.39,211186544.0,-0.024070833333333333,0.375,59176327919.17,0.637274549098196,0.3627254509018039,120,0.55,0.025455124484319556,0.0174623958247114,1.9795074362916083,-0.5051968964579135,-0.1799839843376945,2026-04-21,-0.18977337649971426,95.71850685523299,0.06250238143748292,103.88291061370302,108.5801234188891,1.0154556734426625,101.79369999999999,102.40629999999999,False,,32.126822515898496,False,0.0,,,观察,观察,-2.51539254758536,False,attack_checks_failed
002415.SZ,海康威视,计算机设备,,2026-07-03,33.99,0.0113,3052904031.82,0.99,0.84,373353248.0,0.012356470588235293,0.7764705882352941,37481633016.15,0.4576271186440672,0.5423728813559329,120,0.5416666666666666,0.007343314567310526,0.005008410469453407,1.5801613427717243,-0.22818102586532163,-0.0725865663163873,2026-05-07,-0.07541173071366658,32.578168867706026,0.041536661732685276,34.16023587185673,34.79584261500493,0.5707783293428164,33.88803,34.091969999999996,False,win_rate_lt_55;stop_risk_gt_expected_reward;weak_tail_position,31.944274427006853,False,0.0,,,观察,观察,8.415634089425938,False,attack_checks_failed
600166.SH,福田汽车,商用车,,2026-07-03,3.12,0.047,616333449.0,2.49,1.71,-5424482.0,0.028015384615384616,1.0,5488587049.62,0.6666666666666674,0.33333333333333265,120,0.5833333333333334,0.008906128206315323,0.00908062283737018,1.5748330838078162,-0.2622965976017805,-0.11388278145695355,2026-03-16,-0.11920529801324498,3.0038238985108334,0.037235929964476486,3.1483315432525947,3.2173158411552345,0.8376580028751384,3.11064,3.1293599999999997,False,stop_risk_gt_expected_reward,31.41493073421406,False,0.0,,,观察,观察,6.883960468316046,False,attack_checks_failed
603638.SH,艾迪精密,工程机械,,2026-07-03,27.7,0.0707,1545695718.0,6.66,4.11,102156717.0,0.029625000000000002,0.8571428571428571,14043438459.16,0.8455882352941172,0.15441176470588283,120,0.5416666666666666,0.00755447709601509,0.006081662625308372,1.4096250878272263,-0.34785741967280204,-0.14994333464412116,2026-05-25,-0.15532835233975617,26.323322283283133,0.049699556560175676,27.868462054721043,28.562368378378377,0.6264126802567693,27.616899999999998,27.783099999999997,False,win_rate_lt_55;stop_risk_gt_expected_reward,31.38075578556153,False,0.0,,,观察,观察,-1.291841108581493,False,attack_checks_failed
600030.SH,中信证券,证券Ⅱ,,2026-07-03,28.98,0.0126,6414877290.0,1.83,0.78,244895792.0,0.004226530612244898,0.7551020408163265,49427468154.33,0.8227848101265821,0.17721518987341783,120,0.44166666666666665,0.0016293559068796771,-0.002415220864363442,1.1499802946053435,-0.2814996625306381,-0.060030158730158746,2026-03-19,-0.07394366197183089,28.081778958119685,0.030994514902702476,28.98,29.377336721944246,0.4423596235426302,28.893060000000002,29.06694,False,win_rate_lt_55;profit_factor_lt_1_2;stop_risk_gt_expected_reward,31.360251219907646,False,0.0,,,观察,观察,5.607758801513632,False,attack_checks_failed
688507.SH,索辰科技,软件开发,,2026-07-03,251.5,0.027000000000000003,2533653651.0,20.46,1.21,-204082800.0,0.0054868217054263565,0.6589147286821705,41102966671.92,0.6090084454175789,0.390991554582421,120,0.5,0.025479529026318438,-0.001050140765765738,1.9236418956373604,-0.4970521584055011,-0.12093826433253133,2026-01-23,-0.14436034705556577,235.1525,0.065,251.5,261.8308025867316,0.6319499976590668,250.7455,252.25449999999998,False,win_rate_lt_55;stop_risk_gt_expected_reward,31.195382087636716,False,0.0,,,观察,观察,-0.13025342387861372,False,attack_checks_failed
600489.SH,中金黄金,贵金属,,2026-07-03,20.35,0.066,3514997610.0,3.56,1.81,330147712.0,0.06531538461538461,0.8461538461538461,23982843671.39,0.6153846153846164,0.3846153846153836,120,0.525,0.0077480410640149615,0.007175033630502615,1.2464576034278132,-0.5126132260794087,-0.17515444743935307,2026-06-22,-0.20737204985415014,19.466340798842648,0.04342305656792905,20.49601193438073,21.088523902953586,0.8357564794055411,20.28895,20.41105,False,win_rate_lt_55;stop_risk_gt_expected_reward,31.038472566531432,False,0.0,,,观察,观察,-8.796366853557442,False,attack_checks_failed
301366.SZ,一博科技,元件,,2026-07-03,57.19,0.031,658852265.58,10.06,0.74,-6221601.0,0.0022508196721311474,0.4918032786885246,164084358066.68,0.9429429429429416,0.057057057057058415,120,0.5166666666666667,0.017160178663358314,0.003104158546024939,1.8755137227539915,-0.4236934679317682,-0.12827022767075305,2026-03-16,-0.13675958188153303,53.47265,0.065,57.36752682724717,59.472797109909365,0.6140925955073842,57.018429999999995,57.36156999999999,False,win_rate_lt_55;stop_risk_gt_expected_reward,31.037590569777365,False,0.0,,,观察,观察,1.736768636294748,False,attack_checks_failed
002266.SZ,浙富控股,环境治理,,2026-07-03,5.31,0.0641,878816720.8,3.49,1.66,210504944.0,0.013590476190476191,0.7333333333333333,15391047699.97,0.8378378378378365,0.16216216216216345,120,0.525,0.011088476913164948,0.002459411779254651,1.564739777946682,-0.40847040874021656,-0.11643859275053306,2025-10-13,-0.11940298507462699,5.096258257624216,0.0402526821799969,5.323059476547842,5.497365292682926,0.8765966376072504,5.29407,5.325929999999999,False,win_rate_lt_55;stop_risk_gt_expected_reward,30.89968188329098,False,0.0,,,观察,观察,4.012328846819935,False,attack_checks_failed
600885.SH,宏发股份,电网设备,,2026-07-03,38.06,0.0479,1284215809.0,2.19,1.56,138565850.0,0.021565625,0.8515625,44492773293.6,0.6933333333333351,0.30666666666666487,120,0.5916666666666667,0.008941356648593015,0.008269557286506215,1.4775427253855014,-0.37859443206804233,-0.13267557959814527,2025-11-14,-0.13910355486862447,36.41010392199079,0.04334987067811908,38.374739350324425,39.41485408062863,0.8211754053403285,37.945820000000005,38.17418,False,stop_risk_gt_expected_reward,30.881656068468804,False,0.0,,,观察,观察,2.2367878538532855,False,attack_checks_failed
605598.SH,上海港湾,专业工程,,2026-07-03,41.62,0.060700000000000004,504154374.0,5.09,1.33,54175285.0,0.011494736842105264,0.7894736842105263,13719866751.51,0.7512077294685988,0.2487922705314012,120,0.5083333333333333,0.024811701621235995,0.0033303114137760116,1.666464842335945,-0.5203964720394303,-0.20297767267535252,2026-04-21,-0.2254953764861295,39.11689802764709,0.06014180615936823,41.75860756104135,44.2959568233555,1.0690562561620776,41.49514,41.744859999999996,False,win_rate_lt_55,30.86242004777258,False,0.0,,,观察,观察,-6.632352055523139,False,attack_checks_failed
300102.SZ,乾照光电,光学光电子,,2026-07-03,25.59,0.064,1777189430.75,7.77,0.98,210552038.0,-0.017868817204301075,0.24731182795698925,112890995555.23,0.8110599078341014,0.18894009216589852,120,0.45,0.02728917149717653,-0.012671744180879439,1.7874338706217188,-0.5176066157253167,-0.15569856373429083,2026-05-11,-0.1826673585884795,24.284101903974552,0.05103157858637944,25.59,26.637699122961102,0.802282449258343,25.51323,25.666769999999996,False,win_rate_lt_55;stop_risk_gt_expected_reward,30.7325706548065,False,0.0,,,观察,观察,-3.518692587675144,False,attack_checks_failed
301603.SZ,乔锋智能,通用设备,,2026-07-03,157.21,0.0862,1113537698.12,19.13,1.96,169207489.0,0.024774545454545455,0.7227272727272728,116562527662.72,0.7771855010660991,0.22281449893390087,120,0.5416666666666666,0.012820229460111004,0.008056971833902162,1.4920024544305044,-0.46466006070181654,-0.14181841746248294,2026-06-18,-0.15289205452535926,146.99135,0.065,158.47663654200775,161.31791195339545,0.40200143398545446,156.73837,157.68162999999998,False,win_rate_lt_55;stop_risk_gt_expected_reward,30.355562924255985,False,0.0,,,观察,观察,-4.168449742826433,False,attack_checks_failed
301550.SZ,斯菱智驱,汽车零部件,,2026-07-03,108.95,0.065,2059081015.92,9.29,1.78,112395696.0,0.04167593360995851,0.9004149377593361,89835496839.03,0.620266120777892,0.379733879222108,120,0.5083333333333333,0.016997191389869312,0.001639541389428979,1.4436707100824555,-0.6390117945320681,-0.19989484777517566,2025-10-09,-0.235857407258389,103.18338750218281,0.0529289811639945,109.1286280343783,115.89615818541995,1.2045474163643277,108.62315000000001,109.27685,False,win_rate_lt_55,30.14491093211658,False,0.0,,,观察,观察,-10.204767100672305,False,attack_checks_failed
603285.SH,键邦股份,化学制品,,2026-07-03,47.37,0.0404,403245671.0,13.82,1.12,26441519.0,-0.014363473053892215,0.38922155688622756,83113440903.45,0.7738419618528597,0.22615803814714033,120,0.5666666666666667,0.020704475315607446,0.008696623966449404,1.8612178276556726,-0.47252648181265267,-0.20006126126126125,2026-03-16,-0.22193308550185875,44.29095,0.065,47.78195907729071,50.324065500593115,0.9594080968458188,47.227889999999995,47.51210999999999,False,stop_risk_gt_expected_reward,30.090835683436588,False,0.0,,,观察,观察,-5.040928593523811,False,attack_checks_failed
601231.SH,环旭电子,消费电子,,2026-07-03,30.62,0.0665,1432871521.0,1.97,0.98,31046572.0,0.02053370786516854,0.7640449438202247,100992507941.77,0.6523605150214595,0.34763948497854047,120,0.55,0.018617875662845684,0.013335804424732003,1.6035388891147513,-0.634122780355256,-0.20798693009118532,2026-06-25,-0.20972644376899685,28.872283935797956,0.05707759843899564,31.028342331485295,32.97853181763826,1.3494936997761673,30.52814,30.711859999999998,False,,29.962694901220743,False,0.0,,,观察,观察,-7.025313977443744,False,attack_checks_failed
300433.SZ,蓝思科技,消费电子,,2026-07-03,52.05,0.0268,6606861540.85,2.55,0.77,189605360.0,0.02053370786516854,0.7640449438202247,100992507941.77,0.6065088757396436,0.3934911242603563,120,0.475,0.005584748386974792,-0.0018338213023725613,1.1991928708810915,-0.47452968858311084,-0.1576517915309447,2025-10-09,-0.17280265339966827,48.66675,0.065,52.05,53.55183340533487,0.44390258045810277,51.89385,52.206149999999994,False,win_rate_lt_55;profit_factor_lt_1_2;stop_risk_gt_expected_reward,29.41589983880897,False,0.0,,,观察,观察,-9.806675175692575,False,attack_checks_failed
688331.SH,荣昌生物,生物制品,,2026-07-03,148.91,0.0602,2032220716.0,4.0,0.95,58042848.0,0.020164814814814816,0.8888888888888888,16908503038.01,0.935036496350364,0.06496350364963603,120,0.4666666666666667,0.010509255675967798,-0.0043570019183338015,1.3324391405949783,-0.40897304004561674,-0.17951697467488018,2025-09-30,-0.2421286789869952,139.25037162066604,0.06486890322566614,148.91,155.30658284365973,0.662197611798891,148.46327,149.35672999999997,False,win_rate_lt_55;stop_risk_gt_expected_reward,29.126029384455844,False,0.0,,,观察,观察,-8.888787705840503,False,attack_checks_failed
301230.SZ,泓博医药,医疗服务,,2026-07-03,40.27,0.052000000000000005,443315728.12,9.09,0.99,46031663.0,0.017707547169811322,0.8301886792452831,27148554101.57,0.94295302013423,0.05704697986577006,120,0.44166666666666665,0.018862164707750536,-0.013703704969946693,1.673795132533855,-0.706101685227088,-0.160026178535607,2026-03-16,-0.16725175526579739,38.099954247711345,0.0538874038313548,40.27,41.04735590655833,0.35822097563541533,40.149190000000004,40.39081,False,win_rate_lt_55;stop_risk_gt_expected_reward,29.09639516682693,False,0.0,,,观察,观察,-11.400660281859134,False,attack_checks_failed
300065.SZ,海兰信,航海装备Ⅱ,,2026-07-03,22.36,0.04,1096091522.15,7.51,0.83,59534467.0,0.04899,1.0,10950827334.58,0.7636363636363626,0.23636363636363747,120,0.48333333333333334,0.009711213191310658,-0.001725272326578352,1.3580981261397749,-0.3990044116613397,-0.17462789559543226,2026-05-25,-0.1741435562805873,21.32927463538726,0.04609684099341402,22.36,23.00821868941979,0.6288956415304114,22.29292,22.427079999999997,False,win_rate_lt_55;stop_risk_gt_expected_reward,29.09408214321771,False,0.0,,,观察,观察,-6.421394547843164,False,attack_checks_failed
002600.SZ,领益智造,消费电子,,2026-07-03,18.02,0.0489,7953959712.17,6.17,1.28,361933232.0,0.02053370786516854,0.7640449438202247,100992507941.77,0.6716417910447752,0.3283582089552249,120,0.475,-0.0011483688819856092,-0.012647156818899361,0.9575770933980698,-0.47164543011529103,-0.1367451119606772,2026-01-12,-0.15324384787472023,16.854235019375547,0.06469284021223382,18.02,18.60765161868877,0.5040909861385537,17.96594,18.07406,False,win_rate_lt_55;avg_return_not_positive;profit_factor_lt_1_2;stop_risk_gt_expected_reward,28.99056005494124,False,0.0,,,观察,观察,-7.845468397678491,False,attack_checks_failed
601168.SH,西部矿业,工业金属,,2026-07-03,29.12,0.0655,2663607197.0,3.8,1.86,380935472.0,0.012063793103448276,0.7068965517241379,68598255724.91,0.5436893203883504,0.45631067961164967,120,0.5666666666666667,0.012124548535024144,0.01762356966658715,1.4502501737898295,-0.5042752754931499,-0.19699074778200257,2026-01-29,-0.21726101288582556,27.608331473067008,0.05191169391940224,29.63319834869102,30.67776043835617,1.03049075283501,29.03264,29.207359999999998,False,,28.872148961440274,False,0.0,,,观察,观察,-7.762808232768261,False,attack_checks_failed
300745.SZ,欣锐科技,汽车零部件,,2026-07-03,47.85,0.11,1011034810.22,14.94,2.03,-27553156.0,0.04167593360995851,0.9004149377593361,89835496839.03,0.6369137670196674,0.36308623298033266,120,0.4583333333333333,0.016691505881981216,-0.006257659964871963,1.6188756832340763,-0.41266045050173095,-0.1666592072667217,2026-06-04,-0.17898193760262726,44.73975,0.065,47.85,48.89559933159073,0.3361785488596519,47.706450000000004,47.99355,False,win_rate_lt_55;stop_risk_gt_expected_reward,28.76156104991555,False,0.0,,,观察,观察,-8.296912071709517,False,attack_checks_failed
000559.SZ,万向钱潮,汽车零部件,,2026-07-03,14.18,0.0767,1955477108.05,4.21,2.49,278364268.0,0.04167593360995851,0.9004149377593361,89835496839.03,0.7768595041322316,0.2231404958677684,120,0.475,0.011041045629860139,-0.012125951475536443,1.2823025513885007,-0.5879493369516204,-0.20186298381421544,2025-11-13,-0.20644718792866934,13.659813326264228,0.036684532703510055,14.18,14.928767492537313,1.4394207509392078,14.137459999999999,14.222539999999999,False,win_rate_lt_55,28.70297231580163,False,0.0,,,观察,观察,-7.2663083984827805,False,attack_checks_failed
000301.SZ,东方盛虹,炼化及贸易,,2026-07-03,12.66,0.0446,439031269.94,0.54,1.49,89685186.0,0.014886666666666666,0.7333333333333333,10378948578.05,0.8809523809523814,0.11904761904761864,120,0.5,0.0061565420477348275,0.00014711661767316097,1.3251024201888744,-0.32492234271808285,-0.1947156378600823,2026-03-03,-0.20301783264746232,12.116324152690117,0.04294437972431933,12.661862496379742,13.037046823151123,0.693514021299194,12.622020000000001,12.69798,False,win_rate_lt_55;stop_risk_gt_expected_reward,28.658553816046624,False,0.0,,,观察,观察,-6.792981807327999,False,attack_checks_failed
002965.SZ,祥鑫科技,汽车零部件,,2026-07-03,52.4,0.023799999999999998,1119029702.04,11.34,0.86,86043617.0,0.04167593360995851,0.9004149377593361,89835496839.03,0.7482837528604114,0.25171624713958857,120,0.48333333333333334,0.005920830894898824,-0.0023954749267876873,1.2329980890769692,-0.30584600563216247,-0.13328602794411173,2026-01-23,-0.15918163672654684,49.52035376074293,0.054955080901852485,52.4,54.36177372643125,0.6812551138008481,52.242799999999995,52.557199999999995,False,win_rate_lt_55;stop_risk_gt_expected_reward,28.65173254559174,False,0.0,,,观察,观察,-1.0532372813677666,False,attack_checks_failed
300878.SZ,维康药业,中药Ⅱ,,2026-07-03,39.56,0.1097,372490831.87,6.82,1.7,9277929.0,0.0185234375,0.875,10102883290.23,0.8698224852071013,0.13017751479289874,120,0.5083333333333333,0.013808315562806992,0.006372862736153974,1.4684979247121683,-0.4226188472970813,-0.2084773220747889,2026-01-22,-0.2647158897584213,36.988600000000005,0.065,39.81211044984225,41.40125775570859,0.7160526389159968,39.441320000000005,39.67868,False,win_rate_lt_55;stop_risk_gt_expected_reward,28.492439349644545,False,0.0,,,观察,观察,-10.742921225642199,False,attack_checks_failed
601211.SH,国泰海通,证券Ⅱ,,2026-07-03,19.38,0.011000000000000001,2605239847.0,1.0,0.77,288742080.0,0.004226530612244898,0.7551020408163265,49427468154.33,0.6000000000000014,0.3999999999999986,120,0.49166666666666664,0.002743806409065587,-0.0007908350305499178,1.217743001222481,-0.18914271102607882,-0.06805811614083226,2026-01-07,-0.07407407407407407,18.75231151243815,0.032388466850456585,19.38,19.744186022962104,0.5802018519994339,19.321859999999997,19.438139999999997,False,win_rate_lt_55;stop_risk_gt_expected_reward,28.15274509711221,False,0.0,,,观察,观察,8.07666251020118,False,attack_checks_failed
000901.SZ,航天科技,汽车零部件,,2026-07-03,18.27,0.0567,693780095.1,4.8,1.71,70187691.0,0.04167593360995851,0.9004149377593361,89835496839.03,0.8584070796460175,0.14159292035398255,120,0.45,0.0069502712192110305,-0.011960417137074995,1.2160258218250475,-0.33161198400618197,-0.20021397542154898,2026-01-12,-0.22349242640754496,17.668132799909845,0.032942922829236686,18.27,18.92865986587436,1.0943607921742542,18.21519,18.324809999999996,False,win_rate_lt_55,28.13494474007434,False,0.0,,,观察,观察,-6.2065461323777065,False,attack_checks_failed
688777.SH,中控技术,自动化设备,,2026-07-03,104.29,0.0125,2310027520.0,2.82,0.84,-121078256.0,0.02777,0.7,84263316202.25,0.6129779837775213,0.38702201622247867,120,0.525,0.008690665490077827,0.0019048473878376616,1.3984541225527858,-0.37726909347411464,-0.14081545530492903,2026-06-25,-0.15642002176278558,97.51992762946571,0.0649158344091888,104.48865653407759,106.80642554291163,0.37169847014693463,103.97713,104.60287,False,win_rate_lt_55;stop_risk_gt_expected_reward,28.132446609983347,False,0.0,,,观察,观察,-4.602246725509266,False,attack_checks_failed
601101.SH,昊华能源,煤炭开采,,2026-07-03,11.45,0.0409,361623451.0,2.23,1.32,-2659218.0,0.01535,0.8461538461538461,9490383710.21,0.8548387096774194,0.1451612903225806,120,0.5,0.012207696000832696,-0.000641238471673221,1.793234143787148,-0.4303341008950532,-0.12285108128262492,2026-06-09,-0.16733067729083673,10.819810502027083,0.05503838410243798,11.45,11.722162353760444,0.4318738326104949,11.41565,11.484349999999997,False,win_rate_lt_55;stop_risk_gt_expected_reward,28.084234879049404,False,0.0,,,观察,观察,-2.225342635190926,False,attack_checks_failed
688231.SH,隆达股份,金属新材料,,2026-07-03,40.72,0.07980000000000001,417194494.0,3.18,1.65,19034603.0,0.0015242424242424238,0.5757575757575758,26117824661.73,0.6385542168674698,0.36144578313253023,120,0.5416666666666666,0.020185877868075276,0.011906681304735347,1.70886945576674,-0.48489327249585545,-0.14300616113744083,2025-11-07,-0.17073778664007966,38.23379646188929,0.06105607903022364,41.20484006272882,43.04124705084745,0.9336512539159997,40.59784,40.84215999999999,False,win_rate_lt_55;stop_risk_gt_expected_reward,28.042195428495972,False,0.0,,,观察,观察,-0.430652323133617,False,attack_checks_failed
000534.SZ,万泽股份,生物制品,,2026-07-03,32.1,0.056600000000000004,914507779.2,5.67,1.23,97869307.0,0.020164814814814816,0.8888888888888888,16908503038.01,0.6107142857142867,0.38928571428571335,120,0.48333333333333334,0.01948325395600881,-0.0054507512095747545,1.625943872311447,-0.5565085832839101,-0.16751196222455403,2026-03-10,-0.197691500524659,30.41499917115633,0.052492237658681246,32.1,34.0718689010989,1.1702480303538463,32.0037,32.1963,False,win_rate_lt_55,27.985189699861635,False,0.0,,,观察,观察,-4.571855567655973,False,attack_checks_failed
002150.SZ,正泰电源,通用设备,,2026-07-03,26.86,0.0464,488482221.59,5.17,1.2,76648978.0,0.024774545454545455,0.7227272727272728,116562527662.72,0.7974683544303793,0.20253164556962064,120,0.49166666666666664,0.01455660981116557,-0.0021975296262797027,1.4510946701911625,-0.5013294775303055,-0.2118915144007433,2026-06-01,-0.22297925054196344,25.62403503863395,0.04601507674482695,26.86,28.492634591072346,1.3209392192379605,26.77942,26.940579999999997,False,win_rate_lt_55,27.907687861198404,False,0.0,,,观察,观察,-6.714343249121351,False,attack_checks_failed
688585.SH,上纬新材,塑料,,2026-07-03,173.6,0.0717,2101374845.0,2.94,2.56,11320816.0,0.00537638888888889,0.6111111111111112,35098515152.86,0.4604691572545608,0.5395308427454392,120,0.475,0.023027210533509267,-0.007929467749148964,1.6552586908598814,-0.46407511489963893,-0.16394200136569628,2026-01-23,-0.18666583897200317,163.06476408523758,0.06068684282697234,173.6,183.30482847457625,0.92117808780888,173.0792,174.12079999999997,False,win_rate_lt_55;stop_risk_gt_expected_reward;weak_tail_position,27.88979448069194,False,0.0,,,观察,观察,-4.387670726308797,False,attack_checks_failed
300607.SZ,拓斯达,自动化设备,,2026-07-03,52.66,0.1291,4446156899.29,26.02,1.92,117925760.0,0.02777,0.7,84263316202.25,0.689900426742531,0.3100995732574689,120,0.49166666666666664,0.005681167294464194,-0.002165189445970471,1.2501346730565879,-0.568031333617629,-0.12558160919540232,2026-03-16,-0.1419885550786839,49.2371,0.065,52.66,54.112921044684114,0.4244707834538328,52.502019999999995,52.81797999999999,False,win_rate_lt_55;stop_risk_gt_expected_reward,27.794017627614295,False,0.0,,,观察,观察,-7.16927478206195,False,attack_checks_failed
688322.SH,奥比中光-W,光学光电子,,2026-07-03,148.9,0.14529999999999998,5214621703.0,11.43,1.67,187106800.0,-0.017868817204301075,0.24731182795698925,112890995555.23,0.7934272300469482,0.2065727699530518,120,0.5166666666666667,0.0068695388502902814,0.0036272540433792367,1.2788011072767662,-0.5396352220113907,-0.1302204497421591,2026-05-25,-0.18800539083557954,139.22150000000002,0.065,149.44009812705917,153.13702151384393,0.43777667136890525,148.4533,149.3467,False,win_rate_lt_55;stop_risk_gt_expected_reward,27.70505434376974,False,0.0,,,观察,观察,-7.477230933413136,False,attack_checks_failed
603667.SH,五洲新春,通用设备,,2026-07-03,75.62,0.0775,3959755918.0,14.64,1.83,132896976.0,0.024774545454545455,0.7227272727272728,116562527662.72,0.8096385542168676,0.19036144578313238,120,0.45,0.008276562670727327,-0.007434400622462954,1.2201793955846172,-0.502567406610331,-0.21691637534498623,2026-05-25,-0.21596136154553802,71.9718137441936,0.04824366907969321,75.62,78.87620473419523,0.8925544108425649,75.39314,75.84685999999999,False,win_rate_lt_55;stop_risk_gt_expected_reward,27.631116683378835,False,0.0,,,观察,观察,-12.338172625438396,False,attack_checks_failed
300966.SZ,共同药业,化学制药,,2026-07-03,31.07,0.0803,358870576.63,15.19,1.77,-19298933.0,0.018678666666666666,0.8333333333333334,62551740744.63,0.6157760814249369,0.38422391857506316,120,0.5583333333333333,0.008017654366827331,0.0031710198938756607,1.558628534344875,-0.3001813179205465,-0.12962477834811018,2026-03-16,-0.15161290322580645,29.05045,0.065,31.16852358810272,31.730436067669174,0.32702139965298116,30.97679,31.163209999999996,False,stop_risk_gt_expected_reward,27.439658213129935,False,0.0,,,观察,观察,-1.4168543478994962,False,attack_checks_failed
002531.SZ,天顺风能,风电设备,,2026-07-03,8.54,0.0415,357178379.4,2.38,1.21,28912394.0,0.03459,0.9,14736612976.03,0.8292682926829262,0.1707317073170738,120,0.5083333333333333,0.0032364334722007207,0.0032331237343551046,1.151242268021502,-0.31275863015573446,-0.14920996784565912,2026-05-25,-0.1643385373870172,8.189260460786752,0.04107020365494704,8.567610876691392,8.799837086294415,0.7408263319193042,8.51438,8.565619999999997,False,win_rate_lt_55;profit_factor_lt_1_2;stop_risk_gt_expected_reward,27.137665200752735,False,0.0,,,观察,观察,-1.8026718533832806,False,attack_checks_failed
000739.SZ,普洛药业,化学制药,,2026-07-03,18.28,0.0304,340092996.34,1.63,1.25,22259949.0,0.018678666666666666,0.8333333333333334,62551740744.63,0.9253731343283622,0.07462686567163776,120,0.5416666666666666,0.00035059612537729844,0.0020266571852316185,1.021438980094731,-0.2671455468283782,-0.13414898806434863,2026-05-11,-0.14789828749351308,17.638165730282577,0.03511128390139084,18.317047293346036,18.666364205128204,0.6019687999805703,18.225160000000002,18.33484,False,win_rate_lt_55;profit_factor_lt_1_2;stop_risk_gt_expected_reward,27.028243156283075,False,0.0,,,观察,观察,0.37364337985223983,False,attack_checks_failed
000700.SZ,模塑科技,汽车零部件,,2026-07-03,17.52,0.0385,3325842662.37,21.12,2.09,151571584.0,0.04167593360995851,0.9004149377593361,89835496839.03,0.663594470046083,0.336405529953917,120,0.4583333333333333,0.007938850296056349,-0.00623286978630908,1.2144279675509138,-0.699313501126693,-0.17714269662921348,2026-06-04,-0.18595505617977526,16.408670739522236,0.06343203541539738,17.52,18.397098213836475,0.7892334387555056,17.46744,17.57256,False,win_rate_lt_55;stop_risk_gt_expected_reward,26.80083174565474,False,0.0,,,观察,观察,-13.336474999531669,False,attack_checks_failed
300008.SZ,天海防务,航海装备Ⅱ,,2026-07-03,6.34,0.054900000000000004,489817566.34,4.76,1.7,76662566.0,0.04899,1.0,10950827334.58,0.8,0.2,120,0.5166666666666667,0.005773736421623443,0.0015167415057333001,1.264061513714831,-0.531845570224655,-0.10796666666666657,2026-06-22,-0.13389626055488535,6.150777485246918,0.02984582251625903,6.349616141146349,6.546114306892066,1.0892694622573151,6.32098,6.359019999999999,False,win_rate_lt_55,26.79610503246878,False,0.0,,,观察,观察,1.696102633610728,False,attack_checks_failed
002821.SZ,凯莱英,医疗服务,,2026-07-03,165.14,0.078,2596175667.73,5.2,1.01,20147232.0,0.017707547169811322,0.8301886792452831,27148554101.57,0.9546846295162272,0.0453153704837728,120,0.4,0.010682273568023062,-0.010806262268008269,1.4537347607166042,-0.4850172260960737,-0.11643472195681251,2025-10-29,-0.11663301754930888,155.23677326561562,0.059968673455155386,165.14,167.60225105235853,0.24863119045932064,164.64458,165.63541999999998,False,win_rate_lt_55;stop_risk_gt_expected_reward,26.788707340699666,False,0.0,,,观察,观察,-4.621805223906922,False,attack_checks_failed
603990.SH,麦迪科技,软件开发,,2026-07-03,21.79,0.0206,408566290.0,6.22,1.17,10473632.0,0.0054868217054263565,0.6589147286821705,41102966671.92,0.8240740740740732,0.17592592592592682,120,0.5083333333333333,0.006290469171959869,0.00037269121856128417,1.3837378131637277,-0.2886217699133784,-0.10463145115753816,2025-11-06,-0.13797634691195793,20.782324009275392,0.04624488254816915,21.79812094165245,22.280139622604096,0.48640597485273523,21.724629999999998,21.855369999999997,False,win_rate_lt_55;stop_risk_gt_expected_reward,26.76306683721682,False,0.0,,,观察,观察,2.1015160871922136,False,attack_checks_failed
688183.SH,生益电子,元件,,2026-07-03,123.8,0.0737,2598280378.0,2.58,1.0,129127952.0,0.0022508196721311474,0.4918032786885246,164084358066.68,0.8888888888888883,0.11111111111111176,120,0.4166666666666667,0.014449880927091336,-0.010703749209176414,1.435374945351023,-0.5480108885392319,-0.16700188133140373,2026-06-25,-0.18677458766035437,115.753,0.065,123.8,126.59146354601071,0.3468949355052473,123.4286,124.17139999999998,False,win_rate_lt_55;stop_risk_gt_expected_reward,26.762307800378927,False,0.0,,,观察,观察,-11.489180110667439,False,attack_checks_failed
603223.SH,恒通股份,炼化及贸易,,2026-07-03,14.1,0.0475,450318440.0,4.52,1.24,-6886282.0,0.014886666666666666,0.7333333333333333,10378948578.05,0.6597938144329892,0.34020618556701077,120,0.5583333333333333,0.011604049673173094,0.007132887371874975,1.5360188899037694,-0.426171791035844,-0.17610035492457846,2025-12-08,-0.17746228926353147,13.342460703458743,0.05372619124406074,14.200573711943438,14.55561957983193,0.6014467921495047,14.057699999999999,14.142299999999999,False,stop_risk_gt_expected_reward,26.743485986466663,False,0.0,,,观察,观察,-5.852181471876724,False,attack_checks_failed
002196.SZ,方正电机,电机Ⅱ,,2026-07-03,13.99,0.0729,1189398805.65,17.74,2.15,17843565.0,0.050339999999999996,0.92,12386277568.4,0.8173913043478267,0.18260869565217333,120,0.44166666666666665,0.011435498587110786,-0.010153526298212454,1.3339426758812127,-0.5647454439423236,-0.19305627240143367,2026-05-22,-0.22458628841607575,13.290379127799776,0.05000863989994454,13.99,14.376034282593375,0.5517763948055814,13.948030000000001,14.03197,False,win_rate_lt_55;stop_risk_gt_expected_reward,26.723428177108175,False,0.0,,,观察,观察,-14.233861026000255,False,attack_checks_failed
601985.SH,中国核电,电力,,2026-07-03,8.86,0.005699999999999999,777783197.0,0.47,0.75,99339435.0,0.002226605504587156,0.5779816513761468,46596846788.42,0.9000000000000018,0.09999999999999823,120,0.44166666666666665,0.0035274332584713836,-0.0013,1.367552708022936,-0.2509006239578897,-0.0522761388286335,2026-05-19,-0.0634408602150538,8.638499999999999,0.025,8.86,9.027471898989896,0.7560808080808044,8.83342,8.886579999999999,False,win_rate_lt_55;stop_risk_gt_expected_reward,26.5588156373401,False,0.0,,,观察,观察,10.837913543576299,False,attack_checks_failed
688239.SH,航宇科技,航空装备Ⅱ,,2026-07-03,62.25,0.0581,555231110.0,4.75,1.38,23034015.0,0.043147826086956526,0.9347826086956522,25531918306.77,0.7732696897374698,0.22673031026253024,120,0.5,0.010476735788543452,0.0006765473887815022,1.3622923518152963,-0.6065950193617162,-0.1860608898361528,2026-03-06,-0.18902357799387226,59.15388396258058,0.04973680381396663,62.29211507495165,65.42901903357985,1.0267764499645593,62.06325,62.436749999999996,False,win_rate_lt_55,26.548251128467115,False,0.0,,,观察,观察,-8.410594289336373,False,attack_checks_failed
688123.SH,聚辰股份,半导体,,2026-07-03,204.66,0.044199999999999996,2915592963.0,9.07,0.74,9213152.0,-0.023851744186046513,0.2441860465116279,504819466583.53,0.6963094708759444,0.3036905291240556,120,0.5,0.017524977488704387,-0.004552586819992242,1.4565779720292225,-0.7321736961862506,-0.20466333746563894,2026-01-30,-0.22524659084784127,191.3571,0.065,204.66,214.62553848882186,0.7491252650791838,204.04602,205.27397999999997,False,win_rate_lt_55;stop_risk_gt_expected_reward,26.419998209911988,False,0.0,,,观察,观察,-15.36045206228657,False,attack_checks_failed
688418.SH,震有科技,通信设备,,2026-07-03,51.92,0.0405,443041224.0,4.51,1.16,15224077.0,0.0064333333333333334,0.5595238095238095,182120179812.87,0.7441077441077447,0.25589225589225534,120,0.49166666666666664,0.016185234482455367,-0.006212519111200774,1.480029511596654,-0.44526453477898487,-0.19146152716593248,2026-01-23,-0.20539647577092512,49.006867058452436,0.05610810750284213,51.92,54.20019095652174,0.7827280808236716,51.76424,52.075759999999995,False,win_rate_lt_55;stop_risk_gt_expected_reward,26.393592009765104,False,0.0,,,观察,观察,-7.558235693317368,False,attack_checks_failed
300446.SZ,航天智造,汽车零部件,,2026-07-03,17.91,0.0246,516541005.69,7.75,1.2,12377902.0,0.04167593360995851,0.9004149377593361,89835496839.03,0.7234042553191476,0.27659574468085235,120,0.5583333333333333,0.005857910217574791,0.004320661055477094,1.2383518519898056,-0.4594798500407967,-0.17087523872242352,2026-01-12,-0.18538030951596973,17.17651189242387,0.040954109859080295,17.987383039503595,18.509828332007952,0.8177751292930098,17.85627,17.963729999999998,False,stop_risk_gt_expected_reward,26.146638312293483,False,0.0,,,观察,观察,-5.710707469377786,False,attack_checks_failed
601108.SH,财通证券,证券Ⅱ,,2026-07-03,9.12,0.0213,876212155.0,2.09,0.82,118075761.0,0.004226530612244898,0.7551020408163265,49427468154.33,0.7333333333333322,0.26666666666666783,120,0.5166666666666667,0.002337186278685592,0.0010474986877978222,1.1772313109104944,-0.26130809710429836,-0.09067198067632845,2026-03-16,-0.09879518072289162,8.755051955873556,0.04001623290860117,9.129553188032714,9.30688492009685,0.5120863725799357,9.09264,9.147359999999999,False,win_rate_lt_55;profit_factor_lt_1_2;stop_risk_gt_expected_reward,26.134122966181373,False,0.0,,,观察,观察,4.323260193581688,False,attack_checks_failed
300853.SZ,申昊科技,电网设备,,2026-07-03,35.21,0.0931,562816167.43,16.47,1.53,-64400.0,0.021565625,0.8515625,44492773293.6,0.5975903614457833,0.40240963855421674,120,0.525,0.014495499014924772,0.005491555419383921,1.6112957584221437,-0.5180785027850787,-0.19028056960340703,2026-06-09,-0.25177211866631666,32.921350000000004,0.065,35.40335766631651,36.396219900608514,0.518305507879544,35.10437,35.31563,False,win_rate_lt_55;stop_risk_gt_expected_reward,25.8128413087786,False,0.0,,,观察,观察,-12.913498111577024,False,attack_checks_failed
600546.SH,山煤国际,煤炭开采,,2026-07-03,12.69,0.0646,427833832.0,1.73,1.51,26662299.0,0.01535,0.8461538461538461,9490383710.21,0.9718309859154911,0.02816901408450891,120,0.5166666666666667,0.004318843537686426,0.0017448474368365286,1.2313785373054869,-0.4178705870826531,-0.10878299319727894,2026-06-03,-0.12609736632083002,12.226819101201603,0.03649967681626457,12.712142113973455,13.042092211618254,0.7601613376796578,12.65193,12.728069999999999,False,win_rate_lt_55;stop_risk_gt_expected_reward,25.79095111438929,False,0.0,,,观察,观察,2.194039848589682,False,attack_checks_failed
002245.SZ,蔚蓝锂芯,电池,,2026-07-03,20.36,0.052199999999999996,3165427095.65,9.6,1.34,267787184.0,-0.0027957446808510636,0.4574468085106383,89503258817.39,0.5392670157068068,0.46073298429319315,120,0.5333333333333333,0.008660574530707241,0.006034102159513356,1.3586209193772372,-0.47378180070001485,-0.16826750902527068,2026-06-22,-0.18772563176895307,19.043489770442626,0.06466160263051925,20.482854319967693,20.982386435831177,0.47275472826400655,20.29892,20.421079999999996,False,win_rate_lt_55;stop_risk_gt_expected_reward,25.753174865632698,False,0.0,,,观察,观察,-9.457905907720907,False,attack_checks_failed
003816.SZ,中国广核,电力,,2026-07-03,3.89,0.0104,324075753.89,0.21,0.82,35660954.0,0.002226605504587156,0.5779816513761468,46596846788.42,0.8571428571428599,0.14285714285714013,120,0.5166666666666667,0.0016253141667329945,0.001175171886936467,1.1147645556601629,-0.26000978017195353,-0.09085223880597029,2026-06-01,-0.10633946830265839,3.79275,0.025,3.8945714186401825,3.9556702727272723,0.675272727272723,3.87833,3.9016699999999997,False,win_rate_lt_55;profit_factor_lt_1_2;stop_risk_gt_expected_reward,25.663782668394827,False,0.0,,,观察,观察,5.740095950202004,False,attack_checks_failed
301345.SZ,涛涛车业,摩托车及其他,,2026-07-03,230.03,0.0301,588714755.4,7.48,1.68,33050945.0,0.017775,0.875,2821384893.46,0.703404255319149,0.29659574468085104,120,0.5166666666666667,0.005454806257839451,0.0036796976106560865,1.2235794991622189,-0.3307857550260104,-0.14390071798962903,2025-10-28,-0.1523733546071001,220.52038484784114,0.041340760562356485,230.87644084137924,239.77796409098235,1.0250639941795545,229.33991,230.72008999999997,False,win_rate_lt_55,25.58830824250169,False,0.0,,,观察,观察,0.9844436512345482,False,attack_checks_failed
300163.SZ,先锋新材,化学制品,,2026-07-03,7.54,0.1654,898369195.32,25.81,5.31,-23287686.0,-0.014363473053892215,0.38922155688622756,83113440903.45,0.7582417582417585,0.24175824175824145,120,0.49166666666666664,0.015083228097773533,-0.0013,1.5431494629783882,-0.4076819436578998,-0.16122292870905588,2025-11-17,-0.18497109826589597,7.0499,0.065,7.54,7.862587791183294,0.6582081028020718,7.51738,7.562619999999999,False,win_rate_lt_55;stop_risk_gt_expected_reward,25.569760566186375,False,0.0,,,观察,观察,-4.512991574892271,False,attack_checks_failed
002009.SZ,天奇股份,专用设备,,2026-07-03,21.95,0.050199999999999995,1001141543.5,12.99,1.78,44356124.0,0.024452808988764042,0.7921348314606742,58842080476.52,0.6858974358974351,0.31410256410256493,120,0.4666666666666667,0.012935412468397018,-0.005679242172988573,1.420294832055179,-0.47527066466043855,-0.22990328965709497,2026-02-24,-0.23027599665458598,21.064275787536555,0.04035190034002026,21.95,22.651827448009506,0.7923769477380909,21.884149999999998,22.015849999999997,False,win_rate_lt_55;stop_risk_gt_expected_reward,25.46312726518114,False,0.0,,,观察,观察,-13.484686952232607,False,attack_checks_failed
688319.SH,欧林生物,生物制品,,2026-07-03,43.1,0.1051,845275025.0,5.02,1.07,24898519.0,0.020164814814814816,0.8888888888888888,16908503038.01,0.9394572025052194,0.06054279749478063,120,0.525,0.006139468491136294,0.007795729053745006,1.2009344309051346,-0.5444929394966992,-0.2034276595744681,2026-01-09,-0.20477189302569487,40.298500000000004,0.065,43.43599592221641,45.56689682926828,0.8805628517823613,42.9707,43.229299999999995,False,win_rate_lt_55;stop_risk_gt_expected_reward,25.272782601027913,False,0.0,,,观察,观察,-9.913158684476247,False,attack_checks_failed
601699.SH,潞安环能,煤炭开采,,2026-07-03,14.69,0.023,447062546.0,1.02,0.94,7961829.0,0.01535,0.8461538461538461,9490383710.21,0.75,0.25,120,0.425,0.008243822750746517,-0.00914801528918505,1.3554057551059744,-0.26971239439536043,-0.12815240071132186,2026-06-22,-0.1458209839952579,14.117656193091069,0.03896145724363045,14.69,15.261820431192659,0.9990855571250117,14.64593,14.734069999999997,False,win_rate_lt_55;stop_risk_gt_expected_reward,25.23939897480142,False,0.0,,,观察,观察,2.545913620185817,False,attack_checks_failed
002947.SZ,恒铭达,消费电子,,2026-07-03,73.13,0.0518,671199668.23,4.64,0.8,1716552.0,0.02053370786516854,0.7640449438202247,100992507941.77,0.5911214953271029,0.4088785046728971,120,0.5416666666666666,0.011361409859948272,0.007658611481976076,1.4675035978644677,-0.7256972861144189,-0.18137075471698108,2026-06-25,-0.18113207547169807,69.14366632801003,0.05451023754943212,73.69007425767691,76.0002588192455,0.7200247283395843,72.91060999999999,73.34938999999999,False,win_rate_lt_55;stop_risk_gt_expected_reward,24.6827933141656,False,0.0,,,观察,观察,-12.307760004307053,False,attack_checks_failed
688221.SH,前沿生物-U,化学制药,,2026-07-03,27.79,0.0168,852044986.0,8.35,1.05,-41496895.0,0.018678666666666666,0.8333333333333334,62551740744.63,0.789808917197451,0.21019108280254892,120,0.4583333333333333,0.013889784364588513,-0.007664423789209871,1.4207390516565732,-0.49039346605454226,-0.2523121457489878,2026-02-24,-0.25182186234817805,26.018356932779156,0.06375109993597855,27.79,29.151135569832405,0.7682899535557159,27.70663,27.873369999999998,False,win_rate_lt_55;stop_risk_gt_expected_reward,24.66993435448983,False,0.0,,,观察,观察,-16.156534523127693,False,attack_checks_failed
600875.SH,东方电气,其他电源设备Ⅱ,,2026-07-03,28.89,0.0351,1744173669.0,2.67,1.03,129155012.0,0.0084875,0.6875,19716340715.03,0.7105263157894751,0.2894736842105249,120,0.5166666666666667,0.00711121347737764,0.0029704260680132,1.2814276217621492,-0.47933826986962547,-0.12958850133018032,2026-06-04,-0.14099911321312442,27.843448366590096,0.036225394025957224,28.975815609104902,30.179151154506435,1.2318084587055567,28.80333,28.97667,False,win_rate_lt_55,24.668887458470856,False,0.0,,,观察,观察,1.633935545176644,False,attack_checks_failed
688336.SH,三生国健,生物制品,,2026-07-03,60.19,0.0174,1370715936.0,2.65,1.04,-210414.0,0.020164814814814816,0.8888888888888888,16908503038.01,0.8133116883116875,0.18668831168831249,120,0.48333333333333334,0.009334738261236866,-0.004152736421284752,1.2683782006665274,-0.5728011586089488,-0.1821820237295724,2026-06-01,-0.20982391102873033,56.27765,0.065,60.19,62.26719572749569,0.5309330012641233,60.009429999999995,60.370569999999994,False,win_rate_lt_55;stop_risk_gt_expected_reward,24.64151209998451,False,0.0,,,观察,观察,-12.692580018062042,False,attack_checks_failed
003009.SZ,中天火箭,航天装备Ⅱ,,2026-07-03,62.43,0.0353,616573995.42,6.03,1.0,27633085.0,0.06301111111111111,1.0,15226717821.77,0.573667711598746,0.42633228840125403,120,0.45,0.010627570223754433,-0.008809672355756113,1.3143033186788369,-0.5482168525065232,-0.23888865248226956,2026-01-12,-0.2501519756838906,59.043165167684876,0.05425011744858445,62.43,65.63030073645682,0.9449237695093613,62.24271,62.61728999999999,False,win_rate_lt_55;stop_risk_gt_expected_reward,24.627461282287513,False,0.0,,,观察,观察,-16.643588795553285,False,attack_checks_failed
301360.SZ,荣旗科技,通用设备,,2026-07-03,73.1,0.0886,325757821.5,12.98,2.08,3974748.0,0.024774545454545455,0.7227272727272728,116562527662.72,0.6186726659167604,0.38132733408323966,120,0.575,0.007922954350958957,0.012427390973708565,1.2885819875145805,-0.4670185131142037,-0.18319832500734648,2025-11-14,-0.2194808899030235,69.23437605774285,0.05288131247957798,74.00844228017809,76.24507810810809,0.8136016733877341,72.88069999999999,73.31929999999998,False,stop_risk_gt_expected_reward,24.616334166346086,False,0.0,,,观察,观察,-8.066147101653232,False,attack_checks_failed
002126.SZ,银轮股份,汽车零部件,,2026-07-03,53.27,0.0553,2209159595.77,5.24,1.42,-9212460.0,0.04167593360995851,0.9004149377593361,89835496839.03,0.7071428571428581,0.2928571428571419,120,0.5166666666666667,0.00277938009974363,0.004310590653844505,1.1034597785435465,-0.6635744104277328,-0.15520293412068645,2026-03-06,-0.16891891891891897,49.80745,0.065,53.4996251641303,55.213556817589584,0.561307942871463,53.11019,53.429809999999996,False,win_rate_lt_55;profit_factor_lt_1_2;stop_risk_gt_expected_reward,24.564163605741854,False,0.0,,,观察,观察,-11.516729562893238,False,attack_checks_failed
300969.SZ,恒帅股份,汽车零部件,,2026-07-03,116.61,0.1056,770672019.5,8.67,1.62,103917014.0,0.04167593360995851,0.9004149377593361,89835496839.03,0.906005221932115,0.093994778067885,120,0.5083333333333333,0.0003511340724575257,0.0033926492345399363,1.008775648514034,-0.7764509493613525,-0.228779921858042,2025-11-03,-0.23366616019101372,110.09523357277682,0.05586799097181364,117.0056168272397,123.11218165730523,0.9980682699742907,116.26017,116.95982999999998,False,win_rate_lt_55;profit_factor_lt_1_2;stop_risk_gt_expected_reward,24.306529252113762,False,0.0,,,观察,观察,-18.43362148094185,False,attack_checks_failed
002487.SZ,大金重工,风电设备,,2026-07-03,56.05,0.0252,794764203.14,2.25,0.71,11676903.0,0.03459,0.9,14736612976.03,0.6630434782608677,0.33695652173913226,120,0.475,0.007104189910822895,-0.004189449658265597,1.2956272318037474,-0.422456359628418,-0.14820316120726643,2026-06-03,-0.18558432470258934,53.74367164373989,0.0411476959190028,56.05,58.03732125350255,0.8616818364602472,55.88185,56.218149999999994,False,win_rate_lt_55;stop_risk_gt_expected_reward,24.20655215106668,False,0.0,,,观察,观察,-4.505281842252459,False,attack_checks_failed
600547.SH,山东黄金,贵金属,,2026-07-03,26.05,0.07730000000000001,3947904740.0,4.21,2.31,593544592.0,0.06531538461538461,0.8461538461538461,23982843671.39,0.6884057971014492,0.3115942028985507,120,0.45,-0.006259967728036192,-0.009620038604979151,0.8247881445653661,-0.712129703400423,-0.2453191387559808,2026-01-29,-0.2719023263487873,24.975419471173133,0.04125069208548437,26.05,26.85603424433249,0.7500919872542724,25.97185,26.128149999999998,False,win_rate_lt_55;avg_return_not_positive;profit_factor_lt_1_2;stop_risk_gt_expected_reward,24.14275175456737,False,0.0,,,观察,观察,-25.46567285441097,False,attack_checks_failed
688219.SH,会通股份,塑料,,2026-07-03,13.4,0.0412,343628753.0,4.76,1.15,34468888.0,0.00537638888888889,0.6111111111111112,35098515152.86,0.8977272727272729,0.10227272727272702,120,0.5833333333333334,-0.0003642431162464097,0.00893510187257093,0.9809668674139056,-0.4072267509458538,-0.11774374508261212,2026-02-25,-0.1273542600896861,12.833720919258822,0.0422596328911328,13.519730365092451,13.743483562119897,0.6065623361370255,13.3598,13.440199999999999,False,avg_return_not_positive;profit_factor_lt_1_2;stop_risk_gt_expected_reward,24.077759421924192,False,0.0,,,观察,观察,0.26417882000152826,False,attack_checks_failed
605123.SH,派克新材,航空装备Ⅱ,,2026-07-03,102.67,0.07400000000000001,494117836.0,4.02,1.64,-12788781.0,0.043147826086956526,0.9347826086956522,25531918306.77,0.8184049079754597,0.18159509202454024,120,0.49166666666666664,0.00654153266902963,-0.0012770022504779198,1.1997778981587122,-0.5497201913630829,-0.17324154488517743,2026-05-25,-0.1754488517745303,98.32989511490153,0.042272376401075965,102.67,107.38866266890382,1.0872231878785024,102.36199,102.97801,False,win_rate_lt_55;profit_factor_lt_1_2,23.95687947861721,False,0.0,,,观察,观察,-5.998583069527138,False,attack_checks_failed
600111.SH,北方稀土,小金属,,2026-07-03,48.62,0.0087,4073223375.0,2.32,0.99,16789200.0,-0.024070833333333333,0.375,59176327919.17,0.666666666666665,0.33333333333333504,120,0.5,0.007499541634012552,0.0002576950891509345,1.3256721953430282,-0.6104097492129543,-0.1288766920954391,2026-03-02,-0.1634474922902126,46.901970466084805,0.03533586042606315,48.63252913523451,50.12549935714284,0.8762942239485211,48.47414,48.76585999999999,False,win_rate_lt_55;stop_risk_gt_expected_reward,23.819581877064536,False,0.0,,,观察,观察,-5.086258115473537,False,attack_checks_failed
002448.SZ,中原内配,汽车零部件,,2026-07-03,12.34,0.06559999999999999,410016245.0,5.72,2.11,44507111.0,0.04167593360995851,0.9004149377593361,89835496839.03,0.6428571428571429,0.35714285714285715,120,0.5583333333333333,0.0031448735349330213,0.007797450206894121,1.1188745008676766,-0.6000816289900202,-0.1589576576576576,2026-03-16,-0.16731016731016735,11.834075223065424,0.04099876636422812,12.436220535553073,12.811212361799814,0.9313881890800385,12.30298,12.377019999999998,False,profit_factor_lt_1_2;stop_risk_gt_expected_reward,23.789370508767526,False,0.0,,,观察,观察,-6.932011429950371,False,attack_checks_failed
000893.SZ,亚钾国际,农化制品,,2026-07-03,45.02,0.077,1121730924.38,3.11,1.7,61377845.0,0.00476271186440678,0.6101694915254238,23051382286.8,0.8387096774193559,0.16129032258064416,120,0.5,0.0034003968640827498,-0.0007518205190909831,1.1429914230261278,-0.40238428878954313,-0.13433416328894035,2026-03-13,-0.18208032955715747,42.71302907914886,0.05124324568749758,45.02,46.573596015915115,0.6734354568032125,44.88494,45.15506,False,win_rate_lt_55;profit_factor_lt_1_2;stop_risk_gt_expected_reward,23.712299766744728,False,0.0,,,观察,观察,-3.768565541286896,False,attack_checks_failed
002594.SZ,比亚迪,乘用车,,2026-07-03,88.45,0.0584,6960515748.92,2.3,1.42,1168580000.0,0.0145375,0.875,12160536529.8,0.9185606060606075,0.08143939393939252,120,0.39166666666666666,-0.008114764220868933,-0.012014792219920498,0.5530586645297534,-0.673478410154827,-0.11397445818676946,2026-06-18,-0.11405411576664015,85.85386077335927,0.029351489278018502,88.45,89.08782050593675,0.24568039317446574,88.18465,88.71534999999999,False,win_rate_lt_55;avg_return_not_positive;profit_factor_lt_1_2;stop_risk_gt_expected_reward,23.590316710302453,False,0.0,,,观察,观察,-12.706911999325058,False,attack_checks_failed
000039.SZ,中集集团,通用设备,,2026-07-03,8.26,0.0509,428330790.03,2.27,1.45,-10271053.0,0.024774545454545455,0.7227272727272728,116562527662.72,0.7547169811320741,0.2452830188679259,120,0.49166666666666664,0.006997918564821982,-0.0018345609575117537,1.2743150163076777,-0.4369902082007562,-0.15774171779141102,2026-03-12,-0.17234848484848486,7.951958483533261,0.03729316179984736,8.26,8.551556757665677,0.9464852692905092,8.23522,8.28478,False,win_rate_lt_55;stop_risk_gt_expected_reward,23.48856448720034,False,0.0,,,观察,观察,-3.6159211419074113,False,attack_checks_failed
002772.SZ,众兴菌业,种植业,,2026-07-03,13.82,0.0797,429939456.57,8.71,2.94,56317691.0,0.011042105263157895,0.6842105263157895,2547157605.54,0.8490566037735847,0.15094339622641526,120,0.48333333333333334,0.00437531764867159,-0.0030667295151245765,1.1688342295874343,-0.4283063381765566,-0.1875796833773087,2026-03-20,-0.19577836411609495,13.269801319944646,0.03981177134988084,13.82,14.25556960371517,0.7916587580169216,13.77854,13.86146,False,win_rate_lt_55;profit_factor_lt_1_2;stop_risk_gt_expected_reward,23.469313151610002,False,0.0,,,观察,观察,-8.251956495187489,False,attack_checks_failed
002792.SZ,通宇通讯,通信设备,,2026-07-03,36.72,0.042300000000000004,879007631.72,7.15,0.97,68242413.0,0.0064333333333333334,0.5595238095238095,182120179812.87,0.7541899441340794,0.24581005586592064,120,0.43333333333333335,0.013964972967447942,-0.008325946631017853,1.3459068614974972,-0.7154969531747997,-0.19166792062835883,2026-05-25,-0.20034542314335058,35.07380127545598,0.04483111994945596,36.72,38.23102218373812,0.9178856484393508,36.60984,36.83015999999999,False,win_rate_lt_55;stop_risk_gt_expected_reward,23.422802997587254,False,0.0,,,观察,观察,-13.369227855883622,False,attack_checks_failed
600685.SH,中船防务,航海装备Ⅱ,,2026-07-03,27.12,0.06309999999999999,463528233.0,2.12,1.61,39831096.0,0.04899,1.0,10950827334.58,0.7724867724867727,0.2275132275132273,120,0.49166666666666664,0.002691698493847671,-0.0009375498368974543,1.1289460105931746,-0.5051510216744993,-0.11237748184019361,2025-11-24,-0.12010919017288435,26.309808618198176,0.029874313488267818,27.12,28.011601460405668,1.1004825284894946,27.03864,27.201359999999998,False,win_rate_lt_55;profit_factor_lt_1_2,23.406541069227004,False,0.0,,,观察,观察,1.209853661448851,False,attack_checks_failed
300421.SZ,力星股份,通用设备,,2026-07-03,21.14,0.08410000000000001,515654352.12,10.72,2.44,68041624.0,0.024774545454545455,0.7227272727272728,116562527662.72,0.6261261261261267,0.3738738738738733,120,0.43333333333333335,0.013128781519610895,-0.013073122710622696,1.3396927625174289,-0.5553205413018172,-0.20158766630708383,2026-05-22,-0.20676015821646887,20.228264067038147,0.04312847365004049,21.14,22.09910437561159,1.0519541250237356,21.07658,21.203419999999998,False,win_rate_lt_55,23.29007102575558,False,0.0,,,观察,观察,-10.904773039190344,False,attack_checks_failed
600483.SH,福能股份,电力,,2026-07-03,10.56,0.0183,305132977.0,1.05,0.79,31655718.0,0.002226605504587156,0.5779816513761468,46596846788.42,0.8378378378378409,0.16216216216215903,120,0.48333333333333334,0.0009126849835109262,-0.0013,1.0629344232858335,-0.29561441858049964,-0.150715692821369,2026-06-23,-0.16277128547579311,10.150037213232947,0.038822233595364825,10.56,10.740879177497575,0.44120877146918575,10.52832,10.59168,False,win_rate_lt_55;profit_factor_lt_1_2;stop_risk_gt_expected_reward,23.210535429779714,False,0.0,,,观察,观察,-4.850351294313795,False,attack_checks_failed
688281.SH,华秦科技,航空装备Ⅱ,,2026-07-03,51.71,0.055099999999999996,323043775.0,1.67,1.39,-29736040.0,0.043147826086956526,0.9347826086956522,25531918306.77,0.9078947368421049,0.09210526315789513,120,0.475,0.005619313323601646,-0.0037078504460351424,1.198959428427352,-0.7049427372002068,-0.15543033840697498,2026-05-14,-0.1595980493571746,49.79622074807017,0.03700984822915928,51.71,53.31593328815628,0.8391423862166356,51.55487,51.86512999999999,False,win_rate_lt_55;profit_factor_lt_1_2;stop_risk_gt_expected_reward,23.10744081279951,False,0.0,,,观察,观察,-9.036161427982591,False,attack_checks_failed
600031.SH,三一重工,工程机械,,2026-07-03,18.59,0.0461,2564906262.0,1.65,1.27,294081657.0,0.029625000000000002,0.8571428571428571,14043438459.16,0.9024390243902417,0.09756097560975832,120,0.475,-0.0028013751199035537,-0.004305737884956006,0.8486028308252048,-0.5429175933983195,-0.11347948717948711,2026-05-11,-0.12042124542124533,17.911693722406355,0.036487696481637785,18.59,18.992576185078907,0.5935020777149305,18.53423,18.64577,False,win_rate_lt_55;avg_return_not_positive;profit_factor_lt_1_2;stop_risk_gt_expected_reward,23.052238750558736,False,0.0,,,观察,观察,-4.660322019441573,False,attack_checks_failed
300681.SZ,英搏尔,汽车零部件,,2026-07-03,31.07,0.0644,471680291.56,6.67,1.42,54334698.0,0.04167593360995851,0.9004149377593361,89835496839.03,0.7595818815331007,0.2404181184668993,120,0.5083333333333333,0.0018505191411420786,0.0008037282770134392,1.07762466400573,-0.5250875523952356,-0.11345290299314817,2025-12-08,-0.1246855910887531,29.724270252780055,0.04331283383392156,31.09497183756681,31.868246398373977,0.5931699139615708,30.97679,31.163209999999996,False,win_rate_lt_55;profit_factor_lt_1_2;stop_risk_gt_expected_reward,22.997533416930686,False,0.0,,,观察,观察,-3.4596547285220214,False,attack_checks_failed
600312.SH,平高电气,电网设备,,2026-07-03,17.67,0.0255,395357228.0,1.66,1.25,21819132.0,0.021565625,0.8515625,44492773293.6,0.8148148148148184,0.18518518518518154,120,0.5083333333333333,0.005108009755016876,0.00044684939903635434,1.2318937820247708,-0.5843315500182913,-0.13538876298394711,2026-06-01,-0.14825306893295565,17.16236685221714,0.028728531283693334,17.677895828880974,18.409340946902656,1.456447338263471,17.61699,17.72301,False,win_rate_lt_55,22.983696511212173,False,0.0,,,观察,观察,0.5722934826504424,False,attack_checks_failed
688333.SH,铂力特,通用设备,,2026-07-03,112.06,0.0178,2012186672.0,6.55,1.13,171942656.0,0.024774545454545455,0.7227272727272728,116562527662.72,0.5646731571627265,0.4353268428372735,120,0.5166666666666667,0.004161970726630654,0.0027340185764774495,1.1300034479839185,-0.6529346778729626,-0.24906240846216435,2026-06-05,-0.2570179007323027,104.77610000000001,0.065,112.36637412168007,116.7512198000557,0.6440532956322438,111.72382,112.39617999999999,False,win_rate_lt_55;profit_factor_lt_1_2;stop_risk_gt_expected_reward,22.9781852471208,False,0.0,,,观察,观察,-22.15421368908977,False,attack_checks_failed
600938.SH,中国海油,油气开采Ⅱ,,2026-07-03,27.67,0.0344,1680487830.0,2.04,1.1,220583421.0,0.0214,0.8,2799157754.0,0.8437500000000017,0.1562499999999984,120,0.475,0.0013739837792727987,-0.00098908549007085,1.0659345292065951,-0.5004707347198678,-0.13118788624555647,2026-06-08,-0.1353568498769483,26.925669017720114,0.026900288481383657,27.67,28.237667282899363,0.762654378782674,27.58699,27.75301,False,win_rate_lt_55;profit_factor_lt_1_2;stop_risk_gt_expected_reward,22.977479587445693,False,0.0,,,观察,观察,-3.7882476091397512,False,attack_checks_failed
002155.SZ,湖南黄金,贵金属,,2026-07-03,25.87,0.0533,2421656587.32,5.97,1.67,193982245.0,0.06531538461538461,0.8461538461538461,23982843671.39,0.4873949579831943,0.5126050420168057,120,0.43333333333333335,0.003030039613836758,-0.016408559629107564,1.091726405394753,-0.7331915872478423,-0.16596552315608906,2026-06-22,-0.18078902229845628,24.540337175663055,0.05139786719508881,25.87,26.533887771331056,0.4992903156949681,25.79239,25.947609999999997,False,win_rate_lt_55;profit_factor_lt_1_2;stop_risk_gt_expected_reward;weak_tail_position,22.96011590319729,False,0.0,,,观察,观察,-17.49731254665155,False,attack_checks_failed
002895.SZ,川恒股份,农化制品,,2026-07-03,31.61,0.027000000000000003,317578619.0,1.69,0.92,43600167.0,0.00476271186440678,0.6101694915254238,23051382286.8,0.8558558558558557,0.14414414414414434,120,0.5,0.0063130952715389505,0.0031524086119617224,1.2396950261709583,-0.5658820915308458,-0.16118779803646557,2026-06-01,-0.16129032258064513,30.204719417366217,0.04445683589477322,31.70964763622411,32.828455406139305,0.8670548936609328,31.515169999999998,31.704829999999998,False,win_rate_lt_55;stop_risk_gt_expected_reward,22.95720053782012,False,0.0,,,观察,观察,-6.1484677105512455,False,attack_checks_failed
688266.SH,泽璟制药-U,化学制药,,2026-07-03,142.74,0.0472,1888665127.0,5.33,1.3,181697919.0,0.018678666666666666,0.8333333333333334,62551740744.63,0.838662075750123,0.16133792424987697,120,0.44166666666666665,0.004061913695023923,-0.006447212035266635,1.1475594634265953,-0.6838464415883767,-0.16314971098265899,2025-10-22,-0.19378816033979296,133.4619,0.065,142.74,147.03282093838862,0.46268319358366616,142.31178,143.16822,False,win_rate_lt_55;profit_factor_lt_1_2;stop_risk_gt_expected_reward,22.93786355355202,False,0.0,,,观察,观察,-14.929155156012394,False,attack_checks_failed
600601.SH,方正科技,元件,,2026-07-03,15.14,0.0147,7113056380.0,11.16,1.49,181319552.0,0.0022508196721311474,0.4918032786885246,164084358066.68,0.5407407407407412,0.4592592592592588,120,0.425,-0.0006993680850068129,-0.0030946463321465433,0.977611294358899,-0.6256763935195995,-0.15411690140845072,2026-05-13,-0.16549295774647876,14.184657381486934,0.06310056925449585,15.14,15.567365244094491,0.44734238357298334,15.09458,15.185419999999999,False,win_rate_lt_55;avg_return_not_positive;profit_factor_lt_1_2;stop_risk_gt_expected_reward,22.92763478711138,False,0.0,,,观察,观察,-14.815850782972714,False,attack_checks_failed
300558.SZ,贝达药业,化学制药,,2026-07-03,72.7,0.0818,1901230748.81,6.54,1.08,71123006.0,0.018678666666666666,0.8333333333333334,62551740744.63,0.9222797927461147,0.07772020725388529,120,0.45,0.0026355959586207085,-0.009002602339826225,1.1099215875448385,-0.4944691531631308,-0.17143735046521927,2025-10-10,-0.1819511481643996,68.43180842340168,0.058709650297088356,72.7,74.76148051008303,0.48298687467210716,72.4819,72.9181,False,win_rate_lt_55;profit_factor_lt_1_2;stop_risk_gt_expected_reward,22.915788545944586,False,0.0,,,观察,观察,-10.844652416238342,False,attack_checks_failed
301517.SZ,陕西华达,军工电子Ⅱ,,2026-07-03,52.34,0.0617,355276353.16,7.02,1.69,31583603.0,0.02855079365079365,0.7777777777777778,43192229483.97,0.679671457905545,0.32032854209445505,120,0.48333333333333334,0.00818946766727744,-0.0026017453287491598,1.2520785550543292,-0.53343826938959,-0.1807073705179282,2026-01-23,-0.20318725099601587,50.046482142125114,0.0438195998829746,52.34,54.27728337543319,0.8446776940416882,52.18298,52.49702,False,win_rate_lt_55;stop_risk_gt_expected_reward,22.87730742196476,False,0.0,,,观察,观察,-9.861611653684067,False,attack_checks_failed
000951.SZ,中国重汽,商用车,,2026-07-03,22.4,0.0256,610599009.53,2.36,2.02,2722125.0,0.028015384615384616,1.0,5488587049.62,0.7021276595744673,0.29787234042553273,120,0.48333333333333334,0.0022275612056243473,-0.002198535873542494,1.1229470634633445,-0.3595210887672511,-0.12467662337662336,2026-06-18,-0.150830258302583,21.378626906597553,0.045597013098323376,22.4,22.99849079979623,0.5859668750451553,22.3328,22.467199999999995,False,win_rate_lt_55;profit_factor_lt_1_2;stop_risk_gt_expected_reward,22.804000001752502,False,0.0,,,观察,观察,-2.79724492902011,False,attack_checks_failed
603119.SH,浙江荣泰,汽车零部件,,2026-07-03,74.92,0.0805,2516482785.0,12.86,2.07,331547568.0,0.04167593360995851,0.9004149377593361,89835496839.03,0.8255813953488378,0.17441860465116218,120,0.5083333333333333,-0.00698550943841689,0.0010165389811560245,0.8039733175086452,-0.8661311367928025,-0.20267083431812818,2025-09-29,-0.2214765100671141,71.25721055594033,0.048889341218094816,74.99615910046822,77.53258669297334,0.7132778809359217,74.69524,75.14475999999999,False,win_rate_lt_55;avg_return_not_positive;profit_factor_lt_1_2;stop_risk_gt_expected_reward,22.703081605498802,False,0.0,,,观察,观察,-21.694722785069548,False,attack_checks_failed
300432.SZ,富临精工,电池,,2026-07-03,20.17,0.0275,1013401259.28,2.99,0.96,56854034.0,-0.0027957446808510636,0.4574468085106383,89503258817.39,0.7105263157894753,0.28947368421052466,120,0.5,0.008781832872896965,-0.002048945147679314,1.2704277870058445,-0.47349052988626095,-0.20223945720250516,2025-11-17,-0.2204098703471351,19.15869303120513,0.05013916553271558,20.17,21.074527452447946,0.8944143374447711,20.10949,20.23051,False,win_rate_lt_55;stop_risk_gt_expected_reward,22.648269467685395,False,0.0,,,观察,观察,-10.074921861817195,False,attack_checks_failed
300455.SZ,航天智装,计算机设备,,2026-07-03,22.6,0.0747,343617757.14,2.19,1.4,18283823.0,0.012356470588235293,0.7764705882352941,37481633016.15,0.8926553672316396,0.10734463276836033,120,0.4666666666666667,0.00726672292753947,-0.012700261610626238,1.2287918879099795,-0.4918870166621011,-0.154154511970534,2025-11-14,-0.18352857649982257,21.671941050919582,0.041064555269045094,22.6,23.46219202630006,0.9290272209048515,22.532200000000003,22.6678,False,win_rate_lt_55;stop_risk_gt_expected_reward,22.58337593230715,False,0.0,,,观察,观察,-4.880158657747212,False,attack_checks_failed
000415.SZ,渤海租赁,多元金融,,2026-07-03,4.41,0.045,375199281.92,1.6,1.29,13307353.0,0.014876923076923076,1.0,4525105423.89,0.8947368421052652,0.10526315789473488,120,0.5166666666666667,0.0017152928820777552,0.0013204159824850804,1.0867303742979815,-0.4510031221432984,-0.13814210526315798,2026-05-11,-0.15398886827458258,4.244283067403937,0.03757753573606887,4.415823034482759,4.502814486033519,0.5600784698311757,4.39677,4.423229999999999,False,win_rate_lt_55;profit_factor_lt_1_2;stop_risk_gt_expected_reward,22.48220701935635,False,0.0,,,观察,观察,-4.546891469126773,False,attack_checks_failed
300034.SZ,钢研高纳,航空装备Ⅱ,,2026-07-03,17.87,0.0574,404423834.55,2.97,1.61,24961029.0,0.043147826086956526,0.9347826086956522,25531918306.77,0.8135593220338992,0.18644067796610078,120,0.5166666666666667,-0.0013819156710509523,0.0030209513289512725,0.9390374734643954,-0.4561054121543253,-0.12545654520917685,2026-03-10,-0.1312779711586276,17.226853946319917,0.03599026601455423,17.923984400248358,18.41458075059952,0.8467450705534578,17.816390000000002,17.92361,False,win_rate_lt_55;avg_return_not_positive;profit_factor_lt_1_2;stop_risk_gt_expected_reward,22.461625976066472,False,0.0,,,观察,观察,-1.5362342885430955,False,attack_checks_failed
301257.SZ,普蕊斯,医疗服务,,2026-07-03,51.96,0.0392,362615547.56,9.41,0.87,16505416.0,0.017707547169811322,0.8301886792452831,27148554101.57,0.778481012658229,0.22151898734177103,120,0.425,0.011101291052300696,-0.010483425812816558,1.3916019995398194,-0.5242896347199641,-0.1765406239628277,2026-03-16,-0.1835380019913706,48.80958557949415,0.06063153234229889,51.96,53.754076203821654,0.569473080158638,51.80412,52.11588,False,win_rate_lt_55;stop_risk_gt_expected_reward,22.40237382021784,False,0.0,,,观察,观察,-10.776001150641344,False,attack_checks_failed
688400.SH,凌云光,专用设备,,2026-07-03,71.27,0.08810000000000001,2488768105.0,7.66,1.54,204192128.0,0.024452808988764042,0.7921348314606742,58842080476.52,0.6507731958762879,0.34922680412371215,120,0.4666666666666667,0.0029112005708974275,-0.008678331524808378,1.0880138453732455,-0.8309370961188942,-0.2024661807580175,2026-05-26,-0.20247813411078708,66.63745,0.065,71.27,73.51116787985544,0.48378708915293966,71.05619,71.48380999999999,False,win_rate_lt_55;profit_factor_lt_1_2;stop_risk_gt_expected_reward,22.388539032710938,False,0.0,,,观察,观察,-21.903181956549325,False,attack_checks_failed
688620.SH,安凯微,半导体,,2026-07-03,16.36,0.019299999999999998,374135955.0,6.03,0.98,2923241.0,-0.023851744186046513,0.2441860465116279,504819466583.53,1.0,0.0,120,0.525,0.0041602780901896395,0.002882444542075503,1.1757398860401869,-0.4145380345122991,-0.13923103448275856,2026-05-25,-0.14224137931034486,15.466228361018029,0.05463151827518155,16.407156792708353,16.875320921282796,0.5765688894198557,16.31092,16.409079999999996,False,win_rate_lt_55;profit_factor_lt_1_2;stop_risk_gt_expected_reward,22.349493704518483,False,0.0,,,观察,观察,-2.1140315821165876,False,attack_checks_failed
002534.SZ,西子洁能,其他电源设备Ⅱ,,2026-07-03,17.78,0.075,439304221.71,3.05,1.1,50579323.0,0.0084875,0.6875,19716340715.03,0.8120805369127531,0.18791946308724689,120,0.55,0.002382341879712638,0.004705296198515309,1.0914491440752245,-0.6345839120484305,-0.21815082872928163,2026-06-24,-0.2196132596685083,16.902979822594094,0.04932621920168215,17.863660166409602,18.366486,0.6687257774783872,17.726660000000003,17.83334,False,profit_factor_lt_1_2;stop_risk_gt_expected_reward,22.309728651420215,False,0.0,,,观察,观察,-16.025463289147517,False,attack_checks_failed
688428.SH,诺诚健华,化学制药,,2026-07-03,30.16,0.0329,434573557.0,5.43,0.9,-17530404.0,0.018678666666666666,0.8333333333333334,62551740744.63,0.8895705521472393,0.11042944785276063,120,0.48333333333333334,0.0062304426916834745,-0.0031217553962036614,1.2114822658154243,-0.5986901271051803,-0.16284642733862612,2025-09-25,-0.1921458625525947,28.611207009738575,0.051352552727500826,30.16,31.472792,0.8476226379216822,30.06952,30.250479999999996,False,win_rate_lt_55;stop_risk_gt_expected_reward,22.16504994455738,False,0.0,,,观察,观察,-8.558928618971462,False,attack_checks_failed
603127.SH,昭衍新药,医疗服务,,2026-07-03,40.27,0.016399999999999998,1147358548.0,4.57,0.83,14920134.0,0.017707547169811322,0.8301886792452831,27148554101.57,0.7845303867403345,0.21546961325966546,120,0.4583333333333333,0.006945254975878741,-0.006718400195987716,1.2090275802948685,-0.5862515112392583,-0.18860745532963655,2026-03-16,-0.19624853458382174,38.275972506653076,0.04951645128748263,40.27,41.888286201735355,0.8115666444594011,40.149190000000004,40.39081,False,win_rate_lt_55;stop_risk_gt_expected_reward,22.129934009842394,False,0.0,,,观察,观察,-11.76077797101144,False,attack_checks_failed
603662.SH,柯力传感,通用设备,,2026-07-03,80.01,0.0839,2681289683.0,12.2,2.09,340324240.0,0.024774545454545455,0.7227272727272728,116562527662.72,0.8448500651890486,0.15514993481095143,120,0.45,-0.0020904267610894448,-0.004065183812782235,0.9094286400684465,-0.6112286077832985,-0.13585296547654183,2026-05-25,-0.15276774100303514,75.73504444607545,0.05343026564085183,80.01,81.79835754291346,0.4183335991111509,79.76997,80.25003,False,win_rate_lt_55;avg_return_not_positive;profit_factor_lt_1_2;stop_risk_gt_expected_reward,22.12771977620308,False,0.0,,,观察,观察,-11.085498113881005,False,attack_checks_failed
300775.SZ,三角防务,航空装备Ⅱ,,2026-07-03,23.17,0.061900000000000004,615933014.74,5.06,1.64,61775081.0,0.043147826086956526,0.9347826086956522,25531918306.77,0.7692307692307707,0.2307692307692293,120,0.475,0.0014365241265026447,-0.003866312598292042,1.046880874343936,-0.6023770538666633,-0.2150566137566137,2026-04-23,-0.2314814814814814,22.321386868573374,0.03662551279355319,23.17,23.875928217002237,0.8318610576005113,23.10049,23.23951,False,win_rate_lt_55;profit_factor_lt_1_2;stop_risk_gt_expected_reward,22.011291530286847,False,0.0,,,观察,观察,-16.229777245030462,False,attack_checks_failed
002465.SZ,海格通信,军工电子Ⅱ,,2026-07-03,13.07,0.0731,1520950267.72,4.78,1.55,239595424.0,0.02855079365079365,0.7777777777777778,43192229483.97,0.7699115044247791,0.2300884955752209,120,0.4666666666666667,0.00025115428973262696,-0.00537456351777058,1.0086114133953779,-0.7684874558995741,-0.1541409090909092,2026-05-28,-0.15795454545454546,12.56421997770788,0.03869778288386541,13.07,13.359603265855778,0.572587395886731,13.03079,13.10921,False,win_rate_lt_55;profit_factor_lt_1_2;stop_risk_gt_expected_reward,21.962254436602187,False,0.0,,,观察,观察,-14.20574075643896,False,attack_checks_failed
000157.SZ,中联重科,工程机械,,2026-07-03,7.18,0.0287,573893033.9,1.14,1.01,27749790.0,0.029625000000000002,0.8571428571428571,14043438459.16,0.8124999999999987,0.1875000000000014,120,0.5083333333333333,-0.0009417349018316085,0.0023545978681883363,0.9463415979816959,-0.4294863182063944,-0.1120055961070561,2026-05-11,-0.11678832116788329,6.976963608242501,0.028278048991295074,7.196906012693591,7.349917040221913,0.8368797275754309,7.15846,7.201539999999999,False,win_rate_lt_55;avg_return_not_positive;profit_factor_lt_1_2;stop_risk_gt_expected_reward,21.955408289753976,False,0.0,,,观察,观察,0.4727552465876812,False,attack_checks_failed
603699.SH,纽威股份,通用设备,,2026-07-03,51.14,0.049699999999999994,316766584.0,0.83,1.22,21160522.0,0.024774545454545455,0.7227272727272728,116562527662.72,0.8053892215568864,0.19461077844311356,120,0.475,0.004682091458341048,-0.010523452152500699,1.1867870982982818,-0.6376339684359312,-0.1732442165709598,2026-03-12,-0.17703035274815437,48.924541255194875,0.043321445928923064,51.14,52.203488654237866,0.480030899573991,50.986580000000004,51.29342,False,win_rate_lt_55;profit_factor_lt_1_2;stop_risk_gt_expected_reward,21.814902363964254,False,0.0,,,观察,观察,-13.343991413764321,False,attack_checks_failed
600036.SH,招商银行,银行Ⅱ,,2026-07-03,36.85,0.0068000000000000005,3020441264.0,0.4,0.84,-112937424.0,0.00022380952380952375,0.47619047619047616,23622941996.64,0.7042253521126752,0.29577464788732477,120,0.48333333333333334,-0.002469580518504127,-0.0005890151963207401,0.7281277789762303,-0.30038456854107987,-0.048227663987555104,2026-06-16,-0.06075241484494154,35.92875,0.025,36.85,37.1315330587484,0.3055989782886335,36.73945,36.96055,False,win_rate_lt_55;avg_return_not_positive;profit_factor_lt_1_2;stop_risk_gt_expected_reward,21.75737639600767,False,0.0,,,观察,观察,4.4717942604623655,False,attack_checks_failed
002235.SZ,安妮股份,造纸,,2026-07-03,9.25,0.0731,514685654.86,10.36,1.59,42576710.0,0.026169565217391305,0.782608695652174,3286869161.37,0.882352941176471,0.11764705882352905,120,0.4583333333333333,0.0030505533204511263,-0.005712708600770254,1.0956570585137335,-0.6736974298021302,-0.2292411764705882,2025-12-11,-0.23529411764705876,8.707109288617984,0.058690887716974706,9.25,9.420061614173227,0.3132520240405453,9.22225,9.27775,False,win_rate_lt_55;profit_factor_lt_1_2;stop_risk_gt_expected_reward,21.71668216878744,False,0.0,,,观察,观察,-22.552673806012514,False,attack_checks_failed
000063.SZ,中兴通讯,通信设备,,2026-07-03,36.34,0.028900000000000002,5377068521.16,3.69,0.87,782585840.0,0.0064333333333333334,0.5595238095238095,182120179812.87,0.47272727272727494,0.527272727272725,120,0.49166666666666664,-0.0036672077714824717,-0.002559621291740953,0.8612800875549322,-0.7441117283509173,-0.1675120031176929,2025-10-27,-0.17965705378020258,34.92985847652584,0.038804114570010116,36.34,37.246720264150945,0.6429994784616062,36.23098,36.44902,False,win_rate_lt_55;avg_return_not_positive;profit_factor_lt_1_2;stop_risk_gt_expected_reward;weak_tail_position,21.674553358674608,False,0.0,,,观察,观察,-16.882688278162185,False,attack_checks_failed
601919.SH,中远海控,航运港口,,2026-07-03,13.75,0.0425,1461672041.0,0.86,1.58,237110103.0,0.01158529411764706,0.8235294117647058,9918493487.55,0.9074074074074062,0.09259259259259375,120,0.425,-0.002131888379702116,-0.005281645438065173,0.8222377682839631,-0.3747041446643411,-0.06665532994923853,2026-03-18,-0.07106598984771573,13.40625,0.025,13.75,13.903999999999998,0.44799999999999823,13.70875,13.791249999999998,False,win_rate_lt_55;avg_return_not_positive;profit_factor_lt_1_2;stop_risk_gt_expected_reward,21.61429693372407,False,0.0,,,观察,观察,2.319218201109133,False,attack_checks_failed
600379.SH,宝光股份,电网设备,,2026-07-03,15.59,0.038599999999999995,556281405.0,10.85,1.03,15947469.0,0.021565625,0.8515625,44492773293.6,0.6666666666666666,0.3333333333333333,120,0.5166666666666667,0.005344058824728095,0.0025501924059214377,1.173362728364101,-0.6426863144269365,-0.2990260708619778,2026-05-14,-0.3093601269169751,14.771518445270708,0.05250042044447037,15.629757499608315,16.061678905334333,0.576285320797901,15.54323,15.636769999999999,False,win_rate_lt_55;profit_factor_lt_1_2;stop_risk_gt_expected_reward,21.576890162692585,False,0.0,,,观察,观察,-27.83181469718323,False,attack_checks_failed
300059.SZ,东方财富,证券Ⅱ,,2026-07-03,21.04,0.015,8584336590.56,3.07,0.68,196129616.0,0.004226530612244898,0.7551020408163265,49427468154.33,0.6181818181818172,0.3818181818181829,120,0.4,-0.007621453208801523,-0.009274418098695534,0.6241358014078326,-0.6848232742411383,-0.10539797456429581,2026-03-19,-0.10504003768252479,20.12155291362723,0.043652428059542135,21.04,21.210578385700845,0.1857247828772739,20.976879999999998,21.103119999999997,False,win_rate_lt_55;avg_return_not_positive;profit_factor_lt_1_2;stop_risk_gt_expected_reward,21.45395391767289,False,0.0,,,观察,观察,-13.495714917668678,False,attack_checks_failed
002115.SZ,三维通信,通信服务,,2026-07-03,10.7,0.0288,446833228.51,5.59,1.18,29445530.0,0.005489743589743589,0.5384615384615384,15528629996.76,0.7631578947368418,0.23684210526315813,120,0.48333333333333334,0.007049581582967615,-0.0034256359212563635,1.2275357448944433,-0.6450532339258767,-0.19744147909967838,2025-11-14,-0.197749196141479,10.350355486344643,0.03267705735096791,10.7,11.026072347749334,0.932582480246622,10.6679,10.732099999999997,False,win_rate_lt_55;stop_risk_gt_expected_reward,21.277487360149966,False,0.0,,,观察,观察,-12.291717774252433,False,attack_checks_failed
000970.SZ,中科三环,金属新材料,,2026-07-03,16.51,0.0255,2328717480.5,11.65,1.39,211926853.0,0.0015242424242424238,0.5757575757575758,26117824661.73,0.5916666666666677,0.40833333333333227,120,0.5083333333333333,0.0029262252703029256,0.0026058944877590208,1.1352113286017147,-0.5650527966397265,-0.12251212121212121,2026-03-12,-0.13684913217623507,15.59327158648091,0.055525645882440425,16.553023317992903,17.00935718927445,0.5447166051693989,16.46047,16.55953,False,win_rate_lt_55;profit_factor_lt_1_2;stop_risk_gt_expected_reward,21.25676467961271,False,0.0,,,观察,观察,-6.442426133115624,False,attack_checks_failed
002493.SZ,荣盛石化,炼化及贸易,,2026-07-03,11.72,0.054900000000000004,1013589996.39,0.94,1.25,18909072.0,0.014886666666666666,0.7333333333333333,10378948578.05,0.797101449275364,0.20289855072463608,120,0.48333333333333334,0.003472027155467985,-0.0018219206680584509,1.137167174694101,-0.5119128854356858,-0.16772335766423355,2026-03-12,-0.1693430656934306,11.080591794009054,0.054557014163050026,11.72,12.220364676818951,0.7825434083122113,11.684840000000001,11.75516,False,win_rate_lt_55;profit_factor_lt_1_2;stop_risk_gt_expected_reward,21.13276645621003,False,0.0,,,观察,观察,-7.791629890449407,False,attack_checks_failed
603135.SH,中重科技,专用设备,,2026-07-03,14.52,0.0575,786895515.0,8.91,3.19,72047006.0,0.024452808988764042,0.7921348314606742,58842080476.52,0.7362637362637361,0.2637362637362639,120,0.4583333333333333,0.00381616669715202,-0.004781501681665389,1.1553664794607552,-0.6875323145919591,-0.18276467919637066,2026-06-08,-0.2500000000000001,13.747016396911315,0.05323578533668626,14.52,14.857918871794872,0.43716175924640444,14.47644,14.563559999999997,False,win_rate_lt_55;profit_factor_lt_1_2;stop_risk_gt_expected_reward,21.121915035325536,False,0.0,,,观察,观察,-19.219706576040984,False,attack_checks_failed
600028.SH,中国石化,炼化及贸易,,2026-07-03,4.7,0.0217,1313361770.0,0.3,1.12,169254826.0,0.014886666666666666,0.7333333333333333,10378948578.05,0.7499999999999981,0.25000000000000183,120,0.5,0.00022248274056923108,-0.000345801526717625,1.017464075510296,-0.5021272517624593,-0.08254076809453473,2026-03-06,-0.08419497784342678,4.5825000000000005,0.025,4.7,4.779344545454545,0.675272727272723,4.6859,4.714099999999999,False,win_rate_lt_55;profit_factor_lt_1_2;stop_risk_gt_expected_reward,21.097415675911876,False,0.0,,,观察,观察,1.202427128927329,False,attack_checks_failed
603040.SH,新坐标,汽车零部件,,2026-07-03,71.72,0.050499999999999996,499229093.0,3.57,1.4,35474636.0,0.04167593360995851,0.9004149377593361,89835496839.03,0.7084112149532703,0.2915887850467297,120,0.43333333333333335,0.004403780511104726,-0.0060637568580585765,1.1455053640151562,-0.7164845977661477,-0.19412360831656608,2025-09-29,-0.19802146210596916,68.16235149961004,0.04960469186265984,71.72,73.71876937324889,0.5618231742202209,71.50484,71.93516,False,win_rate_lt_55;profit_factor_lt_1_2;stop_risk_gt_expected_reward,21.00096342778899,False,0.0,,,观察,观察,-18.213628775218293,False,attack_checks_failed
002389.SZ,航天彩虹,航空装备Ⅱ,,2026-07-03,18.41,0.04190000000000001,439638825.2,2.45,1.36,37610718.0,0.043147826086956526,0.9347826086956522,25531918306.77,0.7820512820512837,0.21794871794871626,120,0.4666666666666667,0.00036277534195957434,-0.0015287282708142157,1.017507246698623,-0.6144473499752435,-0.14550319541171644,2026-03-16,-0.14747335854245447,17.909610794209737,0.02718029363336577,18.41,18.82702508383234,0.8334014383338502,18.35477,18.46523,False,win_rate_lt_55;profit_factor_lt_1_2;stop_risk_gt_expected_reward,20.984288778774435,False,0.0,,,观察,观察,-7.8351604360278175,False,attack_checks_failed
300199.SZ,翰宇药业,化学制药,,2026-07-03,24.97,0.081,2023427058.8,10.99,1.36,89527729.0,0.018678666666666666,0.8333333333333334,62551740744.63,0.8181818181818182,0.18181818181818182,120,0.5166666666666667,-0.0033834031777642726,0.0031813841407264077,0.8675858483328324,-0.5137680630194296,-0.1280217630853994,2026-05-25,-0.16037316748111963,23.551177663214624,0.05682107876593411,25.049439161993938,25.64398078454842,0.47502831543761886,24.89509,25.044909999999994,False,win_rate_lt_55;avg_return_not_positive;profit_factor_lt_1_2;stop_risk_gt_expected_reward,20.93986030898528,False,0.0,,,观察,观察,-7.412230775165642,False,attack_checks_failed
002379.SZ,宏桥控股,工业金属,,2026-07-03,15.08,0.0479,535470302.13,3.12,1.08,35841550.0,0.012063793103448276,0.7068965517241379,68598255724.91,0.658227848101266,0.341772151898734,120,0.575,0.0012151399820987023,0.014900199914322423,1.0414313915366857,-0.6776004544316805,-0.21316981493299295,2026-03-16,-0.21601786853860883,14.36020389648845,0.04773183710288795,15.304695014707981,15.67083853859348,0.8208415351389857,15.03476,15.125239999999998,False,profit_factor_lt_1_2;stop_risk_gt_expected_reward,20.860959053818593,False,0.0,,,观察,观察,-15.647606522452982,False,attack_checks_failed
301225.SZ,恒勃股份,汽车零部件,,2026-07-03,95.85,0.1493,482549702.83,16.08,2.14,13774162.0,0.04167593360995851,0.9004149377593361,89835496839.03,0.7406249999999996,0.25937500000000036,120,0.475,0.0018991260918636724,-0.012489609832444768,1.0416196106238467,-0.9070850450614125,-0.2806477400459115,2026-05-22,-0.2861553075279031,90.90660996119105,0.05157423097348929,95.85,99.81074105236449,0.8012196127090948,95.56245,96.13754999999999,False,win_rate_lt_55;profit_factor_lt_1_2;stop_risk_gt_expected_reward,20.83076727375779,False,0.0,,,观察,观察,-30.096724891154565,False,attack_checks_failed
002595.SZ,豪迈科技,专用设备,,2026-07-03,49.45,0.06280000000000001,408173288.01,0.73,1.62,27757443.0,0.024452808988764042,0.7921348314606742,58842080476.52,0.9250000000000015,0.0749999999999985,120,0.4166666666666667,0.0033508357596503243,-0.013276188867804437,1.155700422308396,-0.5067434871253946,-0.0811631766805472,2026-03-06,-0.115655610929713,47.754972344996254,0.034277606774595515,49.45,50.26555282081563,0.48114425650112647,49.30165,49.598349999999996,False,win_rate_lt_55;profit_factor_lt_1_2;stop_risk_gt_expected_reward,20.794119510904373,False,0.0,,,观察,观察,-1.6996514354265022,False,attack_checks_failed
000983.SZ,山西焦煤,煤炭开采,,2026-07-03,6.23,0.0264,399745501.99,1.14,0.93,46681333.0,0.01535,0.8461538461538461,9490383710.21,0.882352941176473,0.11764705882352695,120,0.43333333333333335,0.0005737693654420477,-0.007444625222695488,1.0288914019208184,-0.417772500941739,-0.11926246648793562,2026-06-12,-0.1648793565683645,6.014014552188446,0.0346686112057071,6.23,6.357335782608695,0.5895572312806642,6.21131,6.24869,False,win_rate_lt_55;profit_factor_lt_1_2;stop_risk_gt_expected_reward,20.77985884837486,False,0.0,,,观察,观察,-4.564359556460759,False,attack_checks_failed
002422.SZ,科伦药业,化学制药,,2026-07-03,47.27,0.056299999999999996,2325960619.9,3.98,1.38,102590432.0,0.018678666666666666,0.8333333333333334,62551740744.63,0.8427184466019426,0.15728155339805736,120,0.39166666666666666,-0.0016680797709812208,-0.014022247889947635,0.9251199240357612,-0.39706832670550785,-0.07887065544197228,2025-12-05,-0.09552238805970148,44.79508453076207,0.05235700167628379,47.27,47.9754664041298,0.2850466664006996,47.128190000000004,47.411809999999996,False,win_rate_lt_55;avg_return_not_positive;profit_factor_lt_1_2;stop_risk_gt_expected_reward,20.776770905725833,False,0.0,,,观察,观察,-2.111226116463391,False,attack_checks_failed
603903.SH,中持股份,环境治理,,2026-07-03,14.16,0.0817,376163906.0,10.54,1.53,46439455.0,0.013590476190476191,0.7333333333333333,15391047699.97,0.818181818181818,0.18181818181818193,120,0.4583333333333333,0.004016461994906252,-0.004649682241152507,1.1307868565172299,-0.7792155150829163,-0.18128560115190787,2026-05-20,-0.19130959565479777,13.416708787194498,0.052492317288524264,14.16,14.65033451497006,0.6596802256269457,14.11752,14.202479999999998,False,win_rate_lt_55;profit_factor_lt_1_2;stop_risk_gt_expected_reward,20.746764981719362,False,0.0,,,观察,观察,-16.420810885039273,False,attack_checks_failed
000408.SZ,藏格矿业,农化制品,,2026-07-03,73.42,0.0519,1623389579.39,1.4,1.49,203050085.0,0.00476271186440678,0.6101694915254238,23051382286.8,0.5203252032520334,0.4796747967479667,120,0.5333333333333333,0.0027501744329966066,0.00856720027856558,1.1154033488522581,-0.6194566552828196,-0.14160202420477677,2026-01-26,-0.14959938535835793,70.27639995700113,0.04281667179241182,74.04900384445229,76.20131720272572,0.8847554283885447,73.19974,73.64026,False,win_rate_lt_55;profit_factor_lt_1_2;stop_risk_gt_expected_reward,20.694306338971955,False,0.0,,,观察,观察,-6.766604972343585,False,attack_checks_failed
600372.SH,中航机载,航空装备Ⅱ,,2026-07-03,11.25,0.0407,583739120.0,1.09,1.45,-4357972.0,0.043147826086956526,0.9347826086956522,25531918306.77,0.9375000000000011,0.06249999999999884,120,0.4666666666666667,-0.002741035718326212,-0.0009876951905060426,0.849366494598939,-0.47026908244430277,-0.11249347664936984,2026-05-13,-0.11860637509266125,10.96697569819102,0.025157715716353824,11.25,11.432925831792973,0.6463255297293711,11.21625,11.28375,False,win_rate_lt_55;avg_return_not_positive;profit_factor_lt_1_2;stop_risk_gt_expected_reward,20.66050043700666,False,0.0,,,观察,观察,-2.615278867558316,False,attack_checks_failed
300124.SZ,汇川技术,自动化设备,,2026-07-03,72.37,0.057999999999999996,6698910124.98,3.89,1.92,489049728.0,0.02777,0.7,84263316202.25,0.6874135546334724,0.3125864453665275,120,0.38333333333333336,-0.00910622220897692,-0.016172528106880333,0.6086812484831047,-0.7977066183171119,-0.11228623208766511,2026-06-18,-0.12136636127134925,69.36663281653175,0.04150016834970654,72.37,73.01694595377202,0.21540687976251352,72.15289,72.58711,False,win_rate_lt_55;avg_return_not_positive;profit_factor_lt_1_2;stop_risk_gt_expected_reward,20.621691676448346,False,0.0,,,观察,观察,-16.931142296476068,False,attack_checks_failed
603179.SH,新泉股份,汽车零部件,,2026-07-03,53.31,0.055,2518530596.0,6.67,1.76,131627616.0,0.04167593360995851,0.9004149377593361,89835496839.03,0.7408906882591093,0.2591093117408907,120,0.425,-0.0027152745507439944,-0.020700079374514322,0.9354947502788006,-0.8750867332457098,-0.2101695652173913,2025-11-06,-0.22104347826086956,50.390725576232214,0.05476035310012727,53.31,55.61073256609366,0.7881179471727093,53.15007,53.46993,False,win_rate_lt_55;avg_return_not_positive;profit_factor_lt_1_2;stop_risk_gt_expected_reward,20.585046930983754,False,0.0,,,观察,观察,-23.12963818510218,False,attack_checks_failed
301510.SZ,固高科技,自动化设备,,2026-07-03,35.79,0.0728,754244290.35,7.68,1.83,42250952.0,0.02777,0.7,84263316202.25,0.7236024844720494,0.2763975155279506,120,0.4666666666666667,0.0006832481672532092,-0.00642973438173564,1.0228146749166116,-0.44505973537013266,-0.21199492360768848,2026-05-25,-0.21217348447511086,33.72009467009263,0.05783473958947677,35.79,36.93222744839858,0.5518259371068406,35.682629999999996,35.897369999999995,False,win_rate_lt_55;profit_factor_lt_1_2;stop_risk_gt_expected_reward,20.57836809181513,False,0.0,,,观察,观察,-14.847323110897715,False,attack_checks_failed
301029.SZ,怡合达,自动化设备,,2026-07-03,31.55,0.0365,838350627.81,5.78,1.1,41201434.0,0.02777,0.7,84263316202.25,0.704918032786884,0.2950819672131159,120,0.55,-0.002054491475988764,0.012651276713288886,0.9182880967338232,-0.5447681296992992,-0.1988007619628163,2026-06-18,-0.19841511734227368,29.77315951074964,0.05631824054676261,31.949147780304266,32.531833321111534,0.5525725730877332,31.45535,31.64465,False,avg_return_not_positive;profit_factor_lt_1_2;stop_risk_gt_expected_reward,20.473844898952812,False,0.0,,,观察,观察,-14.221365194476839,False,attack_checks_failed
600066.SH,宇通客车,商用车,,2026-07-03,28.97,0.053099999999999994,845196223.0,1.33,1.31,-7030482.0,0.028015384615384616,1.0,5488587049.62,0.9062499999999988,0.09375000000000125,120,0.48333333333333334,-0.001157148854602372,-0.0024060369797351032,0.9374710393674961,-0.4936135060984116,-0.09995067466266874,2026-06-02,-0.13477537437603992,27.817773603281527,0.039773089289557195,28.97,29.45408197924298,0.4201274859017672,28.88309,29.056909999999995,False,win_rate_lt_55;avg_return_not_positive;profit_factor_lt_1_2;stop_risk_gt_expected_reward,20.460955385865752,False,0.0,,,观察,观察,-3.975889788505845,False,attack_checks_failed
301520.SZ,万邦医药,医疗服务,,2026-07-03,34.94,0.1127,426811899.6,39.11,1.62,15536642.0,0.017707547169811322,0.8301886792452831,27148554101.57,0.8697571743929353,0.13024282560706474,120,0.44166666666666665,0.0016900518718473573,-0.004822831208540078,1.0931575231228319,-0.44376410954087175,-0.1011719590268885,2025-11-14,-0.11586570111915728,32.6689,0.065,34.94,35.43249262561231,0.21685202131668113,34.83518,35.044819999999994,False,win_rate_lt_55;profit_factor_lt_1_2;stop_risk_gt_expected_reward,20.45727556326974,False,0.0,,,观察,观察,-4.280709792317528,False,attack_checks_failed
000738.SZ,航发控制,航空装备Ⅱ,,2026-07-03,18.78,0.053899999999999997,450461445.95,1.84,1.39,16165586.0,0.043147826086956526,0.9347826086956522,25531918306.77,0.8265306122448999,0.17346938775510007,120,0.5083333333333333,-0.0030519435257132005,0.0006458975446533522,0.865660744349337,-0.5652760790497825,-0.11575572278613924,2026-02-26,-0.14764017749092373,18.224503181618363,0.02957917030786135,18.79212995588859,19.07579060358056,0.5324793838465323,18.723660000000002,18.83634,False,win_rate_lt_55;avg_return_not_positive;profit_factor_lt_1_2;stop_risk_gt_expected_reward,20.396154370975466,False,0.0,,,观察,观察,-6.5778628745043575,False,attack_checks_failed
688568.SH,中科星图,IT服务Ⅱ,,2026-07-03,41.96,0.0527,649576108.0,1.94,1.11,1613075.0,0.003804065040650407,0.6178861788617886,44173804339.81,0.885245901639344,0.11475409836065598,120,0.44166666666666665,0.00641910217795221,-0.01194652374218683,1.176318138884939,-0.6610139743259973,-0.18548926716676287,2026-01-23,-0.20242354298903642,40.32436532042063,0.038980807425628455,41.96,43.72576933279775,1.0795621753702667,41.83412,42.085879999999996,False,win_rate_lt_55;profit_factor_lt_1_2,20.357939432386697,False,0.0,,,观察,观察,-11.07318277402658,False,attack_checks_failed
300487.SZ,蓝晓科技,塑料,,2026-07-03,74.64,0.1058,1652722004.72,7.24,1.57,147851516.0,0.00537638888888889,0.6111111111111112,35098515152.86,0.7494089834515364,0.25059101654846366,120,0.45,0.0025722558387721722,-0.009286468173331928,1.1163958612611564,-0.5066915198253749,-0.1527171088391355,2026-03-13,-0.15452310081532283,70.08561643670926,0.061018000579993875,74.64,76.32040888546032,0.3689651655615413,74.41608,74.86392,False,win_rate_lt_55;profit_factor_lt_1_2;stop_risk_gt_expected_reward,20.1637509237198,False,0.0,,,观察,观察,-10.266171912938542,False,attack_checks_failed
300953.SZ,震裕科技,电池,,2026-07-03,149.6,0.0794,2739411150.24,10.55,2.0,180582736.0,-0.0027957446808510636,0.4574468085106383,89503258817.39,0.5569842197545292,0.44301578024547084,120,0.49166666666666664,0.0026278047503447252,-0.0006188948736722032,1.0851103973447207,-0.7563466423414273,-0.20322412812944138,2026-05-22,-0.2074450639553952,142.79799625049841,0.04546793950201602,149.6,154.82126916227858,0.7676075101636286,149.1512,150.04879999999997,False,win_rate_lt_55;profit_factor_lt_1_2;stop_risk_gt_expected_reward,20.124675349115705,False,0.0,,,观察,观察,-18.4117157297504,False,attack_checks_failed
603305.SH,旭升集团,汽车零部件,,2026-07-03,13.05,0.0679,706022112.0,4.7,2.04,83129211.0,0.04167593360995851,0.9004149377593361,89835496839.03,0.6953125000000008,0.3046874999999992,120,0.475,-0.0015511729363420642,-0.007277981733324422,0.9521570553678941,-0.7280567167609417,-0.17082789699570813,2025-09-29,-0.1946529080675421,12.597364120057783,0.03468474175802432,13.05,13.395793374910905,0.7639548481111308,13.010850000000001,13.08915,False,win_rate_lt_55;avg_return_not_positive;profit_factor_lt_1_2;stop_risk_gt_expected_reward,20.039381251189262,False,0.0,,,观察,观察,-15.2226195036768,False,attack_checks_failed
600900.SH,长江电力,电力,,2026-07-03,27.05,0.0037,2684296201.0,0.41,0.87,93450976.0,0.002226605504587156,0.5779816513761468,46596846788.42,0.5714285714285738,0.42857142857142616,120,0.43333333333333335,-0.0014071084584287845,-0.0022171941960886553,0.7997670155519333,-0.29752634284117785,-0.04540182861240586,2026-06-11,-0.04446038006453934,26.37375,0.025,27.05,27.226614359430602,0.2611672597864732,26.96885,27.131149999999998,False,win_rate_lt_55;avg_return_not_positive;profit_factor_lt_1_2;stop_risk_gt_expected_reward,20.023051284062735,False,0.0,,,观察,观察,3.668669185211849,False,attack_checks_failed
600499.SH,科达制造,专用设备,,2026-07-03,15.55,0.0709,800318387.0,2.73,1.64,36111396.0,0.024452808988764042,0.7921348314606742,58842080476.52,0.806201550387597,0.19379844961240297,120,0.45,-0.0007229549246365808,-0.011323894862604576,0.9745421721913691,-0.44603208788604964,-0.14651640091116172,2026-03-12,-0.15148063781321175,14.882461227133762,0.04292853844798964,15.55,16.027827704626333,0.7158051697501645,15.503350000000001,15.596649999999999,False,win_rate_lt_55;avg_return_not_positive;profit_factor_lt_1_2;stop_risk_gt_expected_reward,19.894423385506883,False,0.0,,,观察,观察,-6.088630029023115,False,attack_checks_failed
601318.SH,中国平安,保险Ⅱ,,2026-07-03,49.07,0.0031,3837446848.0,0.74,0.7,-119740624.0,0.00338,1.0,9262569761.0,0.5170068027210875,0.48299319727891254,120,0.4666666666666667,-0.0014558596834718662,-0.0038422251361835734,0.8945939630358442,-0.4036835936103812,-0.0905887746358183,2026-05-11,-0.09768637532133684,47.43287466976074,0.033363059511702854,49.07,49.717368420289844,0.3954299700409847,48.92279,49.217209999999994,False,win_rate_lt_55;avg_return_not_positive;profit_factor_lt_1_2;stop_risk_gt_expected_reward,19.879759383384183,False,0.0,,,观察,观察,-2.546495581439567,False,attack_checks_failed
300725.SZ,药石科技,医疗服务,,2026-07-03,37.47,0.018500000000000003,376413858.11,5.02,0.81,-6408603.0,0.017707547169811322,0.8301886792452831,27148554101.57,0.7828947368421059,0.2171052631578942,120,0.4583333333333333,-0.0003456556332825905,-0.004183069514600878,0.9820964441002437,-0.3682693813935125,-0.11761663974151862,2026-03-16,-0.12861736334405138,36.03656850283042,0.03825544427994612,37.47,38.21296998444392,0.5183156543657507,37.35759,37.582409999999996,False,win_rate_lt_55;avg_return_not_positive;profit_factor_lt_1_2;stop_risk_gt_expected_reward,19.831936433366955,False,0.0,,,观察,观察,-2.7724900992768413,False,attack_checks_failed
300699.SZ,光威复材,航空装备Ⅱ,,2026-07-03,30.09,0.059500000000000004,1129504662.32,4.63,1.69,114263809.0,0.043147826086956526,0.9347826086956522,25531918306.77,0.8434343434343439,0.15656565656565616,120,0.4583333333333333,-0.005202405704485818,-0.006225509978887577,0.808131745011017,-0.8014931261706852,-0.16638400292184077,2026-03-12,-0.18315402781422196,29.04736230185941,0.03465063802394783,30.09,30.68912453267191,0.5746238925950732,29.99973,30.180269999999997,False,win_rate_lt_55;avg_return_not_positive;profit_factor_lt_1_2;stop_risk_gt_expected_reward,19.753739097606285,False,0.0,,,观察,观察,-17.745963596691997,False,attack_checks_failed
600893.SH,航发动力,航空装备Ⅱ,,2026-07-03,39.34,0.061500000000000006,1954952888.0,1.89,1.48,71870527.0,0.043147826086956526,0.9347826086956522,25531918306.77,0.8594377510040181,0.14056224899598194,120,0.4083333333333333,-0.003833078862503191,-0.009359362754084753,0.8532166719231165,-0.5941571185130465,-0.15449071791153005,2026-03-16,-0.161530094271211,37.89206721042459,0.036805612343045455,39.34,40.11797137209302,0.5372979862698949,39.22198,39.45802,False,win_rate_lt_55;avg_return_not_positive;profit_factor_lt_1_2;stop_risk_gt_expected_reward,19.66755505313924,False,0.0,,,观察,观察,-12.73323117046504,False,attack_checks_failed
002860.SZ,星帅尔,家电零部件Ⅱ,,2026-07-03,15.99,0.08039999999999999,596301736.85,11.0,1.88,44488596.0,0.03828387096774194,0.7741935483870968,24094395447.51,0.8263473053892212,0.1736526946107788,120,0.49166666666666664,-0.004299324994209877,-0.001670919881305609,0.8272410604348939,-0.6113665992693975,-0.10205914423740517,2026-05-25,-0.1283214517174336,15.281392791196932,0.04431564783008561,15.99,16.408002346246974,0.5898928786697436,15.94203,16.037969999999998,False,win_rate_lt_55;avg_return_not_positive;profit_factor_lt_1_2;stop_risk_gt_expected_reward,19.520911067949907,False,0.0,,,观察,观察,-5.745138831817815,False,attack_checks_failed
300516.SZ,久之洋,其他电子Ⅱ,,2026-07-03,36.95,0.05,561049461.17,6.1,1.87,59002361.0,0.004231250000000001,0.59375,27106051348.63,0.6508379888268162,0.34916201117318385,120,0.4666666666666667,0.005514890038265178,-0.008671668618842474,1.1465438245444102,-0.6258952047040038,-0.21805022117369502,2026-01-12,-0.23488646416986136,35.03291640165024,0.05188318263463494,36.95,37.78799301519469,0.43711866082211204,36.839150000000004,37.06085,False,win_rate_lt_55;profit_factor_lt_1_2;stop_risk_gt_expected_reward,19.256483662570666,False,0.0,,,观察,观察,-20.26288443666253,False,attack_checks_failed
688297.SH,中无人机,航空装备Ⅱ,,2026-07-03,43.13,0.037000000000000005,309579667.0,1.07,0.9,14352714.0,0.043147826086956526,0.9347826086956522,25531918306.77,0.8148148148148172,0.18518518518518282,120,0.43333333333333335,-0.0005996891916690068,-0.007901686888654755,0.9751116031987024,-0.6365763288983854,-0.1281736616702355,2026-03-16,-0.13365453247680237,41.51635644359029,0.03741348380268289,43.13,44.16448593398971,0.64108701694406,43.00061,43.259389999999996,False,win_rate_lt_55;avg_return_not_positive;profit_factor_lt_1_2;stop_risk_gt_expected_reward,19.21851833303788,False,0.0,,,观察,观察,-8.589900322884976,False,attack_checks_failed
301293.SZ,三博脑科,医疗服务,,2026-07-03,51.8,0.0129,427305745.24,4.06,0.9,-18939781.0,0.017707547169811322,0.8301886792452831,27148554101.57,0.9111111111111093,0.08888888888889072,120,0.375,0.006361838269691822,-0.016439994931794353,1.215651074695793,-0.5600480761655475,-0.14842454427848997,2026-03-12,-0.15682733713015684,49.63573109796239,0.041781252935089,51.8,52.515565537459274,0.3306269090618063,51.6446,51.95539999999999,False,win_rate_lt_55;stop_risk_gt_expected_reward,19.06468397715934,False,0.0,,,观察,观察,-11.389106598294902,False,attack_checks_failed
688578.SH,艾力斯,化学制药,,2026-07-03,131.76,0.0068000000000000005,2312220658.0,4.01,1.15,134207200.0,0.018678666666666666,0.8333333333333334,62551740744.63,0.7992831541218629,0.20071684587813707,120,0.39166666666666666,-0.0009231331739155129,-0.015270882046616727,0.9579217069145283,-0.6871476213786101,-0.10943666784078901,2025-10-28,-0.13156040859457552,124.47770161814134,0.05526941698435524,131.76,133.55448080138027,0.246416818878313,131.36471999999998,132.15527999999998,False,win_rate_lt_55;avg_return_not_positive;profit_factor_lt_1_2;stop_risk_gt_expected_reward,18.79447165120035,False,0.0,,,观察,观察,-12.163382442429153,False,attack_checks_failed
300154.SZ,瑞凌股份,通用设备,,2026-07-03,10.0,0.0482,338184991.59,10.82,2.42,32458371.0,0.024774545454545455,0.7227272727272728,116562527662.72,0.7087378640776696,0.29126213592233047,120,0.49166666666666664,-0.0011174414528511796,-0.00020973224306556227,0.9576369442651836,-0.8308916497055755,-0.1576937442502299,2026-05-22,-0.1772268135904499,9.438890446908324,0.05611095530916758,10.0,10.212479143179255,0.37867675217524127,9.97,10.03,False,win_rate_lt_55;avg_return_not_positive;profit_factor_lt_1_2;stop_risk_gt_expected_reward,18.725844567076248,False,0.0,,,观察,观察,-18.145961906964573,False,attack_checks_failed
300033.SZ,同花顺,软件开发,,2026-07-03,247.03,-0.0025,5227664014.33,4.82,0.8,270358352.0,0.0054868217054263565,0.6589147286821705,41102966671.92,0.4582904222451079,0.541709577754892,120,0.4,-0.0014062320160227086,-0.012399035167791315,0.9456154016493764,-0.7623716320058458,-0.12860560578661842,2026-06-04,-0.13969258589511746,233.77485903754814,0.053658021140962076,247.03,252.64965952960713,0.4239607519471952,246.28891,247.77109,False,win_rate_lt_55;avg_return_not_positive;profit_factor_lt_1_2;stop_risk_gt_expected_reward;weak_tail_position,18.670794950847235,False,0.0,,,观察,观察,-15.732025770832188,False,attack_checks_failed
300696.SZ,爱乐达,航空装备Ⅱ,,2026-07-03,27.03,0.0808,394870759.3,5.42,1.39,14021343.0,0.043147826086956526,0.9347826086956522,25531918306.77,0.4631828978622334,0.5368171021377667,120,0.525,-0.0007364910701659978,0.003741139343066825,0.9759952953427141,-0.4906843086931013,-0.20915149117468038,2026-06-23,-0.22976262933657943,25.664710375481135,0.05051015998959916,27.1311229964431,27.94873490959556,0.6729230875971304,26.94891,27.111089999999997,False,win_rate_lt_55;avg_return_not_positive;profit_factor_lt_1_2;stop_risk_gt_expected_reward;weak_tail_position,18.613571227804314,False,0.0,,,观察,观察,-15.680764699647577,False,attack_checks_failed
002841.SZ,视源股份,消费电子,,2026-07-03,38.5,0.0833,415678105.16,2.13,1.7,29296396.0,0.02053370786516854,0.7640449438202247,100992507941.77,0.8535211267605627,0.1464788732394373,120,0.475,-0.002108723889936987,-0.002752462642336172,0.8943152430863163,-0.6054920354519545,-0.09804882013633978,2026-02-25,-0.11316051844466601,37.21185797750572,0.0334582343505008,38.5,39.476890517471325,0.7583717481553286,38.3845,38.6155,False,win_rate_lt_55;avg_return_not_positive;profit_factor_lt_1_2;stop_risk_gt_expected_reward,18.595418306919942,False,0.0,,,观察,观察,-3.1310910582066454,False,attack_checks_failed
601615.SH,明阳智能,风电设备,,2026-07-03,11.82,0.0591,1115568214.0,4.22,1.29,155143267.0,0.03459,0.9,14736612976.03,0.6699999999999999,0.33000000000000007,120,0.4583333333333333,-0.0039602189225182525,-0.007941407661776843,0.8912970418145082,-0.8737429463439728,-0.19167433155080207,2026-05-26,-0.20374331550802138,11.358993264425104,0.03900226189296935,11.82,12.114753940029985,0.6393701377538729,11.78454,11.855459999999999,False,win_rate_lt_55;avg_return_not_positive;profit_factor_lt_1_2;stop_risk_gt_expected_reward,18.46037458170044,False,0.0,,,观察,观察,-22.05914467886518,False,attack_checks_failed
600590.SH,泰豪科技,军工电子Ⅱ,,2026-07-03,9.93,0.042,386514613.0,4.64,1.33,-4492029.0,0.02855079365079365,0.7777777777777778,43192229483.97,0.719298245614035,0.280701754385965,120,0.48333333333333334,-6.464768988635746e-06,-0.002589767841788525,0.9997737708821001,-0.5834980587500771,-0.15030662251655627,2026-03-24,-0.17748344370860925,9.556924272014204,0.03757056676594116,9.93,10.199873037239868,0.7233733448618869,9.90021,9.959789999999998,False,win_rate_lt_55;avg_return_not_positive;profit_factor_lt_1_2;stop_risk_gt_expected_reward,18.437431416125776,False,0.0,,,观察,观察,-9.744976949242803,False,attack_checks_failed
688513.SH,苑东生物,化学制药,,2026-07-03,57.43,0.09699999999999999,365066329.0,3.65,2.0,47911058.0,0.018678666666666666,0.8333333333333334,62551740744.63,0.551483420593368,0.44851657940663203,120,0.45,0.0018372764038816999,-0.003763894382608689,1.0633227293772243,-0.442231706763323,-0.15702304547777204,2026-04-07,-0.17181911088400614,53.854907594877794,0.062251304285603416,57.43,58.90667563657365,0.4130454458905603,57.25771,57.602289999999996,False,win_rate_lt_55;profit_factor_lt_1_2;stop_risk_gt_expected_reward,18.420823789982315,False,0.0,,,观察,观察,-10.851970147498076,False,attack_checks_failed
002151.SZ,北斗星通,军工电子Ⅱ,,2026-07-03,32.4,0.0338,562980041.99,3.94,0.96,34209807.0,0.02855079365079365,0.7777777777777778,43192229483.97,0.6933333333333328,0.30666666666666725,120,0.5,-0.0026492041769684707,3.937413349172202e-05,0.891632595067456,-0.6046807928346876,-0.21759506147113986,2026-03-16,-0.225880391748281,31.347913256783315,0.03247181306224331,32.40127572192513,33.0212534156646,0.5904963822328634,32.3028,32.49719999999999,False,win_rate_lt_55;avg_return_not_positive;profit_factor_lt_1_2;stop_risk_gt_expected_reward,18.30883157509616,False,0.0,,,观察,观察,-18.906930072657598,False,attack_checks_failed
002151.SZ,北斗星通,军工电子Ⅱ,,2026-07-03,32.4,0.0338,562980041.99,3.94,0.96,34209807.0,0.02855079365079365,0.7777777777777778,43192229483.97,0.6933333333333328,0.30666666666666725,120,0.5,-0.0026492041769684707,3.937413349172202e-05,0.891632595067456,-0.6046807928346876,-0.21759506147113986,2026-03-16,-0.225880391748281,31.347913256783315,0.03247181306224331,32.40127572192513,33.0212534156646,0.5904963822328634,32.3028,32.49719999999999,False,win_rate_lt_55;avg_return_not_positive;profit_factor_lt_1_2;stop_risk_gt_expected_reward,18.30883157509616,False,0.0,,,观察,观察,-18.906930072657598,False,attack_checks_failed
603728.SH,鸣志电器,电机Ⅱ,,2026-07-03,67.9,0.07150000000000001,1710369654.0,6.07,2.06,108182447.0,0.050339999999999996,0.92,12386277568.4,0.671506352087116,0.32849364791288405,120,0.475,-0.00816318448507365,-0.006859679032279552,0.7086305282283624,-0.7792929627226969,-0.1685780630961116,2025-09-29,-0.20160718506263298,64.58803532535012,0.04877709388291426,67.9,69.47772825632083,0.47637230807349246,67.69630000000001,68.1037,False,win_rate_lt_55;avg_return_not_positive;profit_factor_lt_1_2;stop_risk_gt_expected_reward,18.167734703172368,False,0.0,,,观察,观察,-20.111834406227512,False,attack_checks_failed
300115.SZ,长盈精密,消费电子,,2026-07-03,33.18,0.10779999999999999,3958889358.77,9.1,1.95,486786032.0,0.02053370786516854,0.7640449438202247,100992507941.77,0.8359788359788366,0.16402116402116346,120,0.425,-0.012988737662020373,-0.022253968532490984,0.6626206674928377,-0.9400648727551982,-0.19739261939218525,2025-09-29,-0.20585412667946257,31.488483180023835,0.05098001265750947,33.18,33.79291153624924,0.36234433439324815,33.08046,33.27954,False,win_rate_lt_55;avg_return_not_positive;profit_factor_lt_1_2;stop_risk_gt_expected_reward,18.02484603240386,False,0.0,,,观察,观察,-27.61151777969409,False,attack_checks_failed
300045.SZ,华力创通,军工电子Ⅱ,,2026-07-03,17.7,0.048,423564412.81,4.7,1.1,26497268.0,0.02855079365079365,0.7777777777777778,43192229483.97,0.7311827956989246,0.26881720430107536,120,0.48333333333333334,-0.0028461484840549465,-0.005409362330151023,0.8998388123341318,-0.6996029534184514,-0.16952429906542046,2026-05-25,-0.172229639519359,17.05584458380605,0.036392961366889735,17.7,18.22846247119078,0.8203959136340908,17.6469,17.753099999999996,False,win_rate_lt_55;avg_return_not_positive;profit_factor_lt_1_2;stop_risk_gt_expected_reward,17.960019588439273,False,0.0,,,观察,观察,-13.12776229840189,False,attack_checks_failed
603319.SH,美湖股份,汽车零部件,,2026-07-03,34.53,0.0473,931407506.0,7.98,1.66,43147844.0,0.04167593360995851,0.9004149377593361,89835496839.03,0.6842105263157902,0.31578947368420984,120,0.475,-0.005113795567743699,-0.009183372405198596,0.8498533008384866,-0.8178343785550563,-0.21411922884326487,2026-05-07,-0.23132250580046398,32.96912468997743,0.04520345525695267,34.53,35.552454358396,0.6550519133916028,34.426410000000004,34.63359,False,win_rate_lt_55;avg_return_not_positive;profit_factor_lt_1_2;stop_risk_gt_expected_reward,17.89613016660099,False,0.0,,,观察,观察,-23.54274499399881,False,attack_checks_failed
300759.SZ,康龙化成,医疗服务,,2026-07-03,29.66,0.0189,1572363500.64,3.79,0.64,-48143721.0,0.017707547169811322,0.8301886792452831,27148554101.57,0.7894736842105258,0.21052631578947426,120,0.43333333333333335,-0.0010510225640107758,-0.010902204950766468,0.9599887514384127,-0.51750555617387,-0.1387856486796786,2025-09-29,-0.16419580419580426,28.252969685894026,0.047438648486378174,29.66,30.18395924137931,0.3723866046995835,29.57102,29.748979999999996,False,win_rate_lt_55;avg_return_not_positive;profit_factor_lt_1_2;stop_risk_gt_expected_reward,17.83579600881567,False,0.0,,,观察,观察,-10.64432269081247,False,attack_checks_failed
002444.SZ,巨星科技,通用设备,,2026-07-03,33.18,0.0304,660666835.58,1.73,1.05,34975135.0,0.024774545454545455,0.7227272727272728,116562527662.72,0.671328671328672,0.3286713286713279,120,0.45,-0.00125580741679083,-0.0042562078050495155,0.9419163569687116,-0.4651370488098314,-0.12488031368307198,2026-02-25,-0.1308815575987019,31.90999567980089,0.038276200126555415,33.18,33.93353050356911,0.5933290868262364,33.08046,33.27954,False,win_rate_lt_55;avg_return_not_positive;profit_factor_lt_1_2;stop_risk_gt_expected_reward,17.741033872412196,False,0.0,,,观察,观察,-5.704574573782596,False,attack_checks_failed
688685.SH,迈信林,航空装备Ⅱ,,2026-07-03,57.4,0.056900000000000006,742352445.0,8.77,1.66,-103538902.0,0.043147826086956526,0.9347826086956522,25531918306.77,0.5746140651801026,0.4253859348198974,120,0.49166666666666664,-8.095384434795014e-06,-0.002179032054163842,0.9997348692772199,-0.6411994393723778,-0.16888325695080955,2025-11-17,-0.18851206843874113,53.669000000000004,0.065,57.4,58.770231258581234,0.367255764830136,57.227799999999995,57.572199999999995,False,win_rate_lt_55;avg_return_not_positive;profit_factor_lt_1_2;stop_risk_gt_expected_reward,17.66286099923928,False,0.0,,,观察,观察,-16.232264964609115,False,attack_checks_failed
002164.SZ,宁波东力,通用设备,,2026-07-03,12.83,0.0665,395688944.7,6.47,1.88,56197226.0,0.024774545454545455,0.7227272727272728,116562527662.72,0.6967213114754102,0.3032786885245898,120,0.49166666666666664,-0.0044859366898035435,-0.0028527950310559312,0.8485386671386672,-0.7219194131544042,-0.13660219780219787,2026-05-22,-0.16469926925238898,12.346840699213836,0.03765855812830588,12.83,13.072359004750592,0.5016130380937363,12.79151,12.86849,False,win_rate_lt_55;avg_return_not_positive;profit_factor_lt_1_2;stop_risk_gt_expected_reward,17.537024450815913,False,0.0,,,观察,观察,-13.510785097296328,False,attack_checks_failed
300990.SZ,同飞股份,通用设备,,2026-07-03,100.16,0.039,657589682.69,8.4,0.95,57042331.0,0.024774545454545455,0.7227272727272728,116562527662.72,0.6165803108808279,0.38341968911917207,120,0.425,0.0016610908551867086,-0.012210820079027771,1.0497130771177483,-0.6509087704336178,-0.21805224000805393,2026-05-25,-0.2172556126044498,93.6496,0.065,100.16,103.50697038237104,0.514095966817867,99.85952,100.46047999999999,False,win_rate_lt_55;profit_factor_lt_1_2;stop_risk_gt_expected_reward,17.531831027397274,False,0.0,,,观察,观察,-21.141541859137817,False,attack_checks_failed
000977.SZ,浪潮信息,计算机设备,,2026-07-03,66.33,0.0398,6465884087.18,6.59,1.13,737985504.0,0.012356470588235293,0.7764705882352941,37481633016.15,0.4686346863468638,0.5313653136531362,120,0.375,-0.008671854443015882,-0.012220292512654083,0.6933829173231044,-0.7108675985661992,-0.11783231508980332,2025-10-29,-0.14000848536274912,62.97243169860392,0.050619151234676335,66.33,67.32351562365591,0.2959033248088541,66.13101,66.52899,False,win_rate_lt_55;avg_return_not_positive;profit_factor_lt_1_2;stop_risk_gt_expected_reward;weak_tail_position,17.503426076045308,False,0.0,,,观察,观察,-16.77445180575892,False,attack_checks_failed
300401.SZ,花园生物,化学制药,,2026-07-03,21.7,0.0478,1094165266.49,9.71,0.9,19972802.0,0.018678666666666666,0.8333333333333334,62551740744.63,0.7385892116182573,0.2614107883817427,120,0.44166666666666665,-0.0017103807862677712,-0.006289349179762348,0.9257311294388575,-0.4823630947190114,-0.1630369414726243,2026-03-16,-0.17621145374449343,20.2895,0.065,21.7,22.014421578947363,0.22291497975708235,21.6349,21.765099999999997,False,win_rate_lt_55;avg_return_not_positive;profit_factor_lt_1_2;stop_risk_gt_expected_reward,17.411001867809006,False,0.0,,,观察,观察,-13.799963375825726,False,attack_checks_failed
300679.SZ,电连技术,消费电子,,2026-07-03,64.32,0.061,1967073557.23,8.71,1.15,117479152.0,0.02053370786516854,0.7640449438202247,100992507941.77,0.8541666666666647,0.14583333333333523,120,0.44166666666666665,-0.007545035394178226,-0.009549958797890699,0.7548882138210844,-0.884033550593653,-0.18362986525669459,2025-10-10,-0.20209668025626104,60.139199999999995,0.065,64.32,65.61448041532756,0.3096250515039157,64.12704,64.51295999999999,False,win_rate_lt_55;avg_return_not_positive;profit_factor_lt_1_2;stop_risk_gt_expected_reward,17.36099215677886,False,0.0,,,观察,观察,-24.34483853756209,False,attack_checks_failed
000887.SZ,中鼎股份,汽车零部件,,2026-07-03,19.01,0.068,1505976723.54,6.04,2.1,261499633.0,0.04167593360995851,0.9004149377593361,89835496839.03,0.6761363636363651,0.32386363636363485,120,0.475,-0.010060975735863469,-0.005864145082070425,0.6062617982741212,-0.7578458409281159,-0.17958054298642537,2026-06-17,-0.18778280542986436,18.16131087672004,0.04464435156654174,19.01,19.35231709653606,0.4033480424647066,18.95297,19.06703,False,win_rate_lt_55;avg_return_not_positive;profit_factor_lt_1_2;stop_risk_gt_expected_reward,17.244521278968598,False,0.0,,,观察,观察,-21.022609565885453,False,attack_checks_failed
688180.SH,君实生物-U,生物制品,,2026-07-03,38.01,0.0547,1106723334.0,3.91,1.05,15986644.0,0.020164814814814816,0.8888888888888888,16908503038.01,0.8623481781376504,0.13765182186234962,120,0.4166666666666667,-0.002729257065328753,-0.011282284250322547,0.9035168872375653,-0.7605804742094616,-0.14604820143884892,2026-02-25,-0.15714982918496823,36.1616631359036,0.04862764704278863,38.01,38.621544695302354,0.330862142708673,37.89597,38.12402999999999,False,win_rate_lt_55;avg_return_not_positive;profit_factor_lt_1_2;stop_risk_gt_expected_reward,17.200029773517976,False,0.0,,,观察,观察,-16.43725704502251,False,attack_checks_failed
002173.SZ,创新医疗,医疗服务,,2026-07-03,18.37,0.009899999999999999,670692083.55,8.78,0.77,-22052136.0,0.017707547169811322,0.8301886792452831,27148554101.57,0.8375000000000014,0.16249999999999862,120,0.44166666666666665,-0.0014207797380851844,-0.007979328687308194,0.9547110865620492,-0.6866247688992526,-0.2389106194690266,2026-05-25,-0.2516040329972503,17.38864838202697,0.05342142721682241,18.37,18.852771737150018,0.4919457290417273,18.314890000000002,18.42511,False,win_rate_lt_55;avg_return_not_positive;profit_factor_lt_1_2;stop_risk_gt_expected_reward,17.04041661265531,False,0.0,,,观察,观察,-24.22838628255701,False,attack_checks_failed
603129.SH,春风动力,摩托车及其他,,2026-07-03,262.99,0.0134,353019804.0,0.88,0.74,-32650440.0,0.017775,0.875,2821384893.46,0.9959128065395132,0.00408719346048676,120,0.4666666666666667,-0.0037688011446445776,-0.006223005548381265,0.8401561695095531,-0.6110568014065791,-0.1336649674831575,2026-03-17,-0.15378324701117652,252.7844530921624,0.03880583637338903,262.99,270.06467160016877,0.6932182727743489,262.20103,263.77896999999996,False,win_rate_lt_55;avg_return_not_positive;profit_factor_lt_1_2;stop_risk_gt_expected_reward,17.027312293897566,False,0.0,,,观察,观察,-8.016651568790241,False,attack_checks_failed
300337.SZ,银邦股份,工业金属,,2026-07-03,12.11,0.0395,345307988.6,4.04,1.22,19403077.0,0.012063793103448276,0.7068965517241379,68598255724.91,0.7377049180327864,0.2622950819672136,120,0.39166666666666666,0.0037590392205709275,-0.01871652983032288,1.1211612330756042,-0.6052568264754495,-0.16190436485730278,2026-01-23,-0.18186905428091782,11.598459473723942,0.042241166496784194,12.11,12.378243599664993,0.5243838677216244,12.07367,12.146329999999999,False,win_rate_lt_55;profit_factor_lt_1_2;stop_risk_gt_expected_reward,16.972329674581136,False,0.0,,,观察,观察,-13.884321459234236,False,attack_checks_failed
688117.SH,圣诺生物,生物制品,,2026-07-03,30.14,0.0322,346717643.0,5.28,1.13,-2855480.0,0.020164814814814816,0.8888888888888888,16908503038.01,0.7191780821917809,0.28082191780821913,120,0.45,0.00019084736945138025,-0.006558289152826112,1.008461699820091,-0.5162742289660948,-0.12178929663608565,2026-01-13,-0.13953488372093026,28.609676140705233,0.050773850673349996,30.14,30.66346543317777,0.3420618648780693,30.04958,30.23042,False,win_rate_lt_55;profit_factor_lt_1_2;stop_risk_gt_expected_reward,16.84332834524026,False,0.0,,,观察,观察,-8.275904771393636,False,attack_checks_failed
300347.SZ,泰格医药,医疗服务,,2026-07-03,47.05,0.035,857685317.74,3.29,0.63,40045011.0,0.017707547169811322,0.8301886792452831,27148554101.57,0.9675925925925924,0.03240740740740759,120,0.43333333333333335,-0.006479563431450102,-0.013928578699033498,0.7830134947157659,-0.762694591241548,-0.14403634364958576,2025-11-13,-0.16209707298999632,44.65141337999071,0.050979524336010364,47.05,48.61939753139126,0.6543009613658163,46.908849999999994,47.19114999999999,False,win_rate_lt_55;avg_return_not_positive;profit_factor_lt_1_2;stop_risk_gt_expected_reward,16.710160763983374,False,0.0,,,观察,观察,-13.797961172498496,False,attack_checks_failed
301051.SZ,信濠光电,消费电子,,2026-07-03,22.64,0.16399999999999998,776108038.99,15.65,1.02,53680106.0,0.02053370786516854,0.7640449438202247,100992507941.77,0.8309178743961355,0.16908212560386454,120,0.425,-0.003798610101305304,-0.008714571244358458,0.8503160898930908,-0.6735266482380047,-0.11907417612101581,2026-05-28,-0.12948793407886994,21.168400000000002,0.065,22.64,23.04944500534759,0.2782311805841204,22.57208,22.707919999999998,False,win_rate_lt_55;avg_return_not_positive;profit_factor_lt_1_2;stop_risk_gt_expected_reward,16.629445902690815,False,0.0,,,观察,观察,-12.088732734326022,False,attack_checks_failed
002611.SZ,东方精工,专用设备,,2026-07-03,18.14,0.0425,978007018.79,5.42,1.7,105164166.0,0.024452808988764042,0.7921348314606742,58842080476.52,0.75,0.25,120,0.425,-0.004168431910646016,-0.006432861046242554,0.8289782707197483,-0.5731332518046789,-0.13249266055045864,2025-11-05,-0.14128440366972483,17.56371428516074,0.03176878251594615,18.14,18.417029082340754,0.4807148176803664,18.08558,18.194419999999997,False,win_rate_lt_55;avg_return_not_positive;profit_factor_lt_1_2;stop_risk_gt_expected_reward,16.605487665285395,False,0.0,,,观察,观察,-10.501675092420815,False,attack_checks_failed
600741.SH,华域汽车,汽车零部件,,2026-07-03,16.07,0.0334,318588754.0,0.63,1.06,23360078.0,0.04167593360995851,0.9004149377593361,89835496839.03,0.9137931034482749,0.08620689655172509,120,0.425,-0.006574964100737676,-0.004301501501501358,0.6034339972254189,-0.6023751550818028,-0.08956429980276151,2026-04-24,-0.10108481262327418,15.66453328364568,0.02523128290941633,16.07,16.19691686918753,0.31301427236415663,16.02179,16.118209999999998,False,win_rate_lt_55;avg_return_not_positive;profit_factor_lt_1_2;stop_risk_gt_expected_reward,16.545623522089084,False,0.0,,,观察,观察,-7.330837233278376,False,attack_checks_failed
688636.SH,智明达,军工电子Ⅱ,,2026-07-03,39.95,0.1349,527161953.0,7.87,2.95,748980.0,0.02855079365079365,0.7777777777777778,43192229483.97,0.8250000000000005,0.17499999999999952,120,0.4,-0.0022796876124082936,-0.011816735171427093,0.9259195255108991,-0.8209271078949771,-0.13979470091611282,2026-01-23,-0.16831327465421242,37.97758415801744,0.049372111188549714,39.95,40.68233031826294,0.3712859644885266,39.83015,40.069849999999995,False,win_rate_lt_55;avg_return_not_positive;profit_factor_lt_1_2;stop_risk_gt_expected_reward,16.24480163726747,False,0.0,,,观察,观察,-17.683881840040133,False,attack_checks_failed
603009.SH,北特科技,汽车零部件,,2026-07-03,52.92,0.0479,736728160.0,4.14,1.21,45653417.0,0.04167593360995851,0.9004149377593361,89835496839.03,0.7170731707317083,0.28292682926829177,120,0.475,-0.009196395203596466,-0.003453303609834678,0.734285857708034,-0.7850345398606506,-0.19541269974768719,2026-05-25,-0.19629941126997474,50.07338028875301,0.05379099983459924,52.92,54.36747518644067,0.5084891321175439,52.76124,53.078759999999996,False,win_rate_lt_55;avg_return_not_positive;profit_factor_lt_1_2;stop_risk_gt_expected_reward,16.19798166053703,False,0.0,,,观察,观察,-21.75936397827956,False,attack_checks_failed
600760.SH,中航沈飞,航空装备Ⅱ,,2026-07-03,41.65,0.0213,808835540.0,0.69,1.07,58759256.0,0.043147826086956526,0.9347826086956522,25531918306.77,0.8989898989898978,0.10101010101010224,120,0.4166666666666667,-0.009156826301047933,-0.011019888735614967,0.6202452893867422,-0.7425362997141669,-0.08999936034115133,2025-10-13,-0.09737029140014208,40.60875,0.025,41.65,42.05706235845687,0.3909362386140401,41.52505,41.77495,False,win_rate_lt_55;avg_return_not_positive;profit_factor_lt_1_2;stop_risk_gt_expected_reward,16.15753762557456,False,0.0,,,观察,观察,-9.939610580748731,False,attack_checks_failed
002739.SZ,儒意电影,影视院线,,2026-07-03,9.8,0.0219,761565707.74,3.86,1.06,-18890577.0,-0.0016000000000000003,0.5555555555555556,4378495679.71,0.9687500000000007,0.031249999999999306,120,0.4666666666666667,-0.004654958081014895,-0.0036311396495716563,0.7740222391823226,-0.6350129462138125,-0.19884866618601285,2026-02-10,-0.2033165104542176,9.385599317842205,0.042285783893652534,9.8,9.957782006141247,0.3807474575564722,9.7706,9.8294,False,win_rate_lt_55;avg_return_not_positive;profit_factor_lt_1_2;stop_risk_gt_expected_reward,15.920652982830848,False,0.0,,,观察,观察,-18.574849715708158,False,attack_checks_failed
603298.SH,杭叉集团,工程机械,,2026-07-03,26.37,0.0519,302295554.0,0.88,1.17,-950795.0,0.029625000000000002,0.8571428571428571,14043438459.16,0.829268292682928,0.17073170731707202,120,0.4583333333333333,-0.005523537126098354,-0.0032306187280851982,0.7420295935266575,-0.5916673364854805,-0.13198920676202866,2026-02-25,-0.13588614029142665,25.33233457860305,0.03935022455051009,26.37,26.924335071428573,0.5342136877629611,26.29089,26.449109999999997,False,win_rate_lt_55;avg_return_not_positive;profit_factor_lt_1_2;stop_risk_gt_expected_reward,15.869554140819012,False,0.0,,,观察,观察,-9.475211889483445,False,attack_checks_failed
603032.SH,德新科技,电池,,2026-07-03,27.54,0.0617,702161119.0,11.34,1.26,83536345.0,-0.0027957446808510636,0.4574468085106383,89503258817.39,0.8519855595667869,0.14801444043321307,120,0.4583333333333333,-0.0050628748811268635,-0.005263886336972866,0.825739124784521,-0.7521982601629627,-0.23010658436213996,2025-11-19,-0.23621399176954738,25.90234154201236,0.059464722512259975,27.54,27.981597783315276,0.2696519418694398,27.45738,27.622619999999998,False,win_rate_lt_55;avg_return_not_positive;profit_factor_lt_1_2;stop_risk_gt_expected_reward,15.820091361073992,False,0.0,,,观察,观察,-26.323937108533677,False,attack_checks_failed
688320.SH,禾川科技,自动化设备,,2026-07-03,42.87,0.0378,584801582.0,9.06,1.69,45206423.0,0.02777,0.7,84263316202.25,0.6387434554973815,0.36125654450261846,120,0.4666666666666667,-0.005022294390774105,-0.00988429964164442,0.8249034275831456,-0.7610229078817323,-0.14517137189392362,2025-10-09,-0.17926356589147285,40.65402028374902,0.05169068617333753,42.87,43.66068842369263,0.35681212147118996,42.741389999999996,42.99860999999999,False,win_rate_lt_55;avg_return_not_positive;profit_factor_lt_1_2;stop_risk_gt_expected_reward,15.801069159469616,False,0.0,,,观察,观察,-17.62625437785203,False,attack_checks_failed
002931.SZ,锋龙股份,通用设备,,2026-07-03,76.29,0.0703,2803046113.6,18.58,2.75,164575376.0,0.024774545454545455,0.7227272727272728,116562527662.72,0.7609921082299895,0.23900789177001044,120,0.425,-0.01243761443753246,-0.014900715758835812,0.7423418760553228,-0.929426099943541,-0.2635317596566524,2026-02-05,-0.26223175965665235,71.33115000000001,0.065,76.29,78.61807885505965,0.4694795880213465,76.06113,76.51886999999999,False,win_rate_lt_55;avg_return_not_positive;profit_factor_lt_1_2;stop_risk_gt_expected_reward,15.74978680226074,False,0.0,,,观察,观察,-34.231742037116966,False,attack_checks_failed
300428.SZ,立中集团,汽车零部件,,2026-07-03,19.42,0.0892,313426382.2,2.76,1.88,32219344.0,0.04167593360995851,0.9004149377593361,89835496839.03,0.7664974619289352,0.23350253807106475,120,0.5083333333333333,-0.012744660618611365,0.00043509268080440654,0.5619517995813483,-0.8476449199425653,-0.19084509177972867,2025-11-17,-0.1983240223463687,18.68207979243495,0.03799795095597576,19.428449499861223,19.819056521008402,0.5407854628689297,19.36174,19.47826,False,win_rate_lt_55;avg_return_not_positive;profit_factor_lt_1_2;stop_risk_gt_expected_reward,15.534336528308923,False,0.0,,,观察,观察,-22.360931237078347,False,attack_checks_failed
300748.SZ,金力永磁,金属新材料,,2026-07-03,34.28,0.0388,2811326311.68,7.3,1.85,192599648.0,0.0015242424242424238,0.5757575757575758,26117824661.73,0.6571428571428579,0.3428571428571421,120,0.4583333333333333,-0.008236624450761247,-0.003800355821021649,0.7430904391696501,-0.7969203538722973,-0.15884763067904242,2026-01-29,-0.1651196873473375,32.60413803654874,0.048887455176524645,34.28,35.21121679276403,0.5556643763465363,34.17716,34.382839999999995,False,win_rate_lt_55;avg_return_not_positive;profit_factor_lt_1_2;stop_risk_gt_expected_reward,15.434985273877512,False,0.0,,,观察,观察,-17.93788936276926,False,attack_checks_failed
688506.SH,百利天恒,生物制品,,2026-07-03,338.53,0.009000000000000001,1419198515.0,1.04,1.17,84481925.0,0.020164814814814816,0.8888888888888888,16908503038.01,0.7008571428571421,0.29914285714285793,120,0.39166666666666666,-0.0035720543488287158,-0.025406181370322387,0.8857915881746998,-0.748011703280853,-0.14723045339963384,2026-02-24,-0.16125246258959636,316.52555,0.065,338.53,346.01724507232916,0.3402604960509912,337.51441,339.54558999999995,False,win_rate_lt_55;avg_return_not_positive;profit_factor_lt_1_2;stop_risk_gt_expected_reward,15.388780841717033,False,0.0,,,观察,观察,-17.82184971414298,False,attack_checks_failed
688385.SH,复旦微电,半导体,,2026-07-03,68.86,0.0529,1923078599.0,5.26,0.88,-54939480.0,-0.023851744186046513,0.2441860465116279,504819466583.53,0.6713735558408213,0.32862644415917874,120,0.475,-0.0006885434271323546,-0.009013253012048115,0.9790715889418766,-0.6641216710390561,-0.1623946536888137,2026-05-25,-0.17387755102040825,65.10572850662801,0.05452035279366816,68.86,70.9779556842105,0.5641455840233378,68.65342,69.06657999999999,False,win_rate_lt_55;avg_return_not_positive;profit_factor_lt_1_2;stop_risk_gt_expected_reward,15.329825031264484,False,0.0,,,观察,观察,-13.99044277295519,False,attack_checks_failed
300328.SZ,宜安科技,工业金属,,2026-07-03,14.88,0.069,1124274341.99,11.04,1.44,96477263.0,0.012063793103448276,0.7068965517241379,68598255724.91,0.5576923076923083,0.4423076923076918,120,0.44166666666666665,-0.002384187996488993,-0.0113399245405281,0.9250369325269203,-0.7531406003081365,-0.27242493519958527,2026-06-22,-0.2877138413685847,13.952992337057673,0.06229890207945754,14.88,15.361306854936567,0.5192048288024893,14.835360000000001,14.924639999999998,False,win_rate_lt_55;avg_return_not_positive;profit_factor_lt_1_2;stop_risk_gt_expected_reward,15.202249159138312,False,0.0,,,观察,观察,-31.049797549147883,False,attack_checks_failed
300777.SZ,中简科技,航空装备Ⅱ,,2026-07-03,30.23,0.1442,1049473132.25,8.29,2.9,58165254.0,0.043147826086956526,0.9347826086956522,25531918306.77,0.737603305785124,0.26239669421487594,120,0.43333333333333335,-0.010650510352530783,-0.013640414656348441,0.7082900450690224,-0.8958026655986079,-0.19999706840390866,2026-05-25,-0.19969932347782504,28.89634280723379,0.04411700935382773,30.23,31.193499711755234,0.7224493047998232,30.139310000000002,30.320689999999995,False,win_rate_lt_55;avg_return_not_positive;profit_factor_lt_1_2;stop_risk_gt_expected_reward,15.061783302399007,False,0.0,,,观察,观察,-23.73750034509793,False,attack_checks_failed
300885.SZ,海昌新材,通用设备,,2026-07-03,27.9,0.0489,565631645.55,12.43,2.58,36365964.0,0.024774545454545455,0.7227272727272728,116562527662.72,0.6612903225806447,0.3387096774193553,120,0.3416666666666667,0.001450838109166792,-0.027145581416913953,1.0365572795790994,-0.8381866530862409,-0.1659023468057367,2026-01-23,-0.1949055523755009,26.607096684264146,0.046340620635693656,27.9,28.380842068965514,0.3719087600079724,27.8163,27.983699999999995,False,win_rate_lt_55;profit_factor_lt_1_2;stop_risk_gt_expected_reward,14.99026340341592,False,0.0,,,观察,观察,-22.45536436155357,False,attack_checks_failed
000768.SZ,中航西飞,航空装备Ⅱ,,2026-07-03,20.98,0.0325,657538197.24,1.14,1.2,84401851.0,0.043147826086956526,0.9347826086956522,25531918306.77,0.8441558441558435,0.1558441558441565,120,0.35833333333333334,-0.007505063889789681,-0.013798317200899388,0.6751843352723551,-0.6653701003090533,-0.09978229342327141,2026-03-06,-0.10455311973018544,20.406809557232897,0.027320802801101197,20.98,21.172919115029387,0.3365707112945964,20.91706,21.042939999999998,False,win_rate_lt_55;avg_return_not_positive;profit_factor_lt_1_2;stop_risk_gt_expected_reward,14.987260575716572,False,0.0,,,观察,观察,-11.017388326575489,False,attack_checks_failed
300415.SZ,伊之密,专用设备,,2026-07-03,22.39,0.1073,493418350.05,4.98,3.05,52088758.0,0.024452808988764042,0.7921348314606742,58842080476.52,0.8104089219330861,0.18959107806691392,120,0.45,-0.008362836003497194,-0.004588343887517475,0.637951183401053,-0.7245598988867596,-0.14341988884477977,2026-05-22,-0.14739229024943323,21.605561320736104,0.03503522462098695,22.39,22.807417216524215,0.5321221754591613,22.32283,22.457169999999998,False,win_rate_lt_55;avg_return_not_positive;profit_factor_lt_1_2;stop_risk_gt_expected_reward,14.980924873510343,False,0.0,,,观察,观察,-14.362724995608712,False,attack_checks_failed
300222.SZ,科大智能,电网设备,,2026-07-03,13.3,0.0464,616082694.78,7.31,1.1,14061444.0,0.021565625,0.8515625,44492773293.6,0.6695652173913054,0.3304347826086947,120,0.4666666666666667,-0.005543959195862798,-0.0021888888888888835,0.8110306383998367,-0.7098368906343944,-0.20481588911426643,2026-06-05,-0.2082488167680865,12.531525139259331,0.057780064717343496,13.3,13.662360092081032,0.4715314847538201,13.260100000000001,13.3399,False,win_rate_lt_55;avg_return_not_positive;profit_factor_lt_1_2;stop_risk_gt_expected_reward,14.877002605968446,False,0.0,,,观察,观察,-21.55720373289473,False,attack_checks_failed
000012.SZ,南  玻Ａ,玻璃玻纤,,2026-07-03,5.1,0.0159,567048137.27,5.74,0.81,-30345704.0,-0.00033333333333333365,0.5333333333333333,39043545970.12,0.8275862068965493,0.1724137931034507,120,0.43333333333333335,-0.0019021390460519044,-0.0035026431718060734,0.887962647383864,-0.4794054153468361,-0.11167527593818985,2026-04-21,-0.11699779249448128,4.7806116512570584,0.06262516642018455,5.1,5.14797385438972,0.15020539909654793,5.0847,5.1152999999999995,False,win_rate_lt_55;avg_return_not_positive;profit_factor_lt_1_2;stop_risk_gt_expected_reward,14.86260905672037,False,0.0,,,观察,观察,-7.667153969068381,False,attack_checks_failed
601816.SH,京沪高铁,铁路公路,,2026-07-03,4.64,0.0131,861861020.0,0.38,1.08,48603435.0,0.0167,0.9393939393939394,3187391847.96,0.7999999999999965,0.20000000000000356,120,0.425,-0.004514296150292105,-0.0052609551784587915,0.5788838716774546,-0.49349785202228935,-0.08146032064128264,2026-06-11,-0.09600000000000009,4.524,0.025,4.64,4.670793396825396,0.26546031746031634,4.62608,4.653919999999999,False,win_rate_lt_55;avg_return_not_positive;profit_factor_lt_1_2;stop_risk_gt_expected_reward,14.808302200469367,False,0.0,,,观察,观察,-5.032190908248953,False,attack_checks_failed
002437.SZ,誉衡药业,化学制药,,2026-07-03,2.97,0.0102,311127336.13,5.06,0.82,29326923.0,0.018678666666666666,0.8333333333333334,62551740744.63,0.8461538461538464,0.15384615384615358,120,0.4,-0.004860662713057022,-0.008101470588235269,0.7706870123112114,-0.6491952433143868,-0.10245606936416188,2025-11-14,-0.1352941176470588,2.8325554103993977,0.04627763959616232,2.97,3.0094334606413997,0.28690442276402867,2.96109,2.97891,False,win_rate_lt_55;avg_return_not_positive;profit_factor_lt_1_2;stop_risk_gt_expected_reward,14.746640836738738,False,0.0,,,观察,观察,-11.156662636496566,False,attack_checks_failed
600699.SH,均胜电子,汽车零部件,,2026-07-03,23.45,0.0727,1753895834.0,5.54,2.06,314771264.0,0.04167593360995851,0.9004149377593361,89835496839.03,0.7457627118644061,0.2542372881355939,120,0.4166666666666667,-0.014798017606220548,-0.013112294153061619,0.5484535204826572,-0.8847292503867688,-0.19113790523690768,2026-05-25,-0.19981296758104727,22.574451380299525,0.03733682813221636,23.45,23.80081581300813,0.4006811330799045,23.379649999999998,23.520349999999997,False,win_rate_lt_55;avg_return_not_positive;profit_factor_lt_1_2;stop_risk_gt_expected_reward,14.731751075953568,False,0.0,,,观察,观察,-26.53737542047864,False,attack_checks_failed
300952.SZ,恒辉安防,服装家纺,,2026-07-03,20.29,0.1304,346437582.74,11.79,2.5,19698732.0,0.024188524590163935,0.8688524590163934,7175513381.93,0.7243589743589743,0.27564102564102566,120,0.4,-0.0035703879273516906,-0.018943423673353253,0.913699083051345,-0.7043081988446607,-0.225016814159292,2026-05-26,-0.23079646017699118,19.29920678555788,0.04883160248605815,20.29,20.92490280922098,0.6408025407990654,20.229129999999998,20.350869999999997,False,win_rate_lt_55;avg_return_not_positive;profit_factor_lt_1_2;stop_risk_gt_expected_reward,14.672097043637237,False,0.0,,,观察,观察,-23.207904582981858,False,attack_checks_failed
002085.SZ,万丰奥威,汽车零部件,,2026-07-03,11.49,0.0484,531680086.12,2.21,1.21,73506572.0,0.04167593360995851,0.9004149377593361,89835496839.03,0.8888888888888882,0.11111111111111184,120,0.4083333333333333,-0.011934752748920838,-0.011688564902788554,0.5417722942328902,-0.8113135396880036,-0.1163729335494327,2026-06-22,-0.12317666126418148,11.053095213873391,0.038024785563673495,11.49,11.600034209213051,0.25184940222002167,11.45553,11.524469999999999,False,win_rate_lt_55;avg_return_not_positive;profit_factor_lt_1_2;stop_risk_gt_expected_reward,14.642943278385978,False,0.0,,,观察,观察,-16.305238868304592,False,attack_checks_failed
600276.SH,恒瑞医药,化学制药,,2026-07-03,54.52,0.019299999999999998,5755668868.0,1.67,0.84,106914304.0,0.018678666666666666,0.8333333333333334,62551740744.63,0.6631016042780769,0.33689839572192315,120,0.35833333333333334,-0.013452509010597183,-0.012358450671027785,0.40817923633855296,-0.8400367646692444,-0.08951415738411775,2026-05-13,-0.11030133146461107,52.589511468987595,0.03540881384835671,54.52,54.90831415225138,0.20114812702240306,54.356440000000006,54.68356,False,win_rate_lt_55;avg_return_not_positive;profit_factor_lt_1_2;stop_risk_gt_expected_reward,14.61890625595698,False,0.0,,,观察,观察,-17.215029137163008,False,attack_checks_failed
600862.SH,中航高科,航空装备Ⅱ,,2026-07-03,18.72,0.052300000000000006,508949236.0,1.98,1.66,25065135.0,0.043147826086956526,0.9347826086956522,25531918306.77,0.8269230769230771,0.17307692307692293,120,0.4083333333333333,-0.009191705923908423,-0.015164103279932537,0.6314489710092296,-0.7259150589576162,-0.13756040878122636,2026-03-10,-0.1373959121877366,18.192967652460844,0.0281534373685446,18.72,18.978230037735845,0.4899699969870716,18.66384,18.776159999999997,False,win_rate_lt_55;avg_return_not_positive;profit_factor_lt_1_2;stop_risk_gt_expected_reward,14.53566743963172,False,0.0,,,观察,观察,-14.729952170070911,False,attack_checks_failed
300855.SZ,图南股份,金属新材料,,2026-07-03,34.79,0.0889,494560418.24,4.88,2.19,4461898.0,0.0015242424242424238,0.5757575757575758,26117824661.73,0.7403598971722368,0.2596401028277632,120,0.45,-0.0028828657945217553,-0.009347007958756846,0.9016545168508925,-0.7537128512461055,-0.17427297297297298,2026-03-10,-0.17405405405405394,33.42088757877554,0.03935361946606666,34.79,35.97125550460405,0.8627892686472042,34.685629999999996,34.894369999999995,False,win_rate_lt_55;avg_return_not_positive;profit_factor_lt_1_2;stop_risk_gt_expected_reward,14.455213504735564,False,0.0,,,观察,观察,-14.945606909469333,False,attack_checks_failed
002708.SZ,光洋股份,汽车零部件,,2026-07-03,13.7,0.056299999999999996,796246961.12,11.16,2.03,110593850.0,0.04167593360995851,0.9004149377593361,89835496839.03,0.568181818181818,0.43181818181818193,120,0.45,-0.009454338269121065,-0.009491363879566093,0.6537461259405132,-0.7603088411077251,-0.17532269861286257,2026-06-05,-0.19225634178905215,12.930321142002427,0.056180938539968805,13.7,13.918043293413172,0.28329125991643367,13.6589,13.741099999999998,False,win_rate_lt_55;avg_return_not_positive;profit_factor_lt_1_2;stop_risk_gt_expected_reward,14.405168474698591,False,0.0,,,观察,观察,-22.736578935609746,False,attack_checks_failed
688208.SH,道通科技,计算机设备,,2026-07-03,25.93,0.061799999999999994,506025016.0,2.93,1.42,57477404.0,0.012356470588235293,0.7764705882352941,37481633016.15,0.7688172043010754,0.23118279569892464,120,0.4583333333333333,-0.008001882046903545,-0.006368456787819253,0.7042519305898463,-0.7750857162055786,-0.24184121773991477,2026-05-22,-0.2468053119518917,25.026488406353174,0.03484425737164771,25.93,26.518842647124508,0.6517267196846664,25.85221,26.007789999999996,False,win_rate_lt_55;avg_return_not_positive;profit_factor_lt_1_2;stop_risk_gt_expected_reward,14.337937139584337,False,0.0,,,观察,观察,-26.12839858064882,False,attack_checks_failed
002284.SZ,亚太股份,汽车零部件,,2026-07-03,10.39,0.0635,304191358.9,4.04,1.74,17337697.0,0.04167593360995851,0.9004149377593361,89835496839.03,0.8571428571428578,0.1428571428571422,120,0.36666666666666664,-0.007540005572031222,-0.01474016666084613,0.7259215026944975,-0.8054236389801809,-0.11558571428571421,2026-05-22,-0.12621359223300976,10.02113806891427,0.035501629555893185,10.39,10.494640157190636,0.2836838078752984,10.358830000000001,10.42117,False,win_rate_lt_55;avg_return_not_positive;profit_factor_lt_1_2;stop_risk_gt_expected_reward,14.196434566516245,False,0.0,,,观察,观察,-16.043713248706197,False,attack_checks_failed
603613.SH,国联股份,互联网电商,,2026-07-03,19.68,0.0592,358043228.0,2.59,1.57,46060514.0,0.0030578947368421054,0.5263157894736842,3478468693.1,0.9159663865546207,0.08403361344537925,120,0.44166666666666665,-0.008628333301955522,-0.014144611528822047,0.6687019208074632,-0.7023900455956922,-0.13667584609903818,2026-03-16,-0.14392589953687207,18.990473694414696,0.035036905771611,19.68,19.96068894493216,0.40707503493126107,19.62096,19.73904,False,win_rate_lt_55;avg_return_not_positive;profit_factor_lt_1_2;stop_risk_gt_expected_reward,14.132702513166269,False,0.0,,,观察,观察,-13.853418523394549,False,attack_checks_failed
601058.SH,赛轮轮胎,汽车零部件,,2026-07-03,12.31,0.0548,931763985.0,2.32,1.68,-1522148.0,0.04167593360995851,0.9004149377593361,89835496839.03,0.8904109589041096,0.10958904109589045,120,0.375,-0.009065145546453364,-0.01139376902689718,0.5932517333676681,-0.708482969069107,-0.09697901234567899,2026-06-15,-0.1342592592592593,11.793960575696733,0.041920343160297864,12.31,12.488038614123582,0.3450097138682039,12.27307,12.346929999999999,False,win_rate_lt_55;avg_return_not_positive;profit_factor_lt_1_2;stop_risk_gt_expected_reward,14.069700050567441,False,0.0,,,观察,观察,-12.578183688244254,False,attack_checks_failed
688235.SH,百济神州,化学制药,,2026-07-03,266.07,0.0493,2197536297.0,7.26,1.11,117828064.0,0.018678666666666666,0.8333333333333334,62551740744.63,0.7990832696715049,0.20091673032849508,120,0.36666666666666664,-0.008626525197493474,-0.018419528856483045,0.6898133167878295,-0.7852619739284536,-0.17306420027218697,2026-02-25,-0.1824367881956881,254.2725486393502,0.044339652575073385,266.07,268.8466580196078,0.23536083639804764,265.27179,266.86821,False,win_rate_lt_55;avg_return_not_positive;profit_factor_lt_1_2;stop_risk_gt_expected_reward,14.057582484751766,False,0.0,,,观察,观察,-23.37803229739481,False,attack_checks_failed
300363.SZ,博腾股份,医疗服务,,2026-07-03,16.89,0.029300000000000003,405693836.96,4.95,0.65,-9859963.0,0.017707547169811322,0.8301886792452831,27148554101.57,0.9733333333333339,0.0266666666666661,120,0.425,-0.008856572950954949,-0.012409637519934933,0.7208547319532511,-0.8918153934725349,-0.3049551077788191,2026-05-11,-0.3206650831353919,16.004585788320572,0.05242239263939788,16.89,17.226470890861844,0.38001523628543826,16.83933,16.940669999999997,False,win_rate_lt_55;avg_return_not_positive;profit_factor_lt_1_2;stop_risk_gt_expected_reward,14.04905675065178,False,0.0,,,观察,观察,-38.36217627993937,False,attack_checks_failed
603337.SH,杰克科技,专用设备,,2026-07-03,42.33,0.0703,558944592.0,2.85,2.99,-11496470.0,0.024452808988764042,0.7921348314606742,58842080476.52,0.912698412698413,0.08730158730158699,120,0.43333333333333335,-0.009602225277545893,-0.007275222423387826,0.6452887835350977,-0.8580316140405734,-0.14853517654896745,2026-05-26,-0.15944925605152116,40.52567642212247,0.042625173113100094,42.33,42.94984222884473,0.3435316350373643,42.20301,42.45698999999999,False,win_rate_lt_55;avg_return_not_positive;profit_factor_lt_1_2;stop_risk_gt_expected_reward,13.936320274368622,False,0.0,,,观察,观察,-19.400716555342832,False,attack_checks_failed
603956.SH,威派格,专用设备,,2026-07-03,6.21,0.056100000000000004,418292178.0,11.53,1.31,46976196.0,0.024452808988764042,0.7921348314606742,58842080476.52,0.5666666666666668,0.43333333333333324,120,0.44166666666666665,-0.005333622928074933,-0.006335591770285619,0.7872207899253465,-0.6895107534806943,-0.162948177496038,2026-05-26,-0.17304747320061253,5.809981141926584,0.06441527505207986,6.21,6.299568509433961,0.22391071727304152,6.19137,6.228629999999999,False,win_rate_lt_55;avg_return_not_positive;profit_factor_lt_1_2;stop_risk_gt_expected_reward,13.905492228420098,False,0.0,,,观察,观察,-19.408945193269474,False,attack_checks_failed
300353.SZ,东土科技,通信设备,,2026-07-03,22.91,0.037599999999999995,855939820.28,6.96,1.36,37892373.0,0.0064333333333333334,0.5595238095238095,182120179812.87,0.7751937984496129,0.22480620155038708,120,0.44166666666666665,-0.0070389179830774055,-0.013103745794118302,0.758842429692699,-0.7018147205167329,-0.17601783295711051,2026-05-28,-0.1805869074492099,21.823327312849084,0.04743224300091294,22.91,23.45579772487644,0.502265062267679,22.84127,22.97873,False,win_rate_lt_55;avg_return_not_positive;profit_factor_lt_1_2;stop_risk_gt_expected_reward,13.814961838407104,False,0.0,,,观察,观察,-18.011148999563733,False,attack_checks_failed
301000.SZ,肇民科技,汽车零部件,,2026-07-03,35.63,0.084,543655955.24,6.72,2.29,65995739.0,0.04167593360995851,0.9004149377593361,89835496839.03,0.5694164989939642,0.4305835010060358,120,0.4166666666666667,-0.007930569684211507,-0.014636895438647744,0.7531008730349277,-0.7582444672500303,-0.15555681371171684,2026-05-25,-0.1600227790432801,33.796080825111765,0.05147120894999259,35.63,36.12311389710034,0.26888529432077546,35.52311,35.736889999999995,False,win_rate_lt_55;avg_return_not_positive;profit_factor_lt_1_2;stop_risk_gt_expected_reward,13.794352409906441,False,0.0,,,观察,观察,-20.203619733677435,False,attack_checks_failed
688114.SH,华大智造,医疗器械,,2026-07-03,58.71,0.131,818953125.0,3.53,2.45,133511857.0,0.021411811023622048,0.8976377952755905,22006162650.5,0.7440305635148042,0.2559694364851958,120,0.4,-0.009469928968803465,-0.013392244422239716,0.6631640626387024,-0.8208512934334439,-0.16654877545759209,2026-01-13,-0.1711781386955401,55.8229084899222,0.04917546431745529,58.71,59.52039401112877,0.28069564414566694,58.53387,58.886129999999994,False,win_rate_lt_55;avg_return_not_positive;profit_factor_lt_1_2;stop_risk_gt_expected_reward,13.350136028010336,False,0.0,,,观察,观察,-22.527098123025535,False,attack_checks_failed
600930.SH,XD华电新,电力,,2026-07-03,4.91,0.014499999999999999,342114145.0,2.17,0.83,12818326.0,0.002226605504587156,0.5779816513761468,46596846788.42,0.8750000000000028,0.12499999999999722,120,0.44166666666666665,-0.006677775635718678,-0.002086163522012606,0.6495449881831533,-0.6474578777138345,-0.12839497206703912,2026-03-24,-0.13019891500904168,4.78725,0.025,4.91,4.945227169491525,0.28698305084745673,4.89527,4.924729999999999,False,win_rate_lt_55;avg_return_not_positive;profit_factor_lt_1_2;stop_risk_gt_expected_reward,13.326937939776546,False,0.0,,,观察,观察,-12.493535036165603,False,attack_checks_failed
688165.SH,埃夫特-U,自动化设备,,2026-07-03,23.22,0.0968,851982627.0,7.14,1.82,79480579.0,0.02777,0.7,84263316202.25,0.6531986531986527,0.34680134680134733,120,0.425,-0.009205271293683705,-0.008601472336929459,0.6999807736355244,-0.7614699219559531,-0.15740859728506798,2026-05-22,-0.16289592760181004,21.867965407981345,0.0582271572790119,23.22,23.55775404282655,0.24981168737869802,23.15034,23.289659999999998,False,win_rate_lt_55;avg_return_not_positive;profit_factor_lt_1_2;stop_risk_gt_expected_reward,13.29252828218792,False,0.0,,,观察,观察,-20.37016028188189,False,attack_checks_failed
002906.SZ,华阳集团,汽车零部件,,2026-07-03,26.49,0.0409,362363308.61,2.63,1.57,17554446.0,0.04167593360995851,0.9004149377593361,89835496839.03,0.7635135135135126,0.23648648648648737,120,0.4166666666666667,-0.010580028249183996,-0.006928879423698774,0.5935186645395389,-0.7898557494073638,-0.17498961973278518,2026-06-18,-0.17368961973278518,25.399726497326803,0.04115792762073211,26.49,26.964986076923072,0.43565772786230034,26.410529999999998,26.569469999999995,False,win_rate_lt_55;avg_return_not_positive;profit_factor_lt_1_2;stop_risk_gt_expected_reward,13.168262810815754,False,0.0,,,观察,观察,-21.296072975597035,False,attack_checks_failed
603087.SH,甘李药业,生物制品,,2026-07-03,61.06,0.0666,1082242315.0,3.21,2.0,130222935.0,0.020164814814814816,0.8888888888888888,16908503038.01,0.7142857142857151,0.28571428571428487,120,0.4583333333333333,-0.011969512528495348,-0.006019274977895593,0.5060148729390674,-0.8079513006592711,-0.10398427780144862,2025-10-29,-0.1143303508024428,58.736421456414675,0.038054021349251926,61.06,61.941988459627325,0.37958194357673897,60.87682,61.243179999999995,False,win_rate_lt_55;avg_return_not_positive;profit_factor_lt_1_2;stop_risk_gt_expected_reward,13.167405574340606,False,0.0,,,观察,观察,-13.82023836551613,False,attack_checks_failed
600562.SH,国睿科技,军工电子Ⅱ,,2026-07-03,22.55,0.0637,350378589.0,1.27,1.33,32381164.0,0.02855079365079365,0.7777777777777778,43192229483.97,0.8888888888888897,0.11111111111111023,120,0.4,-0.01182319232504567,-0.015584813423057429,0.6229750597424334,-0.8431288182521829,-0.141706976744186,2025-10-10,-0.1424418604651162,21.707746818057814,0.03735047370031877,22.55,22.897915483271376,0.4130770779269744,22.48235,22.617649999999998,False,win_rate_lt_55;avg_return_not_positive;profit_factor_lt_1_2;stop_risk_gt_expected_reward,12.976479638120573,False,0.0,,,观察,观察,-18.438812738094015,False,attack_checks_failed
002625.SZ,光启技术,航空装备Ⅱ,,2026-07-03,32.14,0.0548,1289185789.08,1.89,1.04,230293266.0,0.043147826086956526,0.9347826086956522,25531918306.77,0.7969543147208128,0.2030456852791872,120,0.35,-0.013872570773911363,-0.021846425991111005,0.5423213031778177,-0.8580259916051243,-0.1792461719362425,2026-06-15,-0.2080589939425862,30.7028514572051,0.04471526268808037,32.14,32.61465284810444,0.3302740349869188,32.04358,32.236419999999995,False,win_rate_lt_55;avg_return_not_positive;profit_factor_lt_1_2;stop_risk_gt_expected_reward,12.955379966537215,False,0.0,,,观察,观察,-26.914401085458763,False,attack_checks_failed
688658.SH,悦康药业,化学制药,,2026-07-03,15.15,0.076,323348793.0,4.91,1.44,44146167.0,0.018678666666666666,0.8333333333333334,62551740744.63,0.9482758620689651,0.051724137931034905,120,0.375,-0.011481237554592816,-0.0247390224704768,0.7222168370171902,-0.8807694508293904,-0.23081739618406286,2026-05-29,-0.25364758698092027,14.390974678250007,0.050100681303629914,15.15,15.278557562907736,0.16937190265449378,15.10455,15.19545,False,win_rate_lt_55;avg_return_not_positive;profit_factor_lt_1_2;stop_risk_gt_expected_reward,12.947789439932293,False,0.0,,,观察,观察,-32.67845686703156,False,attack_checks_failed
300660.SZ,江苏雷利,电机Ⅱ,,2026-07-03,33.23,0.14150000000000001,1332930552.45,7.2,3.31,201437795.0,0.050339999999999996,0.92,12386277568.4,0.8912037037037024,0.10879629629629758,120,0.38333333333333336,-0.01971313723384993,-0.019598990275603665,0.4456035072764197,-0.9270117126381819,-0.14921734995080352,2026-06-18,-0.16532025389497973,31.721900166570556,0.045383684424599516,33.23,33.57906069645868,0.23145728732355594,33.130309999999994,33.32968999999999,False,win_rate_lt_55;avg_return_not_positive;profit_factor_lt_1_2;stop_risk_gt_expected_reward,12.832688849402722,False,0.0,,,观察,观察,-24.787589746701133,False,attack_checks_failed
301210.SZ,金杨精密,电池,,2026-07-03,32.7,0.06860000000000001,306845779.69,15.45,2.0,12934501.0,-0.0027957446808510636,0.4574468085106383,89503258817.39,0.73941368078176,0.2605863192182401,120,0.48333333333333334,-0.007733912642837148,-0.0011348745046234942,0.7270769734876811,-0.7080237879963076,-0.18426703296703298,2025-09-30,-0.2175901022054868,31.060093946995767,0.050150032201964394,32.7,33.45830632653062,0.4624083953720586,32.6019,32.7981,False,win_rate_lt_55;avg_return_not_positive;profit_factor_lt_1_2;stop_risk_gt_expected_reward,12.753715377191813,False,0.0,,,观察,观察,-20.093694948549796,False,attack_checks_failed
600761.SH,安徽合力,工程机械,,2026-07-03,17.33,0.0684,421573122.0,2.78,2.21,42360315.0,0.029625000000000002,0.8571428571428571,14043438459.16,0.834586466165412,0.16541353383458804,120,0.36666666666666664,-0.009262294259952532,-0.016495837571744696,0.658396269311024,-0.7322341915368005,-0.1216744984395898,2026-02-25,-0.13604766633565057,16.75000859932897,0.03346747839994389,17.33,17.521523256532063,0.3302174072072128,17.27801,17.381989999999995,False,win_rate_lt_55;avg_return_not_positive;profit_factor_lt_1_2;stop_risk_gt_expected_reward,12.7448217948317,False,0.0,,,观察,观察,-15.559851152682903,False,attack_checks_failed
002920.SZ,德赛西威,汽车零部件,,2026-07-03,86.14,0.0623,1382839140.72,2.72,1.82,122894513.0,0.04167593360995851,0.9004149377593361,89835496839.03,0.8782894736842113,0.12171052631578867,120,0.36666666666666664,-0.01566307671481588,-0.016318203939054563,0.4911807538374951,-0.8941187791816876,-0.12304223491610136,2026-05-27,-0.13154210280685386,83.58314835690652,0.029682512689731624,86.14,86.72420466898409,0.22848594698958785,85.88158,86.39841999999999,False,win_rate_lt_55;avg_return_not_positive;profit_factor_lt_1_2;stop_risk_gt_expected_reward,12.562585861898889,False,0.0,,,观察,观察,-20.488608676775996,False,attack_checks_failed
000837.SZ,秦川机床,通用设备,,2026-07-03,12.41,0.041100000000000005,747922481.26,6.05,1.64,-25739349.0,0.024774545454545455,0.7227272727272728,116562527662.72,0.7176470588235291,0.282352941176471,120,0.4583333333333333,-0.010326145428713853,-0.005249611657268148,0.5744963902749582,-0.8550912172947575,-0.1201524590163934,2026-06-18,-0.16093880972338637,11.790354328092665,0.04993115809084087,12.41,12.637200333333332,0.3666616965692437,12.372770000000001,12.44723,False,win_rate_lt_55;avg_return_not_positive;profit_factor_lt_1_2;stop_risk_gt_expected_reward,12.370007998372497,False,0.0,,,观察,观察,-17.656784047986697,False,attack_checks_failed
600203.SH,福日电子,消费电子,,2026-07-03,12.79,0.0562,693712660.0,9.23,1.85,103873774.0,0.02053370786516854,0.7640449438202247,100992507941.77,0.6439393939393935,0.35606060606060647,120,0.44166666666666665,-0.011454384106571392,-0.007629366398510726,0.5994062889023064,-0.7977421177058985,-0.19213969465648853,2025-11-17,-0.21628498727735368,12.052203188319702,0.05768544266460493,12.79,13.003996591284746,0.29004813777574046,12.751629999999999,12.828369999999998,False,win_rate_lt_55;avg_return_not_positive;profit_factor_lt_1_2;stop_risk_gt_expected_reward,12.258610495194926,False,0.0,,,观察,观察,-25.894259368544645,False,attack_checks_failed
002703.SZ,浙江世宝,汽车零部件,,2026-07-03,15.07,0.0407,639361648.36,7.26,1.72,34928607.0,0.04167593360995851,0.9004149377593361,89835496839.03,0.6699999999999999,0.33000000000000007,120,0.4,-0.012541408338910211,-0.019566363617407188,0.7117202360175671,-0.906888433806424,-0.2032681349578256,2026-04-23,-0.22910662824207506,14.50088350892418,0.037764863375966864,15.07,15.29941043678161,0.4030992606591799,15.02479,15.11521,False,win_rate_lt_55;avg_return_not_positive;profit_factor_lt_1_2;stop_risk_gt_expected_reward,11.996809568504013,False,0.0,,,观察,观察,-29.195633129187286,False,attack_checks_failed
688077.SH,大地熊,金属新材料,,2026-07-03,32.44,0.0882,310050106.0,8.57,2.28,1190126.0,0.0015242424242424238,0.5757575757575758,26117824661.73,0.7312661498708011,0.2687338501291989,120,0.4666666666666667,-0.008497024563530865,-0.0016240440699935342,0.6953241406926718,-0.8151691249451882,-0.1858906902086677,2026-06-22,-0.20192616372391647,30.575928896259168,0.05746211787117224,32.44,32.98362697785349,0.29163424976790786,32.342679999999994,32.537319999999994,False,win_rate_lt_55;avg_return_not_positive;profit_factor_lt_1_2;stop_risk_gt_expected_reward,11.745398974225328,False,0.0,,,观察,观察,-23.642911095596908,False,attack_checks_failed
688382.SH,益方生物-U,化学制药,,2026-07-03,22.95,0.0709,647132106.0,5.02,1.19,37750418.0,0.018678666666666666,0.8333333333333334,62551740744.63,0.8850574712643681,0.11494252873563188,120,0.4083333333333333,-0.01449668761911572,-0.02218274880339319,0.6605164297235631,-0.9033663337169878,-0.17885775577557753,2025-10-31,-0.18217821782178212,21.45825,0.065,22.95,23.400164999999994,0.30176973353443826,22.881149999999998,23.018849999999997,False,win_rate_lt_55;avg_return_not_positive;profit_factor_lt_1_2;stop_risk_gt_expected_reward,11.717140741003163,False,0.0,,,观察,观察,-25.220500489031146,False,attack_checks_failed
600021.SH,上海电力,电力,,2026-07-03,14.97,0.017,512237593.0,1.22,0.75,26107388.0,0.002226605504587156,0.5779816513761468,46596846788.42,0.7948717948717949,0.205128205128205,120,0.38333333333333336,-0.007110017476817372,-0.01960157802700255,0.7951806362637229,-0.8083146536403347,-0.17650741825280628,2026-06-03,-0.19276697372910268,14.522386261635944,0.029900717325588317,14.97,15.210620757792537,0.5375633881836628,14.92509,15.014909999999999,False,win_rate_lt_55;avg_return_not_positive;profit_factor_lt_1_2;stop_risk_gt_expected_reward,11.59709261528078,False,0.0,,,观察,观察,-21.38997373515917,False,attack_checks_failed
688068.SH,热景生物,医疗器械,,2026-07-03,121.97,0.10710000000000001,1054919353.0,9.89,1.82,119155273.0,0.021411811023622048,0.8976377952755905,22006162650.5,0.9388029589778079,0.061197041022192145,120,0.4083333333333333,-0.01962162356433516,-0.028835815175836586,0.5930485017348235,-0.9486525756291495,-0.1946537940522806,2026-01-14,-0.26291403785488965,114.04195,0.065,121.97,123.9389464132217,0.24835191670356607,121.60409,122.33590999999998,False,win_rate_lt_55;avg_return_not_positive;profit_factor_lt_1_2;stop_risk_gt_expected_reward,11.567499471411104,False,0.0,,,观察,观察,-31.579133815670712,False,attack_checks_failed
301413.SZ,安培龙,通用设备,,2026-07-03,82.89,0.1128,904304318.54,14.69,1.75,76383055.0,0.024774545454545455,0.7227272727272728,116562527662.72,0.7022116903633494,0.29778830963665065,120,0.4083333333333333,-0.013481603515474765,-0.012923590465102528,0.6949700407248987,-0.925296057233886,-0.20849378525061193,2026-04-21,-0.21411088645312337,78.49556873180421,0.05301521616836527,82.89,85.40275278067575,0.5718038643274571,82.64133,83.13866999999999,False,win_rate_lt_55;avg_return_not_positive;profit_factor_lt_1_2;stop_risk_gt_expected_reward,11.516516906055099,False,0.0,,,观察,观察,-27.860371765310465,False,attack_checks_failed
301261.SZ,恒工精密,通用设备,,2026-07-03,90.09,0.0902,580878651.3,17.4,2.12,1845150.0,0.024774545454545455,0.7227272727272728,116562527662.72,0.6443768996960492,0.3556231003039508,120,0.4083333333333333,-0.008943555804040625,-0.013813929308774429,0.7598406827064228,-0.8456048477872843,-0.17757188043812058,2025-09-29,-0.18620124884839795,85.56593338211069,0.05021718967576114,90.09,91.2278950264582,0.25152039582235014,89.81973,90.36027,False,win_rate_lt_55;avg_return_not_positive;profit_factor_lt_1_2;stop_risk_gt_expected_reward,11.487933619700062,False,0.0,,,观察,观察,-24.808163902117972,False,attack_checks_failed
601727.SH,上海电气,其他电源设备Ⅱ,,2026-07-03,6.97,0.0131,618841170.0,0.71,0.76,64739658.0,0.0084875,0.6875,19716340715.03,0.7692307692307672,0.23076923076923286,120,0.39166666666666666,-0.008875944691274616,-0.013080796584963725,0.6245318388430104,-0.773936583915458,-0.11059648241206035,2026-06-04,-0.12688442211055273,6.79575,0.025,6.97,7.040687283752859,0.4056659038901543,6.94909,6.990909999999999,False,win_rate_lt_55;avg_return_not_positive;profit_factor_lt_1_2;stop_risk_gt_expected_reward,11.487259519295211,False,0.0,,,观察,观察,-14.381821877267374,False,attack_checks_failed
300735.SZ,光弘科技,消费电子,,2026-07-03,22.23,0.0292,478233890.24,2.88,1.02,57466172.0,0.02053370786516854,0.7640449438202247,100992507941.77,0.7210884353741494,0.27891156462585065,120,0.425,-0.01263462937171231,-0.014038479398534896,0.5876475017839763,-0.8565402125029371,-0.1329279069767441,2026-06-04,-0.14470642625982433,21.096922496563625,0.0509706479278621,22.23,22.589860936406996,0.31759604732740665,22.16331,22.296689999999998,False,win_rate_lt_55;avg_return_not_positive;profit_factor_lt_1_2;stop_risk_gt_expected_reward,11.451034745607643,False,0.0,,,观察,观察,-19.37429011785589,False,attack_checks_failed
603683.SH,晶华新材,化学制品,,2026-07-03,29.98,0.0406,535859377.0,6.29,1.47,21486997.0,-0.014363473053892215,0.38922155688622756,83113440903.45,0.7695652173913039,0.23043478260869607,120,0.4166666666666667,-0.0054558525119134576,-0.01089678832897448,0.767227399159321,-0.6356231978148726,-0.14387684761281885,2025-11-11,-0.16023544800523215,28.52922288415123,0.04839149819375477,29.98,30.441963159462404,0.3184246252686004,29.890060000000002,30.069939999999995,False,win_rate_lt_55;avg_return_not_positive;profit_factor_lt_1_2;stop_risk_gt_expected_reward,11.410706622444557,False,0.0,,,观察,观察,-15.0782792913237,False,attack_checks_failed
300866.SZ,安克创新,消费电子,,2026-07-03,107.9,0.0746,666310077.53,2.0,1.17,-4238186.0,0.02053370786516854,0.7640449438202247,100992507941.77,0.7263157894736848,0.2736842105263152,120,0.4166666666666667,-0.009933764347017239,-0.012175005220036759,0.6355298377978371,-0.8091013497546119,-0.11615095336138218,2026-03-27,-0.13949517446176685,102.91459527491203,0.0462039362844112,107.9,109.04639611074049,0.22995046018460577,107.5763,108.2237,False,win_rate_lt_55;avg_return_not_positive;profit_factor_lt_1_2;stop_risk_gt_expected_reward,11.407014657733246,False,0.0,,,观察,观察,-17.269723969811444,False,attack_checks_failed
688698.SH,伟创电气,自动化设备,,2026-07-03,61.26,0.10779999999999999,883814153.0,6.91,2.06,132030525.0,0.02777,0.7,84263316202.25,0.7861111111111111,0.2138888888888889,120,0.425,-0.018927614640705418,-0.014539348959963314,0.5947382577710748,-0.9433588732494033,-0.21176443268665482,2026-05-22,-0.2162257495590829,58.40794615287585,0.046556543374537226,61.26,62.796045509596546,0.5385752134888394,61.07622,61.44377999999999,False,win_rate_lt_55;avg_return_not_positive;profit_factor_lt_1_2;stop_risk_gt_expected_reward,11.406592285499027,False,0.0,,,观察,观察,-28.989318186567047,False,attack_checks_failed
301316.SZ,慧博云通,IT服务Ⅱ,,2026-07-03,43.8,0.10220000000000001,1279895938.06,7.4,2.23,46395086.0,0.003804065040650407,0.6178861788617886,44173804339.81,0.6143079315707615,0.3856920684292386,120,0.44166666666666665,-0.011067649083995977,-0.019391094522712402,0.7155348237339405,-0.8460364628048699,-0.22509554481091334,2026-05-14,-0.25887978142076506,41.1808928068364,0.05979696788044758,43.8,44.671347197231825,0.3326886350838269,43.6686,43.93139999999999,False,win_rate_lt_55;avg_return_not_positive;profit_factor_lt_1_2;stop_risk_gt_expected_reward,10.96820162090318,False,0.0,,,观察,观察,-30.72490675939491,False,attack_checks_failed
301007.SZ,德迈仕,汽车零部件,,2026-07-03,37.58,0.0902,362458607.63,6.54,2.11,-397223.0,0.04167593360995851,0.9004149377593361,89835496839.03,0.860589812332439,0.139410187667561,120,0.39166666666666666,-0.016404913502716726,-0.016350350972382886,0.5427307366370189,-0.9151474305308642,-0.16987770187850706,2026-05-25,-0.17760429373017816,35.675391087656024,0.050681450567960896,37.58,38.24685673695832,0.35012790953374145,37.467259999999996,37.69273999999999,False,win_rate_lt_55;avg_return_not_positive;profit_factor_lt_1_2;stop_risk_gt_expected_reward,10.651904816923981,False,0.0,,,观察,观察,-25.107208120918656,False,attack_checks_failed
601777.SH,千里科技,摩托车及其他,,2026-07-03,8.19,0.046,349875545.0,0.95,1.1,20490585.0,0.017775,0.875,2821384893.46,0.7209302325581376,0.2790697674418624,120,0.425,-0.01219819839892858,-0.008345925729877555,0.6032240984644469,-0.83639647447339,-0.14213333333333325,2026-01-26,-0.16437246963562746,7.881031052391243,0.03772514622817551,8.19,8.305231962536022,0.3729564521867074,8.165429999999999,8.214569999999998,False,win_rate_lt_55;avg_return_not_positive;profit_factor_lt_1_2;stop_risk_gt_expected_reward,10.635296133059278,False,0.0,,,观察,观察,-19.964509756207033,False,attack_checks_failed
600660.SH,福耀玻璃,汽车零部件,,2026-07-03,51.0,0.0239,641935122.0,0.63,0.68,62063548.0,0.04167593360995851,0.9004149377593361,89835496839.03,0.631284916201119,0.36871508379888096,120,0.4,-0.012351442891174921,-0.012248213865835553,0.3442787667784526,-0.7864101027908553,-0.08459827513672694,2025-09-30,-0.09998597672135734,49.65498509964557,0.026372841183420172,51.0,51.37630048721071,0.27977421448012085,50.847,51.15299999999999,False,win_rate_lt_55;avg_return_not_positive;profit_factor_lt_1_2;stop_risk_gt_expected_reward,10.630756223471902,False,0.0,,,观察,观察,-14.018014881058825,False,attack_checks_failed
601633.SH,长城汽车,乘用车,,2026-07-03,15.38,0.0253,349180205.0,0.37,1.11,4171381.0,0.0145375,0.875,12160536529.8,0.9555555555555566,0.04444444444444339,120,0.35833333333333334,-0.009457680131549658,-0.01111572341753395,0.44916487258773435,-0.7055053149106385,-0.14577592067988668,2026-06-18,-0.14447592067988668,14.866136269503908,0.03341116583199564,15.38,15.422781510204082,0.08325458222704368,15.333860000000001,15.426139999999998,False,win_rate_lt_55;avg_return_not_positive;profit_factor_lt_1_2;stop_risk_gt_expected_reward,10.598259434376732,False,0.0,,,观察,观察,-19.27190434946436,False,attack_checks_failed
002230.SZ,科大讯飞,软件开发,,2026-07-03,41.53,0.011000000000000001,2135882282.52,2.37,1.07,19940551.0,0.0054868217054263565,0.6589147286821705,41102966671.92,0.680272108843538,0.31972789115646205,120,0.4,-0.0118773256374238,-0.01388870268563228,0.5193414571494918,-0.8323757881754296,-0.1238287855746252,2026-06-05,-0.12578752987182273,40.21580167010506,0.03164455405477829,41.53,41.8230112037905,0.2229581312996544,41.40541,41.65459,False,win_rate_lt_55;avg_return_not_positive;profit_factor_lt_1_2;stop_risk_gt_expected_reward,10.45915188883011,False,0.0,,,观察,观察,-18.905663628302705,False,attack_checks_failed
688306.SH,均普智能,自动化设备,,2026-07-03,10.4,0.08,373991270.0,2.97,1.74,51460356.0,0.02777,0.7,84263316202.25,0.6796116504854371,0.3203883495145628,120,0.39166666666666666,-0.012907481668302955,-0.010313990666870086,0.5503566789909586,-0.8500929571126231,-0.1592430670339762,2026-05-25,-0.1681329423264908,9.800575193604958,0.057637000614907896,10.4,10.594479999999999,0.3244443638721068,10.3688,10.431199999999999,False,win_rate_lt_55;avg_return_not_positive;profit_factor_lt_1_2;stop_risk_gt_expected_reward,10.388489007910241,False,0.0,,,观察,观察,-23.216934960190287,False,attack_checks_failed
603983.SH,丸美生物,化妆品,,2026-07-03,28.98,0.0436,307720355.0,2.73,1.01,29991472.0,0.012242857142857142,0.7142857142857143,2408647200.46,0.8295454545454548,0.17045454545454514,120,0.35833333333333334,-0.009942733183306756,-0.01048738029389493,0.5704767800231278,-0.7832870112221492,-0.09385698983795657,2025-10-29,-0.10974106041923548,27.536290366874198,0.04981744765789524,28.98,29.171326395100753,0.13252415216383312,28.893060000000002,29.06694,False,win_rate_lt_55;avg_return_not_positive;profit_factor_lt_1_2;stop_risk_gt_expected_reward,10.263048153774427,False,0.0,,,观察,观察,-15.340956425327946,False,attack_checks_failed
600418.SH,江淮汽车,商用车,,2026-07-03,26.13,0.04019999999999999,2561675723.0,4.53,1.31,113386304.0,0.028015384615384616,1.0,5488587049.62,0.6894409937888197,0.3105590062111802,120,0.4166666666666667,-0.02085566816232981,-0.014229806531404463,0.3813770899785966,-0.9389371387186786,-0.17954639289678123,2026-05-22,-0.2042175360710321,24.918096627929312,0.04637976931001489,26.13,26.47514289272367,0.2847940691294188,26.05161,26.208389999999998,False,win_rate_lt_55;avg_return_not_positive;profit_factor_lt_1_2;stop_risk_gt_expected_reward,10.146804311218549,False,0.0,,,观察,观察,-29.200747474790255,False,attack_checks_failed
002031.SZ,巨轮智能,专用设备,,2026-07-03,6.2,0.069,1472681281.44,12.67,2.02,110945604.0,0.024452808988764042,0.7921348314606742,58842080476.52,0.8000000000000007,0.1999999999999993,120,0.3333333333333333,-0.014803544607204823,-0.023039669437249864,0.5975907678610636,-0.9092531876470319,-0.15805675675675682,2026-05-22,-0.18248175182481752,5.898973863783464,0.04855260261557027,6.2,6.224064352331606,0.07994107300469165,6.1814,6.2185999999999995,False,win_rate_lt_55;avg_return_not_positive;profit_factor_lt_1_2;stop_risk_gt_expected_reward,10.127726974682627,False,0.0,,,观察,观察,-27.55195837898418,False,attack_checks_failed
300695.SZ,兆丰股份,汽车零部件,,2026-07-03,68.18,0.1294,390338350.0,5.82,3.81,68397759.0,0.04167593360995851,0.9004149377593361,89835496839.03,0.8237022526934381,0.1762977473065619,120,0.375,-0.020048410174843854,-0.0216600137475744,0.4885250972749167,-0.9453748626616868,-0.16253435369934302,2026-05-19,-0.17876306128212371,64.41865094950043,0.05516792388529749,68.18,69.17318418181819,0.2640499907038073,67.97546000000001,68.38454,False,win_rate_lt_55;avg_return_not_positive;profit_factor_lt_1_2;stop_risk_gt_expected_reward,10.096030055705636,False,0.0,,,观察,观察,-26.959099939548345,False,attack_checks_failed
601618.SH,中国中冶,专业工程,,2026-07-03,2.54,0.020099999999999996,307811093.0,0.68,0.99,5203293.0,0.011494736842105264,0.7894736842105263,13719866751.51,0.8333333333333358,0.1666666666666642,120,0.3416666666666667,-0.007981589313643163,-0.01138428997559435,0.6398645529698346,-0.7163449486126401,-0.13699321533923306,2025-12-08,-0.14454277286135697,2.4765,0.025,2.54,2.545308169491525,0.08359322033898091,2.53238,2.5476199999999998,False,win_rate_lt_55;avg_return_not_positive;profit_factor_lt_1_2;stop_risk_gt_expected_reward,9.899572635852852,False,0.0,,,观察,观察,-19.15719885596781,False,attack_checks_failed
002223.SZ,鱼跃医疗,医疗器械,,2026-07-03,26.59,0.015700000000000002,329993806.72,1.32,0.96,15675262.0,0.021411811023622048,0.8976377952755905,22006162650.5,0.7758620689655183,0.2241379310344817,120,0.375,-0.010963568442277435,-0.015615017969557918,0.5071089171767669,-0.7778542865048436,-0.11688723272389226,2026-04-20,-0.11992562751781854,25.812606493397976,0.029236310891388707,26.59,26.774872385315877,0.23781056021930574,26.51023,26.669769999999996,False,win_rate_lt_55;avg_return_not_positive;profit_factor_lt_1_2;stop_risk_gt_expected_reward,9.88275984981486,False,0.0,,,观察,观察,-16.83434068528149,False,attack_checks_failed
302132.SZ,中航成飞,军工电子Ⅱ,,2026-07-03,58.68,0.0322,582817756.13,1.7,1.26,-6686694.0,0.02855079365079365,0.7777777777777778,43192229483.97,0.7942583732057414,0.20574162679425861,120,0.35,-0.010731117302233228,-0.019292803785266908,0.5329066625051223,-0.7681521106939411,-0.10842554532234597,2026-03-02,-0.11486672162682054,57.12258062023108,0.02654088922578241,58.68,59.14704933333333,0.29988668395961277,58.50396,58.85603999999999,False,win_rate_lt_55;avg_return_not_positive;profit_factor_lt_1_2;stop_risk_gt_expected_reward,9.861879008437885,False,0.0,,,观察,观察,-15.590601291313785,False,attack_checks_failed
688716.SH,中研股份,塑料,,2026-07-03,36.75,0.1073,315569032.0,12.46,2.39,3104539.0,0.00537638888888889,0.6111111111111112,35098515152.86,0.7012711864406787,0.2987288135593214,120,0.425,-0.010599046424249655,-0.007933102265255874,0.656448505202455,-0.864852814259177,-0.16818567674113008,2026-05-26,-0.19036564132327338,34.78280944687532,0.05352899464284852,36.75,37.5268510199456,0.39490379755619465,36.63975,36.86024999999999,False,win_rate_lt_55;avg_return_not_positive;profit_factor_lt_1_2;stop_risk_gt_expected_reward,9.680683372529963,False,0.0,,,观察,观察,-23.265928789499476,False,attack_checks_failed
300809.SZ,华辰装备,通用设备,,2026-07-03,29.92,0.10369999999999999,438560721.47,10.01,2.27,46799502.0,0.024774545454545455,0.7227272727272728,116562527662.72,0.7690288713910766,0.2309711286089235,120,0.4083333333333333,-0.017371837384990478,-0.013922309727419233,0.516554670583073,-0.9121713794218953,-0.19579589838581626,2026-06-05,-0.20586694604504974,28.388678708006328,0.05118052446502918,29.92,30.368712869890462,0.29302333366387706,29.83024,30.00976,False,win_rate_lt_55;avg_return_not_positive;profit_factor_lt_1_2;stop_risk_gt_expected_reward,9.633284704335495,False,0.0,,,观察,观察,-29.011009127054745,False,attack_checks_failed
300680.SZ,隆盛科技,汽车零部件,,2026-07-03,26.44,0.09849999999999999,612517191.54,10.53,2.02,27832488.0,0.04167593360995851,0.9004149377593361,89835496839.03,0.847222222222223,0.15277777777777704,120,0.36666666666666664,-0.01935775492212332,-0.0173965581058935,0.5394914705993692,-0.9589844095512179,-0.2246183856502242,2026-05-25,-0.2261321909424725,25.21482706303941,0.04633785691984087,26.44,26.81947147826087,0.3097289099465934,26.360680000000002,26.519319999999997,False,win_rate_lt_55;avg_return_not_positive;profit_factor_lt_1_2;stop_risk_gt_expected_reward,9.56221957144692,False,0.0,,,观察,观察,-33.58469615540129,False,attack_checks_failed
000981.SZ,山子高科,汽车零部件,,2026-07-03,2.96,0.038599999999999995,1251398996.28,4.45,1.85,115412179.0,0.04167593360995851,0.9004149377593361,89835496839.03,0.5789473684210521,0.42105263157894784,120,0.325,-0.014331338460927965,-0.03708840899537628,0.6634203403751361,-0.967645208580981,-0.1452114391143912,2026-01-20,-0.16420664206642066,2.857374476427483,0.03467078499071518,2.96,2.974652,0.14277150059699245,2.95112,2.9688799999999995,False,win_rate_lt_55;avg_return_not_positive;profit_factor_lt_1_2;stop_risk_gt_expected_reward,9.310625003096053,False,0.0,,,观察,观察,-27.537409455716904,False,attack_checks_failed
600363.SH,联创光电,消费电子,,2026-07-03,36.68,0.0246,1174118851.0,7.15,1.08,119891010.0,0.02053370786516854,0.7640449438202247,100992507941.77,0.7094972067039099,0.29050279329609013,120,0.38333333333333336,-0.017146456962994765,-0.018790395997705076,0.5485538887531511,-0.9292117283581885,-0.151373668701326,2026-05-11,-0.17316341829085458,34.88017809398712,0.04906820899707954,36.68,37.04511342765273,0.2028608644182825,36.56996,36.79004,False,win_rate_lt_55;avg_return_not_positive;profit_factor_lt_1_2;stop_risk_gt_expected_reward,9.21291736029838,False,0.0,,,观察,观察,-25.915556807054575,False,attack_checks_failed
300723.SZ,一品红,化学制药,,2026-07-03,41.19,0.0381,823208043.37,4.94,1.0,22272886.0,0.018678666666666666,0.8333333333333334,62551740744.63,0.9147540983606541,0.08524590163934583,120,0.38333333333333336,-0.019311655563912573,-0.022934317741744235,0.5527297536720068,-0.9526584367774761,-0.3108879063988403,2025-12-10,-0.3435493891074757,38.81939286669475,0.057552977259170995,41.19,41.68771102997858,0.20995086996327625,41.06643,41.31356999999999,False,win_rate_lt_55;avg_return_not_positive;profit_factor_lt_1_2;stop_risk_gt_expected_reward,9.09904800442682,False,0.0,,,观察,观察,-45.15118840954425,False,attack_checks_failed
603809.SH,豪能股份,汽车零部件,,2026-07-03,9.82,0.0779,388760100.0,4.31,3.68,95546947.0,0.04167593360995851,0.9004149377593361,89835496839.03,0.780219780219781,0.21978021978021897,120,0.35,-0.020749930278242287,-0.022530538104343,0.3808665993847554,-0.9333875258509967,-0.15966832633473318,2025-09-29,-0.1655668866226755,9.474528001521664,0.035180447910217565,9.82,9.880822676103246,0.17605674662822507,9.79054,9.849459999999999,False,win_rate_lt_55;avg_return_not_positive;profit_factor_lt_1_2;stop_risk_gt_expected_reward,8.93813886718652,False,0.0,,,观察,观察,-27.690096951982888,False,attack_checks_failed
301008.SZ,宏昌科技,家电零部件Ⅱ,,2026-07-03,33.77,0.0576,728932936.08,19.14,2.57,10940392.0,0.03828387096774194,0.7741935483870968,24094395447.51,0.7272727272727285,0.27272727272727154,120,0.36666666666666664,-0.017488107401740276,-0.02389004748270682,0.600652142145234,-0.9351025155529076,-0.18948773860318893,2026-04-01,-0.2191780821917808,31.904941920011836,0.05522825229458598,33.77,34.1150306918189,0.18499729071230303,33.668690000000005,33.87131,False,win_rate_lt_55;avg_return_not_positive;profit_factor_lt_1_2;stop_risk_gt_expected_reward,8.860695103808169,False,0.0,,,观察,观察,-31.250667069524862,False,attack_checks_failed
300049.SZ,福瑞医科,医疗器械,,2026-07-03,45.82,0.057699999999999994,565966639.98,5.41,1.31,71616065.0,0.021411811023622048,0.8976377952755905,22006162650.5,0.8345323741007192,0.16546762589928082,120,0.4,-0.02100346512631331,-0.02480309640614434,0.48840697505977776,-0.9493201822786632,-0.2023335917312661,2026-05-20,-0.2115486491259051,43.700431411496915,0.04625858988439738,45.82,46.740395384226936,0.43423713165939753,45.68254,45.95746,False,win_rate_lt_55;avg_return_not_positive;profit_factor_lt_1_2;stop_risk_gt_expected_reward,8.775009771884811,False,0.0,,,观察,观察,-29.742114541633157,False,attack_checks_failed
000678.SZ,襄阳轴承,汽车零部件,,2026-07-03,9.56,0.0646,306828294.11,7.01,2.19,39515198.0,0.04167593360995851,0.9004149377593361,89835496839.03,0.6538461538461541,0.34615384615384587,120,0.325,-0.013998583513185813,-0.021549169525528575,0.561000510318085,-0.8865253508354066,-0.1745882502113272,2026-06-05,-0.19780219780219777,9.10525664089984,0.04756729697700418,9.56,9.611305333333332,0.11282261149421728,9.531320000000001,9.58868,False,win_rate_lt_55;avg_return_not_positive;profit_factor_lt_1_2;stop_risk_gt_expected_reward,8.71513678366236,False,0.0,,,观察,观察,-29.635658120595696,False,attack_checks_failed
002553.SZ,南方精工,汽车零部件,,2026-07-03,17.37,0.0637,359605939.14,8.12,2.26,37615359.0,0.04167593360995851,0.9004149377593361,89835496839.03,0.6666666666666666,0.3333333333333333,120,0.38333333333333336,-0.017306247021837234,-0.015286166108619634,0.4191126612704497,-0.8939675414321978,-0.12274308943089432,2026-06-10,-0.12685337726523893,16.722588306802376,0.03727183035104359,17.37,17.482468981488335,0.1737209609743697,17.317890000000002,17.42211,False,win_rate_lt_55;avg_return_not_positive;profit_factor_lt_1_2;stop_risk_gt_expected_reward,8.705430518253209,False,0.0,,,观察,观察,-21.794752176228045,False,attack_checks_failed
601606.SH,长城军工,地面兵装Ⅱ,,2026-07-03,29.17,0.0206,516577159.0,2.46,1.05,16335546.0,0.023190909090909092,0.8181818181818182,4539136803.43,0.7304347826086973,0.26956521739130274,120,0.36666666666666664,-0.014091519679634734,-0.022914830911313386,0.5681661184383902,-0.8930091277814126,-0.1188663311985361,2026-03-13,-0.11804170444242967,28.30283950675057,0.029727819446329514,29.17,29.44145778787879,0.3130421530870051,29.08249,29.25751,False,win_rate_lt_55;avg_return_not_positive;profit_factor_lt_1_2;stop_risk_gt_expected_reward,8.591345519112988,False,0.0,,,观察,观察,-19.2968780796112,False,attack_checks_failed
002139.SZ,拓邦股份,消费电子,,2026-07-03,10.27,0.0687,596728077.84,5.51,2.56,67268581.0,0.02053370786516854,0.7640449438202247,100992507941.77,0.7941176470588226,0.2058823529411774,120,0.39166666666666666,-0.01761873263228647,-0.015508402128049856,0.3035867590055639,-0.895624339084524,-0.11684447215295082,2026-04-23,-0.12387202625102545,9.936608619278273,0.03246264661360533,10.27,10.36581498528209,0.2873949082746879,10.239189999999999,10.300809999999998,False,win_rate_lt_55;avg_return_not_positive;profit_factor_lt_1_2;stop_risk_gt_expected_reward,8.404046191802596,False,0.0,,,观察,观察,-19.795106493328728,False,attack_checks_failed
688192.SH,迪哲医药-U,化学制药,,2026-07-03,48.21,0.105,669315305.0,3.13,1.53,48632803.0,0.018678666666666666,0.8333333333333334,62551740744.63,0.8444881889763781,0.15551181102362194,120,0.375,-0.01876953617817576,-0.01534690664871172,0.5106808957794022,-0.9366258023141045,-0.2901528723212678,2026-05-29,-0.29083378354042855,45.56596575646148,0.05484410378632065,48.21,48.94132310720167,0.2765936594765645,48.06537,48.35462999999999,False,win_rate_lt_55;avg_return_not_positive;profit_factor_lt_1_2;stop_risk_gt_expected_reward,8.393139374483784,False,0.0,,,观察,观察,-41.0615848645103,False,attack_checks_failed
603786.SH,科博达,汽车零部件,,2026-07-03,44.43,0.0235,368386579.0,2.1,2.04,7880879.0,0.04167593360995851,0.9004149377593361,89835496839.03,0.7777777777777773,0.2222222222222226,120,0.375,-0.018720927090109425,-0.01651268377774354,0.44790964625905555,-0.9340138425999561,-0.1570678177810433,2026-01-23,-0.1846681361743816,42.98124256370225,0.03260763979963426,44.43,44.980093973367374,0.3797005348066597,44.29671,44.563289999999995,False,win_rate_lt_55;avg_return_not_positive;profit_factor_lt_1_2;stop_risk_gt_expected_reward,8.367676029096359,False,0.0,,,观察,观察,-25.743835783311802,False,attack_checks_failed
688036.SH,传音控股,消费电子,,2026-07-03,60.28,0.0641,1401831401.0,2.02,1.32,21351212.0,0.02053370786516854,0.7640449438202247,100992507941.77,0.7513321492007109,0.24866785079928916,120,0.375,-0.0181488258995124,-0.021372800772514664,0.4732795352559877,-0.9122004726896901,-0.15310840664711636,2025-09-25,-0.16060279870828853,57.42537709185397,0.04735605355252217,60.28,61.11306457142857,0.29182998884066824,60.09916,60.46084,False,win_rate_lt_55;avg_return_not_positive;profit_factor_lt_1_2;stop_risk_gt_expected_reward,8.202103713476532,False,0.0,,,观察,观察,-24.738281573590385,False,attack_checks_failed
603501.SH,豪威集团,半导体,,2026-07-03,102.21,0.009300000000000001,4357568515.0,3.54,1.07,-1209424.0,-0.023851744186046513,0.2441860465116279,504819466583.53,0.532812499999999,0.46718750000000103,120,0.39166666666666666,-0.015500503684927521,-0.012311354772232806,0.45961040363492117,-0.8708643627884003,-0.15482811466372662,2026-05-25,-0.15380374862183033,98.01175509661286,0.04107469820357237,102.21,103.1103997870469,0.214470524651976,101.90337,102.51662999999998,False,win_rate_lt_55;avg_return_not_positive;profit_factor_lt_1_2;stop_risk_gt_expected_reward,8.116828106357971,False,0.0,,,观察,观察,-24.838371014960945,False,attack_checks_failed
300403.SZ,汉宇集团,家电零部件Ⅱ,,2026-07-03,11.59,0.16829999999999998,542008120.08,11.5,3.34,63039363.0,0.03828387096774194,0.7741935483870968,24094395447.51,0.871657754010695,0.128342245989305,120,0.35833333333333334,-0.0225689833420521,-0.016200674599771123,0.363382736809784,-0.947643495850258,-0.15177619047619043,2026-06-18,-0.16166505324298164,11.052330595495805,0.04639080280450353,11.59,11.71209276331361,0.22707775873205258,11.55523,11.624769999999998,False,win_rate_lt_55;avg_return_not_positive;profit_factor_lt_1_2;stop_risk_gt_expected_reward,8.059756628626378,False,0.0,,,观察,观察,-26.4271921390903,False,attack_checks_failed
600933.SH,爱柯迪,汽车零部件,,2026-07-03,15.39,0.053399999999999996,349917151.0,2.32,1.64,12004314.0,0.04167593360995851,0.9004149377593361,89835496839.03,0.6767676767676766,0.3232323232323234,120,0.375,-0.016290424528067022,-0.013297055987631787,0.3698377301041512,-0.8813346164297909,-0.1474368653421633,2025-09-29,-0.15320088300220747,14.824400477911164,0.03675110604865736,15.39,15.507896225806453,0.208444705488871,15.34383,15.436169999999999,False,win_rate_lt_55;avg_return_not_positive;profit_factor_lt_1_2;stop_risk_gt_expected_reward,7.997391125169578,False,0.0,,,观察,观察,-24.37636057674824,False,attack_checks_failed
600521.SH,华海药业,化学制药,,2026-07-03,15.43,0.0349,448939993.0,1.98,1.27,47472950.0,0.018678666666666666,0.8333333333333334,62551740744.63,0.8983050847457619,0.10169491525423816,120,0.31666666666666665,-0.015203860963750567,-0.012234334574510095,0.3674372639983748,-0.8558443902075461,-0.11535835543766584,2025-11-14,-0.11936339522546413,14.967103286342654,0.02999978701603009,15.43,15.47600216207951,0.0993788910620024,15.383709999999999,15.476289999999999,False,win_rate_lt_55;avg_return_not_positive;profit_factor_lt_1_2;stop_risk_gt_expected_reward,7.8565972210921196,False,0.0,,,观察,观察,-20.741829559915416,False,attack_checks_failed
300765.SZ,石药创新,化学制药,,2026-07-03,36.11,0.047,1357543108.13,2.74,1.71,93072430.0,0.018678666666666666,0.8333333333333334,62551740744.63,0.6434540389972145,0.3565459610027855,120,0.38333333333333336,-0.019872336150656,-0.042180280819187156,0.5818671599219328,-0.9549384827608699,-0.24956539462272323,2026-01-29,-0.2519514310494362,33.7985334486463,0.06401181255479636,36.11,36.66451205971087,0.23989620762027836,36.00167,36.218329999999995,False,win_rate_lt_55;avg_return_not_positive;profit_factor_lt_1_2;stop_risk_gt_expected_reward,7.52289402829393,False,0.0,,,观察,观察,-37.758621324139156,False,attack_checks_failed
301368.SZ,丰立智能,通用设备,,2026-07-03,50.04,0.1422,459346140.0,7.98,2.74,28731653.0,0.024774545454545455,0.7227272727272728,116562527662.72,0.7397899649941653,0.2602100350058348,120,0.36666666666666664,-0.017752482549025998,-0.0233289798269227,0.5018715064600734,-0.9336415190581855,-0.15228110465116287,2026-05-22,-0.15697674418604657,47.578697402917236,0.04918670257959152,50.04,50.62988329411765,0.2396630527334616,49.88988,50.19011999999999,False,win_rate_lt_55;avg_return_not_positive;profit_factor_lt_1_2;stop_risk_gt_expected_reward,7.48848987575191,False,0.0,,,观察,观察,-25.488880658979987,False,attack_checks_failed
002130.SZ,沃尔核材,其他电子Ⅱ,,2026-07-03,18.3,0.0392,751947250.38,3.6,0.86,95110557.0,0.004231250000000001,0.59375,27106051348.63,0.6500000000000021,0.34999999999999787,120,0.43333333333333335,-0.019195087203807304,-0.017933165829145756,0.4752868196676282,-0.9260787240573313,-0.18636298740251947,2026-01-26,-0.21415716856628686,17.556010881934377,0.04065514306369524,18.3,18.72755529147982,0.5746794961080436,18.2451,18.354899999999997,False,win_rate_lt_55;avg_return_not_positive;profit_factor_lt_1_2;stop_risk_gt_expected_reward,7.414144402474399,False,0.0,,,观察,观察,-27.027585277628322,False,attack_checks_failed
002345.SZ,潮宏基,饰品,,2026-07-03,10.5,0.0553,496337232.21,5.52,2.15,-43352114.0,0.01777857142857143,0.8571428571428571,2384190756.69,0.8124999999999998,0.18750000000000028,120,0.4083333333333333,-0.018106908225031075,-0.013939326701196828,0.5006005160129268,-0.9264266797361551,-0.18116111111111113,2026-01-26,-0.19319826338639656,10.055297642942275,0.04235260543406907,10.5,10.647757766990292,0.33226216287203814,10.4685,10.5315,False,win_rate_lt_55;avg_return_not_positive;profit_factor_lt_1_2;stop_risk_gt_expected_reward,7.333335046959849,False,0.0,,,观察,观察,-27.214786086653067,False,attack_checks_failed
603686.SH,福龙马,环境治理,,2026-07-03,13.92,0.0553,359883805.0,6.29,2.26,54371805.0,0.013590476190476191,0.7333333333333333,15391047699.97,0.7676767676767673,0.2323232323232327,120,0.30833333333333335,-0.01506543513715575,-0.02165836886747433,0.6295299069687438,-0.905034083109044,-0.2016429551300372,2025-11-11,-0.25358291898215846,13.536995824346684,0.027514667791186533,13.92,14.013921167381973,0.2452223065760753,13.87824,13.961759999999998,False,win_rate_lt_55;avg_return_not_positive;profit_factor_lt_1_2;stop_risk_gt_expected_reward,7.309864362746296,False,0.0,,,观察,观察,-33.10805262810385,False,attack_checks_failed
600415.SH,小商品城,一般零售,,2026-07-03,10.61,0.0222,629502103.0,1.09,0.83,55844619.0,0.009232758620689655,0.8103448275862069,7230466468.74,0.8333333333333326,0.16666666666666738,120,0.30833333333333335,-0.013878169308680166,-0.016839228729956888,0.5000767940791344,-0.8679334573087555,-0.1449597110754415,2026-06-01,-0.1476725521669343,10.230679234245384,0.03575125030674987,10.61,10.616378102661594,0.016814535974340464,10.57817,10.641829999999999,False,win_rate_lt_55;avg_return_not_positive;profit_factor_lt_1_2;stop_risk_gt_expected_reward,7.296278724645465,False,0.0,,,观察,观察,-25.1985069197299,False,attack_checks_failed
300276.SZ,三丰智能,自动化设备,,2026-07-03,7.69,0.0785,844387991.87,10.47,1.86,57057761.0,0.02777,0.7,84263316202.25,0.5492957746478881,0.45070422535211185,120,0.36666666666666664,-0.01631397783205789,-0.020140323645112843,0.5113986729659363,-0.9013472693374306,-0.1803575916230367,2026-05-26,-0.18638743455497397,7.258074622616335,0.05616714920463789,7.69,7.738513869565217,0.11232002587827614,7.666930000000001,7.713069999999999,False,win_rate_lt_55;avg_return_not_positive;profit_factor_lt_1_2;stop_risk_gt_expected_reward,6.992571370436487,False,0.0,,,观察,观察,-30.03069745742718,False,attack_checks_failed
601881.SH,中国银河,证券Ⅱ,,2026-07-03,13.48,0.0409,1420078592.0,1.47,1.42,129313985.0,0.004226530612244898,0.7551020408163265,49427468154.33,0.6222222222222226,0.3777777777777775,120,0.31666666666666665,-0.010534823753026787,-0.012847793387915616,0.37846848970923397,-0.7459278282697077,-0.07542898443291327,2026-03-27,-0.07841672890216589,13.02131087549737,0.03402738312334052,13.48,13.491177206529452,0.02436771646062364,13.43956,13.520439999999999,False,win_rate_lt_55;avg_return_not_positive;profit_factor_lt_1_2;stop_risk_gt_expected_reward,6.92775967153824,False,0.0,,,观察,观察,-15.062748408459433,False,attack_checks_failed
300100.SZ,双林股份,汽车零部件,,2026-07-03,30.9,0.07780000000000001,843670338.73,5.0,2.41,115518385.0,0.04167593360995851,0.9004149377593361,89835496839.03,0.7068403908794781,0.29315960912052186,120,0.3333333333333333,-0.021894862053799268,-0.018188074646037142,0.3684492809885539,-0.9496559532646077,-0.17596139954853265,2026-05-27,-0.17889390519187354,29.409909918297185,0.04822297999038227,30.9,31.041357415143597,0.09486501311522333,30.807299999999998,30.992699999999996,False,win_rate_lt_55;avg_return_not_positive;profit_factor_lt_1_2;stop_risk_gt_expected_reward,6.847815570169061,False,0.0,,,观察,观察,-31.375432015880662,False,attack_checks_failed
002527.SZ,新时达,专用设备,,2026-07-03,13.99,0.0663,421716328.07,5.76,1.79,34911658.0,0.024452808988764042,0.7921348314606742,58842080476.52,0.6929824561403514,0.30701754385964863,120,0.35833333333333334,-0.01795320571131179,-0.01823349018805512,0.441374450193534,-0.9067278847992388,-0.14862965009208098,2026-06-08,-0.17679558011049723,13.290854781913575,0.04997464032068796,13.99,14.07300649005425,0.11872567802357628,13.948030000000001,14.03197,False,win_rate_lt_55;avg_return_not_positive;profit_factor_lt_1_2;stop_risk_gt_expected_reward,6.578346534009409,False,0.0,,,观察,观察,-26.966536378297572,False,attack_checks_failed
000963.SZ,华东医药,化学制药,,2026-07-03,30.06,0.019299999999999998,769446211.8,1.47,0.86,46790971.0,0.018678666666666666,0.8333333333333334,62551740744.63,0.773584905660376,0.22641509433962403,120,0.2833333333333333,-0.012978089290786731,-0.01699750012304749,0.3795536655989873,-0.8053504015024169,-0.10530242571255291,2026-05-12,-0.11400848999393565,28.919252181461452,0.037949029226165894,30.06,30.06,0.0,29.96982,30.150179999999995,False,win_rate_lt_55;avg_return_not_positive;profit_factor_lt_1_2;stop_risk_gt_expected_reward,6.468307423996897,False,0.0,,,观察,观察,-20.48499476844575,False,attack_checks_failed
300007.SZ,汉威科技,通用设备,,2026-07-03,43.32,0.095,1534905338.69,12.84,1.98,137098516.0,0.024774545454545455,0.7227272727272728,116562527662.72,0.7462039045553142,0.25379609544468584,120,0.325,-0.02233857672858343,-0.026514184077825607,0.462185480050015,-0.9709375901664757,-0.18351087767524057,2026-05-26,-0.18535244453171018,41.35868881317447,0.045274958144633615,43.32,43.505470046511626,0.09456431379042037,43.19004,43.44996,False,win_rate_lt_55;avg_return_not_positive;profit_factor_lt_1_2;stop_risk_gt_expected_reward,6.419805779224301,False,0.0,,,观察,观察,-32.50582978013305,False,attack_checks_failed
601717.SH,中创智领,专用设备,,2026-07-03,15.29,0.0359,315048093.0,1.35,1.0,16972509.0,0.024452808988764042,0.7921348314606742,58842080476.52,0.859154929577463,0.14084507042253705,120,0.3416666666666667,-0.020581313828170817,-0.015184877788232496,0.30370816946268486,-0.9276854204954984,-0.1279375545851529,2026-06-22,-0.14784778540237065,14.855854601930481,0.028394074432277202,15.29,15.349345797927459,0.13669567428642548,15.244129999999998,15.335869999999998,False,win_rate_lt_55;avg_return_not_positive;profit_factor_lt_1_2;stop_risk_gt_expected_reward,5.82044655101916,False,0.0,,,观察,观察,-24.54810527604181,False,attack_checks_failed
002276.SZ,万马股份,电网设备,,2026-07-03,10.72,0.061399999999999996,440790910.36,4.11,2.33,49784141.0,0.021565625,0.8515625,44492773293.6,0.7179487179487192,0.2820512820512808,120,0.375,-0.021610366385418085,-0.01731483777119983,0.3389807861897915,-0.937714623271145,-0.12508167641325532,2025-09-22,-0.14132553606237808,10.362881673686621,0.03331327670833773,10.72,10.802814902527075,0.23189765527295456,10.687840000000001,10.75216,False,win_rate_lt_55;avg_return_not_positive;profit_factor_lt_1_2;stop_risk_gt_expected_reward,5.737646032226882,False,0.0,,,观察,观察,-23.600309246775986,False,attack_checks_failed
603369.SH,今世缘,白酒Ⅱ,,2026-07-03,25.14,0.0388,612891723.0,1.97,1.52,9047735.0,0.007021052631578947,0.7368421052631579,10849027689.6,0.6974789915966395,0.30252100840336055,120,0.3333333333333333,-0.013235969028020877,-0.0147223490507262,0.3977697946907452,-0.8152082812562295,-0.13774397313538347,2026-06-03,-0.14457405443619653,24.105187375404093,0.04116199779617773,25.14,25.196031355048856,0.054146377534519646,25.06458,25.215419999999998,False,win_rate_lt_55;avg_return_not_positive;profit_factor_lt_1_2;stop_risk_gt_expected_reward,5.561925439985011,False,0.0,,,观察,观察,-23.44454939273833,False,attack_checks_failed
002773.SZ,康弘药业,生物制品,,2026-07-03,22.36,0.021,350215712.53,2.31,1.16,20486980.0,0.020164814814814816,0.8888888888888888,16908503038.01,0.8588235294117638,0.14117647058823624,120,0.2833333333333333,-0.01675670357414631,-0.02555478197988462,0.3996346830935659,-0.8878448328856392,-0.11169794608472408,2026-05-11,-0.1172106824925816,21.478957490109348,0.03940261672140659,22.36,22.36,0.0,22.29292,22.427079999999997,False,win_rate_lt_55;avg_return_not_positive;profit_factor_lt_1_2;stop_risk_gt_expected_reward,5.545418278397868,False,0.0,,,观察,观察,-22.799477428920376,False,attack_checks_failed
688062.SH,迈威生物-U,化学制药,,2026-07-03,32.05,0.0481,480616668.0,6.6,1.14,24455484.0,0.018678666666666666,0.8333333333333334,62551740744.63,0.7238095238095215,0.2761904761904786,120,0.35,-0.019535205914710932,-0.027469576647495917,0.4740303913702273,-0.9275171757944966,-0.14829470569915906,2026-05-27,-0.1613204609156026,30.341902853612517,0.05329476275779968,32.05,32.30438684743742,0.148929964537109,31.953849999999996,32.14614999999999,False,win_rate_lt_55;avg_return_not_positive;profit_factor_lt_1_2;stop_risk_gt_expected_reward,5.520948605026302,False,0.0,,,观察,观察,-26.647767059274248,False,attack_checks_failed
002020.SZ,京新药业,化学制药,,2026-07-03,15.1,0.03,912273223.3,8.49,3.26,55854025.0,0.018678666666666666,0.8333333333333334,62551740744.63,0.6890756302521004,0.31092436974789966,120,0.325,-0.018382652038561324,-0.025376156016454574,0.4444235321621654,-0.9124218595540289,-0.12302284644194753,2026-03-16,-0.13205207687538745,14.446300551730372,0.04329135419004154,15.1,15.144796666666664,0.06852792485177267,15.0547,15.145299999999999,False,win_rate_lt_55;avg_return_not_positive;profit_factor_lt_1_2;stop_risk_gt_expected_reward,5.45947644817622,False,0.0,,,观察,观察,-24.37964413206583,False,attack_checks_failed
603486.SH,科沃斯,小家电,,2026-07-03,54.7,0.06709999999999999,650355977.0,2.11,1.93,36879387.0,0.027445000000000004,0.85,2805294857.19,0.7892376681614355,0.21076233183856447,120,0.35,-0.022031122396681847,-0.013628956784986688,0.2433574229208529,-0.9406856995646707,-0.13471204250295168,2026-05-22,-0.1402511961722488,53.054637471209276,0.030079753725607485,54.7,54.87133130330617,0.10412981960400772,54.535900000000005,54.86409999999999,False,win_rate_lt_55;avg_return_not_positive;profit_factor_lt_1_2;stop_risk_gt_expected_reward,5.3931121277052885,False,0.0,,,观察,观察,-25.798829406507195,False,attack_checks_failed
002517.SZ,恺英网络,游戏Ⅱ,,2026-07-03,16.94,0.0285,1447046856.77,4.6,0.94,-16997271.0,-0.008316666666666667,0.3333333333333333,11341364197.619999,0.771739130434785,0.2282608695652149,120,0.36666666666666664,-0.019490003659860786,-0.028123881583810715,0.4790411023565256,-0.939707743771771,-0.14213044982698966,2025-09-25,-0.17262330235882783,16.301802591795692,0.03767399103921542,16.94,17.031062112149534,0.1426864336628298,16.88918,16.99082,False,win_rate_lt_55;avg_return_not_positive;profit_factor_lt_1_2;stop_risk_gt_expected_reward,5.199829597415558,False,0.0,,,观察,观察,-26.311620772206663,False,attack_checks_failed
002402.SZ,和而泰,家电零部件Ⅱ,,2026-07-03,26.85,0.029500000000000002,1572046288.45,7.16,0.92,97333059.0,0.03828387096774194,0.7741935483870968,24094395447.51,0.5504587155963316,0.44954128440366836,120,0.35,-0.02565392234232345,-0.026102540460501342,0.35707957444695926,-0.970613374749357,-0.17717373167981956,2025-12-04,-0.2001127395715896,25.816905672459196,0.038476511267813984,26.85,27.014748846153847,0.1594712522969877,26.769450000000003,26.93055,False,win_rate_lt_55;avg_return_not_positive;profit_factor_lt_1_2;stop_risk_gt_expected_reward,4.493960554821886,False,0.0,,,观察,观察,-33.18346277148686,False,attack_checks_failed
688772.SH,珠海冠宇,电池,,2026-07-03,19.44,0.0452,1199688069.0,5.43,0.87,73214966.0,-0.0027957446808510636,0.4574468085106383,89503258817.39,0.6048780487804886,0.39512195121951144,120,0.30833333333333335,-0.015026460743545265,-0.02163630556713939,0.5300445376132427,-0.8977451758905184,-0.13751964097148897,2026-02-25,-0.1504751847940866,18.1764,0.065,19.44,19.449135079646016,0.007229407760380571,19.381680000000003,19.49832,False,win_rate_lt_55;avg_return_not_positive;profit_factor_lt_1_2;stop_risk_gt_expected_reward,4.345853262296666,False,0.0,,,观察,观察,-26.619940836075198,False,attack_checks_failed
600104.SH,上汽集团,乘用车,,2026-07-03,10.13,0.0253,741471587.0,0.64,1.13,37249096.0,0.0145375,0.875,12160536529.8,0.8620689655172439,0.1379310344827561,120,0.25833333333333336,-0.017025411480977724,-0.015426261943318507,0.2090152487642277,-0.886373809342389,-0.11462633788037771,2025-09-22,-0.12486883525708281,9.876750000000001,0.025,10.13,10.13,0.0,10.09961,10.16039,False,win_rate_lt_55;avg_return_not_positive;profit_factor_lt_1_2;stop_risk_gt_expected_reward,4.025431151642074,False,0.0,,,观察,观察,-24.21059812830707,False,attack_checks_failed
688169.SH,石头科技,小家电,,2026-07-03,99.55,0.044000000000000004,972536213.0,3.81,1.64,73747292.0,0.027445000000000004,0.85,2805294857.19,0.7637051039697539,0.23629489603024612,120,0.3,-0.02400342030181941,-0.019632019253245345,0.29234659573698923,-0.954949844752069,-0.19275245229459062,2026-05-22,-0.19145245229459062,96.17942376099145,0.03385812394785086,99.55,99.55,0.0,99.25135,99.84864999999999,False,win_rate_lt_55;avg_return_not_positive;profit_factor_lt_1_2;stop_risk_gt_expected_reward,3.817943309753069,False,0.0,,,观察,观察,-34.89451709830603,False,attack_checks_failed
300896.SZ,爱美客,医疗美容,,2026-07-03,91.94,0.0263,366406287.49,1.96,1.0,8282135.0,0.018066666666666665,1.0,506354700.69,0.7941176470588226,0.2058823529411774,120,0.31666666666666665,-0.02043333931863319,-0.022167569558037368,0.283344393052759,-0.9257726343495558,-0.15780277836393045,2026-03-16,-0.16009574767671075,88.98468877575203,0.03214391151020189,91.94,92.03082005680486,0.030731131144395483,91.66418,92.21582,False,win_rate_lt_55;avg_return_not_positive;profit_factor_lt_1_2;stop_risk_gt_expected_reward,3.643864969413398,False,0.0,,,观察,观察,-29.08337957070817,False,attack_checks_failed
689009.SH,九号公司-WD,摩托车及其他,,2026-07-03,39.45,0.024700000000000003,545390448.0,2.49,0.71,502756.0,0.017775,0.875,2821384893.46,0.8456790123456794,0.15432098765432056,120,0.26666666666666666,-0.019227728469609216,-0.02416936950888385,0.35133273726878417,-0.9164741475945796,-0.11555742574257435,2026-03-23,-0.11922184543994285,37.883272655263575,0.03971425461942779,39.45,39.45,0.0,39.33165,39.568349999999995,False,win_rate_lt_55;avg_return_not_positive;profit_factor_lt_1_2;stop_risk_gt_expected_reward,3.381720056760159,False,0.0,,,观察,观察,-24.578161660345152,False,attack_checks_failed
300539.SZ,横河精密,塑料,,2026-07-03,24.99,0.0616,605678134.06,11.27,2.3,91405526.0,0.00537638888888889,0.6111111111111112,35098515152.86,0.7706422018348623,0.22935779816513766,120,0.30833333333333335,-0.023579649475622317,-0.03603540736994002,0.45486272803252153,-0.9586776750169578,-0.17038517350157725,2026-05-20,-0.18066232998225895,23.8319761465932,0.04633948993224495,24.99,25.16539178787879,0.15145783686821684,24.915029999999998,25.064969999999995,False,win_rate_lt_55;avg_return_not_positive;profit_factor_lt_1_2;stop_risk_gt_expected_reward,3.370767493725131,False,0.0,,,观察,观察,-30.95494918473484,False,attack_checks_failed
601127.SH,赛力斯,乘用车,,2026-07-03,61.96,0.0262,2264440830.0,2.35,1.36,82422864.0,0.0145375,0.875,12160536529.8,0.6804979253112046,0.3195020746887955,120,0.25833333333333336,-0.021567091614258013,-0.025685041297286413,0.32712399113947,-0.9424344127497363,-0.13644919066501995,2025-11-04,-0.14209942025410138,59.95271302672105,0.03239649730921475,61.96,61.96,0.0,61.77412,62.14587999999999,False,win_rate_lt_55;avg_return_not_positive;profit_factor_lt_1_2;stop_risk_gt_expected_reward,3.238642111149705,False,0.0,,,观察,观察,-29.028917952712288,False,attack_checks_failed
